Price,Close,High,Low,Open,Volume,MA_20,MA_50,Volatility_20,Volatility_50
Ticker,CELLO.NS,CELLO.NS,CELLO.NS,CELLO.NS,CELLO.NS,,,,
Date,,,,,,,,,
2020-01-10,,,,,,,,,
2020-01-13,,,,,,,,,
2020-01-14,,,,,,,,,
2020-01-15,,,,,,,,,
2020-01-16,,,,,,,,,
2020-01-17,,,,,,,,,
2020-01-20,,,,,,,,,
2020-01-21,,,,,,,,,
2020-01-22,,,,,,,,,
2020-01-23,,,,,,,,,
2020-01-24,,,,,,,,,
2020-01-27,,,,,,,,,
2020-01-28,,,,,,,,,
2020-01-29,,,,,,,,,
2020-01-30,,,,,,,,,
2020-01-31,,,,,,,,,
2020-02-03,,,,,,,,,
2020-02-04,,,,,,,,,
2020-02-05,,,,,,,,,
2020-02-06,,,,,,,,,
2020-02-07,,,,,,,,,
2020-02-10,,,,,,,,,
2020-02-11,,,,,,,,,
2020-02-12,,,,,,,,,
2020-02-13,,,,,,,,,
2020-02-14,,,,,,,,,
2020-02-17,,,,,,,,,
2020-02-18,,,,,,,,,
2020-02-19,,,,,,,,,
2020-02-20,,,,,,,,,
2020-02-24,,,,,,,,,
2020-02-25,,,,,,,,,
2020-02-26,,,,,,,,,
2020-02-27,,,,,,,,,
2020-02-28,,,,,,,,,
2020-03-02,,,,,,,,,
2020-03-03,,,,,,,,,
2020-03-04,,,,,,,,,
2020-03-05,,,,,,,,,
2020-03-06,,,,,,,,,
2020-03-09,,,,,,,,,
2020-03-11,,,,,,,,,
2020-03-12,,,,,,,,,
2020-03-13,,,,,,,,,
2020-03-16,,,,,,,,,
2020-03-17,,,,,,,,,
2020-03-18,,,,,,,,,
2020-03-19,,,,,,,,,
2020-03-20,,,,,,,,,
2020-03-23,,,,,,,,,
2020-03-24,,,,,,,,,
2020-03-25,,,,,,,,,
2020-03-26,,,,,,,,,
2020-03-27,,,,,,,,,
2020-03-30,,,,,,,,,
2020-03-31,,,,,,,,,
2020-04-01,,,,,,,,,
2020-04-03,,,,,,,,,
2020-04-07,,,,,,,,,
2020-04-08,,,,,,,,,
2020-04-09,,,,,,,,,
2020-04-13,,,,,,,,,
2020-04-15,,,,,,,,,
2020-04-16,,,,,,,,,
2020-04-17,,,,,,,,,
2020-04-20,,,,,,,,,
2020-04-21,,,,,,,,,
2020-04-22,,,,,,,,,
2020-04-23,,,,,,,,,
2020-04-24,,,,,,,,,
2020-04-27,,,,,,,,,
2020-04-28,,,,,,,,,
2020-04-29,,,,,,,,,
2020-04-30,,,,,,,,,
2020-05-04,,,,,,,,,
2020-05-05,,,,,,,,,
2020-05-06,,,,,,,,,
2020-05-07,,,,,,,,,
2020-05-08,,,,,,,,,
2020-05-11,,,,,,,,,
2020-05-12,,,,,,,,,
2020-05-13,,,,,,,,,
2020-05-14,,,,,,,,,
2020-05-15,,,,,,,,,
2020-05-18,,,,,,,,,
2020-05-19,,,,,,,,,
2020-05-20,,,,,,,,,
2020-05-21,,,,,,,,,
2020-05-22,,,,,,,,,
2020-05-26,,,,,,,,,
2020-05-27,,,,,,,,,
2020-05-28,,,,,,,,,
2020-05-29,,,,,,,,,
2020-06-01,,,,,,,,,
2020-06-02,,,,,,,,,
2020-06-03,,,,,,,,,
2020-06-04,,,,,,,,,
2020-06-05,,,,,,,,,
2020-06-08,,,,,,,,,
2020-06-09,,,,,,,,,
2020-06-10,,,,,,,,,
2020-06-11,,,,,,,,,
2020-06-12,,,,,,,,,
2020-06-15,,,,,,,,,
2020-06-16,,,,,,,,,
2020-06-17,,,,,,,,,
2020-06-18,,,,,,,,,
2020-06-19,,,,,,,,,
2020-06-22,,,,,,,,,
2020-06-23,,,,,,,,,
2020-06-24,,,,,,,,,
2020-06-25,,,,,,,,,
2020-06-26,,,,,,,,,
2020-06-29,,,,,,,,,
2020-06-30,,,,,,,,,
2020-07-01,,,,,,,,,
2020-07-02,,,,,,,,,
2020-07-03,,,,,,,,,
2020-07-06,,,,,,,,,
2020-07-07,,,,,,,,,
2020-07-08,,,,,,,,,
2020-07-09,,,,,,,,,
2020-07-10,,,,,,,,,
2020-07-13,,,,,,,,,
2020-07-14,,,,,,,,,
2020-07-15,,,,,,,,,
2020-07-16,,,,,,,,,
2020-07-17,,,,,,,,,
2020-07-20,,,,,,,,,
2020-07-21,,,,,,,,,
2020-07-22,,,,,,,,,
2020-07-23,,,,,,,,,
2020-07-24,,,,,,,,,
2020-07-27,,,,,,,,,
2020-07-28,,,,,,,,,
2020-07-29,,,,,,,,,
2020-07-30,,,,,,,,,
2020-07-31,,,,,,,,,
2020-08-03,,,,,,,,,
2020-08-04,,,,,,,,,
2020-08-05,,,,,,,,,
2020-08-06,,,,,,,,,
2020-08-07,,,,,,,,,
2020-08-10,,,,,,,,,
2020-08-11,,,,,,,,,
2020-08-12,,,,,,,,,
2020-08-13,,,,,,,,,
2020-08-14,,,,,,,,,
2020-08-17,,,,,,,,,
2020-08-18,,,,,,,,,
2020-08-19,,,,,,,,,
2020-08-20,,,,,,,,,
2020-08-21,,,,,,,,,
2020-08-24,,,,,,,,,
2020-08-25,,,,,,,,,
2020-08-26,,,,,,,,,
2020-08-27,,,,,,,,,
2020-08-28,,,,,,,,,
2020-08-31,,,,,,,,,
2020-09-01,,,,,,,,,
2020-09-02,,,,,,,,,
2020-09-03,,,,,,,,,
2020-09-04,,,,,,,,,
2020-09-07,,,,,,,,,
2020-09-08,,,,,,,,,
2020-09-09,,,,,,,,,
2020-09-10,,,,,,,,,
2020-09-11,,,,,,,,,
2020-09-14,,,,,,,,,
2020-09-15,,,,,,,,,
2020-09-16,,,,,,,,,
2020-09-17,,,,,,,,,
2020-09-18,,,,,,,,,
2020-09-21,,,,,,,,,
2020-09-22,,,,,,,,,
2020-09-23,,,,,,,,,
2020-09-24,,,,,,,,,
2020-09-25,,,,,,,,,
2020-09-28,,,,,,,,,
2020-09-29,,,,,,,,,
2020-09-30,,,,,,,,,
2020-10-01,,,,,,,,,
2020-10-05,,,,,,,,,
2020-10-06,,,,,,,,,
2020-10-07,,,,,,,,,
2020-10-08,,,,,,,,,
2020-10-09,,,,,,,,,
2020-10-12,,,,,,,,,
2020-10-13,,,,,,,,,
2020-10-14,,,,,,,,,
2020-10-15,,,,,,,,,
2020-10-16,,,,,,,,,
2020-10-19,,,,,,,,,
2020-10-20,,,,,,,,,
2020-10-21,,,,,,,,,
2020-10-22,,,,,,,,,
2020-10-23,,,,,,,,,
2020-10-26,,,,,,,,,
2020-10-27,,,,,,,,,
2020-10-28,,,,,,,,,
2020-10-29,,,,,,,,,
2020-10-30,,,,,,,,,
2020-11-02,,,,,,,,,
2020-11-03,,,,,,,,,
2020-11-04,,,,,,,,,
2020-11-05,,,,,,,,,
2020-11-06,,,,,,,,,
2020-11-09,,,,,,,,,
2020-11-10,,,,,,,,,
2020-11-11,,,,,,,,,
2020-11-12,,,,,,,,,
2020-11-13,,,,,,,,,
2020-11-14,,,,,,,,,
2020-11-17,,,,,,,,,
2020-11-18,,,,,,,,,
2020-11-19,,,,,,,,,
2020-11-20,,,,,,,,,
2020-11-23,,,,,,,,,
2020-11-24,,,,,,,,,
2020-11-25,,,,,,,,,
2020-11-26,,,,,,,,,
2020-11-27,,,,,,,,,
2020-12-01,,,,,,,,,
2020-12-02,,,,,,,,,
2020-12-03,,,,,,,,,
2020-12-04,,,,,,,,,
2020-12-07,,,,,,,,,
2020-12-08,,,,,,,,,
2020-12-09,,,,,,,,,
2020-12-10,,,,,,,,,
2020-12-11,,,,,,,,,
2020-12-14,,,,,,,,,
2020-12-15,,,,,,,,,
2020-12-16,,,,,,,,,
2020-12-17,,,,,,,,,
2020-12-18,,,,,,,,,
2020-12-21,,,,,,,,,
2020-12-22,,,,,,,,,
2020-12-23,,,,,,,,,
2020-12-24,,,,,,,,,
2020-12-28,,,,,,,,,
2020-12-29,,,,,,,,,
2020-12-30,,,,,,,,,
2020-12-31,,,,,,,,,
2021-01-01,,,,,,,,,
2021-01-04,,,,,,,,,
2021-01-05,,,,,,,,,
2021-01-06,,,,,,,,,
2021-01-07,,,,,,,,,
2021-01-08,,,,,,,,,
2021-01-11,,,,,,,,,
2021-01-12,,,,,,,,,
2021-01-13,,,,,,,,,
2021-01-14,,,,,,,,,
2021-01-15,,,,,,,,,
2021-01-18,,,,,,,,,
2021-01-19,,,,,,,,,
2021-01-20,,,,,,,,,
2021-01-21,,,,,,,,,
2021-01-22,,,,,,,,,
2021-01-25,,,,,,,,,
2021-01-27,,,,,,,,,
2021-01-28,,,,,,,,,
2021-01-29,,,,,,,,,
2021-02-01,,,,,,,,,
2021-02-02,,,,,,,,,
2021-02-03,,,,,,,,,
2021-02-04,,,,,,,,,
2021-02-05,,,,,,,,,
2021-02-08,,,,,,,,,
2021-02-09,,,,,,,,,
2021-02-10,,,,,,,,,
2021-02-11,,,,,,,,,
2021-02-12,,,,,,,,,
2021-02-15,,,,,,,,,
2021-02-16,,,,,,,,,
2021-02-17,,,,,,,,,
2021-02-18,,,,,,,,,
2021-02-19,,,,,,,,,
2021-02-22,,,,,,,,,
2021-02-23,,,,,,,,,
2021-02-24,,,,,,,,,
2021-02-25,,,,,,,,,
2021-02-26,,,,,,,,,
2021-03-01,,,,,,,,,
2021-03-02,,,,,,,,,
2021-03-03,,,,,,,,,
2021-03-04,,,,,,,,,
2021-03-05,,,,,,,,,
2021-03-08,,,,,,,,,
2021-03-09,,,,,,,,,
2021-03-10,,,,,,,,,
2021-03-12,,,,,,,,,
2021-03-15,,,,,,,,,
2021-03-16,,,,,,,,,
2021-03-17,,,,,,,,,
2021-03-18,,,,,,,,,
2021-03-19,,,,,,,,,
2021-03-22,,,,,,,,,
2021-03-23,,,,,,,,,
2021-03-24,,,,,,,,,
2021-03-25,,,,,,,,,
2021-03-26,,,,,,,,,
2021-03-30,,,,,,,,,
2021-03-31,,,,,,,,,
2021-04-01,,,,,,,,,
2021-04-05,,,,,,,,,
2021-04-06,,,,,,,,,
2021-04-07,,,,,,,,,
2021-04-08,,,,,,,,,
2021-04-09,,,,,,,,,
2021-04-12,,,,,,,,,
2021-04-13,,,,,,,,,
2021-04-15,,,,,,,,,
2021-04-16,,,,,,,,,
2021-04-19,,,,,,,,,
2021-04-20,,,,,,,,,
2021-04-22,,,,,,,,,
2021-04-23,,,,,,,,,
2021-04-26,,,,,,,,,
2021-04-27,,,,,,,,,
2021-04-28,,,,,,,,,
2021-04-29,,,,,,,,,
2021-04-30,,,,,,,,,
2021-05-03,,,,,,,,,
2021-05-04,,,,,,,,,
2021-05-05,,,,,,,,,
2021-05-06,,,,,,,,,
2021-05-07,,,,,,,,,
2021-05-10,,,,,,,,,
2021-05-11,,,,,,,,,
2021-05-12,,,,,,,,,
2021-05-14,,,,,,,,,
2021-05-17,,,,,,,,,
2021-05-18,,,,,,,,,
2021-05-19,,,,,,,,,
2021-05-20,,,,,,,,,
2021-05-21,,,,,,,,,
2021-05-24,,,,,,,,,
2021-05-25,,,,,,,,,
2021-05-26,,,,,,,,,
2021-05-27,,,,,,,,,
2021-05-28,,,,,,,,,
2021-05-31,,,,,,,,,
2021-06-01,,,,,,,,,
2021-06-02,,,,,,,,,
2021-06-03,,,,,,,,,
2021-06-04,,,,,,,,,
2021-06-07,,,,,,,,,
2021-06-08,,,,,,,,,
2021-06-09,,,,,,,,,
2021-06-10,,,,,,,,,
2021-06-11,,,,,,,,,
2021-06-14,,,,,,,,,
2021-06-15,,,,,,,,,
2021-06-16,,,,,,,,,
2021-06-17,,,,,,,,,
2021-06-18,,,,,,,,,
2021-06-21,,,,,,,,,
2021-06-22,,,,,,,,,
2021-06-23,,,,,,,,,
2021-06-24,,,,,,,,,
2021-06-25,,,,,,,,,
2021-06-28,,,,,,,,,
2021-06-29,,,,,,,,,
2021-06-30,,,,,,,,,
2021-07-01,,,,,,,,,
2021-07-02,,,,,,,,,
2021-07-05,,,,,,,,,
2021-07-06,,,,,,,,,
2021-07-07,,,,,,,,,
2021-07-08,,,,,,,,,
2021-07-09,,,,,,,,,
2021-07-12,,,,,,,,,
2021-07-13,,,,,,,,,
2021-07-14,,,,,,,,,
2021-07-15,,,,,,,,,
2021-07-16,,,,,,,,,
2021-07-19,,,,,,,,,
2021-07-20,,,,,,,,,
2021-07-22,,,,,,,,,
2021-07-23,,,,,,,,,
2021-07-26,,,,,,,,,
2021-07-27,,,,,,,,,
2021-07-28,,,,,,,,,
2021-07-29,,,,,,,,,
2021-07-30,,,,,,,,,
2021-08-02,,,,,,,,,
2021-08-03,,,,,,,,,
2021-08-04,,,,,,,,,
2021-08-05,,,,,,,,,
2021-08-06,,,,,,,,,
2021-08-09,,,,,,,,,
2021-08-10,,,,,,,,,
2021-08-11,,,,,,,,,
2021-08-12,,,,,,,,,
2021-08-13,,,,,,,,,
2021-08-16,,,,,,,,,
2021-08-17,,,,,,,,,
2021-08-18,,,,,,,,,
2021-08-20,,,,,,,,,
2021-08-23,,,,,,,,,
2021-08-24,,,,,,,,,
2021-08-25,,,,,,,,,
2021-08-26,,,,,,,,,
2021-08-27,,,,,,,,,
2021-08-30,,,,,,,,,
2021-08-31,,,,,,,,,
2021-09-01,,,,,,,,,
2021-09-02,,,,,,,,,
2021-09-03,,,,,,,,,
2021-09-06,,,,,,,,,
2021-09-07,,,,,,,,,
2021-09-08,,,,,,,,,
2021-09-09,,,,,,,,,
2021-09-13,,,,,,,,,
2021-09-14,,,,,,,,,
2021-09-15,,,,,,,,,
2021-09-16,,,,,,,,,
2021-09-17,,,,,,,,,
2021-09-20,,,,,,,,,
2021-09-21,,,,,,,,,
2021-09-22,,,,,,,,,
2021-09-23,,,,,,,,,
2021-09-24,,,,,,,,,
2021-09-27,,,,,,,,,
2021-09-28,,,,,,,,,
2021-09-29,,,,,,,,,
2021-09-30,,,,,,,,,
2021-10-01,,,,,,,,,
2021-10-04,,,,,,,,,
2021-10-05,,,,,,,,,
2021-10-06,,,,,,,,,
2021-10-07,,,,,,,,,
2021-10-08,,,,,,,,,
2021-10-11,,,,,,,,,
2021-10-12,,,,,,,,,
2021-10-13,,,,,,,,,
2021-10-14,,,,,,,,,
2021-10-18,,,,,,,,,
2021-10-19,,,,,,,,,
2021-10-20,,,,,,,,,
2021-10-21,,,,,,,,,
2021-10-22,,,,,,,,,
2021-10-25,,,,,,,,,
2021-10-26,,,,,,,,,
2021-10-27,,,,,,,,,
2021-10-28,,,,,,,,,
2021-10-29,,,,,,,,,
2021-11-01,,,,,,,,,
2021-11-02,,,,,,,,,
2021-11-03,,,,,,,,,
2021-11-04,,,,,,,,,
2021-11-08,,,,,,,,,
2021-11-09,,,,,,,,,
2021-11-10,,,,,,,,,
2021-11-11,,,,,,,,,
2021-11-12,,,,,,,,,
2021-11-15,,,,,,,,,
2021-11-16,,,,,,,,,
2021-11-17,,,,,,,,,
2021-11-18,,,,,,,,,
2021-11-22,,,,,,,,,
2021-11-23,,,,,,,,,
2021-11-24,,,,,,,,,
2021-11-25,,,,,,,,,
2021-11-26,,,,,,,,,
2021-11-29,,,,,,,,,
2021-11-30,,,,,,,,,
2021-12-01,,,,,,,,,
2021-12-02,,,,,,,,,
2021-12-03,,,,,,,,,
2021-12-06,,,,,,,,,
2021-12-07,,,,,,,,,
2021-12-08,,,,,,,,,
2021-12-09,,,,,,,,,
2021-12-10,,,,,,,,,
2021-12-13,,,,,,,,,
2021-12-14,,,,,,,,,
2021-12-15,,,,,,,,,
2021-12-16,,,,,,,,,
2021-12-17,,,,,,,,,
2021-12-20,,,,,,,,,
2021-12-21,,,,,,,,,
2021-12-22,,,,,,,,,
2021-12-23,,,,,,,,,
2021-12-24,,,,,,,,,
2021-12-27,,,,,,,,,
2021-12-28,,,,,,,,,
2021-12-29,,,,,,,,,
2021-12-30,,,,,,,,,
2021-12-31,,,,,,,,,
2022-01-03,,,,,,,,,
2022-01-04,,,,,,,,,
2022-01-05,,,,,,,,,
2022-01-06,,,,,,,,,
2022-01-07,,,,,,,,,
2022-01-10,,,,,,,,,
2022-01-11,,,,,,,,,
2022-01-12,,,,,,,,,
2022-01-13,,,,,,,,,
2022-01-14,,,,,,,,,
2022-01-17,,,,,,,,,
2022-01-18,,,,,,,,,
2022-01-19,,,,,,,,,
2022-01-20,,,,,,,,,
2022-01-21,,,,,,,,,
2022-01-24,,,,,,,,,
2022-01-25,,,,,,,,,
2022-01-27,,,,,,,,,
2022-01-28,,,,,,,,,
2022-01-31,,,,,,,,,
2022-02-01,,,,,,,,,
2022-02-02,,,,,,,,,
2022-02-03,,,,,,,,,
2022-02-04,,,,,,,,,
2022-02-07,,,,,,,,,
2022-02-08,,,,,,,,,
2022-02-09,,,,,,,,,
2022-02-10,,,,,,,,,
2022-02-11,,,,,,,,,
2022-02-14,,,,,,,,,
2022-02-15,,,,,,,,,
2022-02-16,,,,,,,,,
2022-02-17,,,,,,,,,
2022-02-18,,,,,,,,,
2022-02-21,,,,,,,,,
2022-02-22,,,,,,,,,
2022-02-23,,,,,,,,,
2022-02-24,,,,,,,,,
2022-02-25,,,,,,,,,
2022-02-28,,,,,,,,,
2022-03-02,,,,,,,,,
2022-03-03,,,,,,,,,
2022-03-04,,,,,,,,,
2022-03-07,,,,,,,,,
2022-03-08,,,,,,,,,
2022-03-09,,,,,,,,,
2022-03-10,,,,,,,,,
2022-03-11,,,,,,,,,
2022-03-14,,,,,,,,,
2022-03-15,,,,,,,,,
2022-03-16,,,,,,,,,
2022-03-17,,,,,,,,,
2022-03-21,,,,,,,,,
2022-03-22,,,,,,,,,
2022-03-23,,,,,,,,,
2022-03-24,,,,,,,,,
2022-03-25,,,,,,,,,
2022-03-28,,,,,,,,,
2022-03-29,,,,,,,,,
2022-03-30,,,,,,,,,
2022-03-31,,,,,,,,,
2022-04-01,,,,,,,,,
2022-04-04,,,,,,,,,
2022-04-05,,,,,,,,,
2022-04-06,,,,,,,,,
2022-04-07,,,,,,,,,
2022-04-08,,,,,,,,,
2022-04-11,,,,,,,,,
2022-04-12,,,,,,,,,
2022-04-13,,,,,,,,,
2022-04-18,,,,,,,,,
2022-04-19,,,,,,,,,
2022-04-20,,,,,,,,,
2022-04-21,,,,,,,,,
2022-04-22,,,,,,,,,
2022-04-25,,,,,,,,,
2022-04-26,,,,,,,,,
2022-04-27,,,,,,,,,
2022-04-28,,,,,,,,,
2022-04-29,,,,,,,,,
2022-05-02,,,,,,,,,
2022-05-04,,,,,,,,,
2022-05-05,,,,,,,,,
2022-05-06,,,,,,,,,
2022-05-09,,,,,,,,,
2022-05-10,,,,,,,,,
2022-05-11,,,,,,,,,
2022-05-12,,,,,,,,,
2022-05-13,,,,,,,,,
2022-05-16,,,,,,,,,
2022-05-17,,,,,,,,,
2022-05-18,,,,,,,,,
2022-05-19,,,,,,,,,
2022-05-20,,,,,,,,,
2022-05-23,,,,,,,,,
2022-05-24,,,,,,,,,
2022-05-25,,,,,,,,,
2022-05-26,,,,,,,,,
2022-05-27,,,,,,,,,
2022-05-30,,,,,,,,,
2022-05-31,,,,,,,,,
2022-06-01,,,,,,,,,
2022-06-02,,,,,,,,,
2022-06-03,,,,,,,,,
2022-06-06,,,,,,,,,
2022-06-07,,,,,,,,,
2022-06-08,,,,,,,,,
2022-06-09,,,,,,,,,
2022-06-10,,,,,,,,,
2022-06-13,,,,,,,,,
2022-06-14,,,,,,,,,
2022-06-15,,,,,,,,,
2022-06-16,,,,,,,,,
2022-06-17,,,,,,,,,
2022-06-20,,,,,,,,,
2022-06-21,,,,,,,,,
2022-06-22,,,,,,,,,
2022-06-23,,,,,,,,,
2022-06-24,,,,,,,,,
2022-06-27,,,,,,,,,
2022-06-28,,,,,,,,,
2022-06-29,,,,,,,,,
2022-06-30,,,,,,,,,
2022-07-01,,,,,,,,,
2022-07-04,,,,,,,,,
2022-07-05,,,,,,,,,
2022-07-06,,,,,,,,,
2022-07-07,,,,,,,,,
2022-07-08,,,,,,,,,
2022-07-11,,,,,,,,,
2022-07-12,,,,,,,,,
2022-07-13,,,,,,,,,
2022-07-14,,,,,,,,,
2022-07-15,,,,,,,,,
2022-07-18,,,,,,,,,
2022-07-19,,,,,,,,,
2022-07-20,,,,,,,,,
2022-07-21,,,,,,,,,
2022-07-22,,,,,,,,,
2022-07-25,,,,,,,,,
2022-07-26,,,,,,,,,
2022-07-27,,,,,,,,,
2022-07-28,,,,,,,,,
2022-07-29,,,,,,,,,
2022-08-01,,,,,,,,,
2022-08-02,,,,,,,,,
2022-08-03,,,,,,,,,
2022-08-04,,,,,,,,,
2022-08-05,,,,,,,,,
2022-08-08,,,,,,,,,
2022-08-10,,,,,,,,,
2022-08-11,,,,,,,,,
2022-08-12,,,,,,,,,
2022-08-16,,,,,,,,,
2022-08-17,,,,,,,,,
2022-08-18,,,,,,,,,
2022-08-19,,,,,,,,,
2022-08-22,,,,,,,,,
2022-08-23,,,,,,,,,
2022-08-24,,,,,,,,,
2022-08-25,,,,,,,,,
2022-08-26,,,,,,,,,
2022-08-29,,,,,,,,,
2022-08-30,,,,,,,,,
2022-09-01,,,,,,,,,
2022-09-02,,,,,,,,,
2022-09-05,,,,,,,,,
2022-09-06,,,,,,,,,
2022-09-07,,,,,,,,,
2022-09-08,,,,,,,,,
2022-09-09,,,,,,,,,
2022-09-12,,,,,,,,,
2022-09-13,,,,,,,,,
2022-09-14,,,,,,,,,
2022-09-15,,,,,,,,,
2022-09-16,,,,,,,,,
2022-09-19,,,,,,,,,
2022-09-20,,,,,,,,,
2022-09-21,,,,,,,,,
2022-09-22,,,,,,,,,
2022-09-23,,,,,,,,,
2022-09-26,,,,,,,,,
2022-09-27,,,,,,,,,
2022-09-28,,,,,,,,,
2022-09-29,,,,,,,,,
2022-09-30,,,,,,,,,
2022-10-03,,,,,,,,,
2022-10-04,,,,,,,,,
2022-10-06,,,,,,,,,
2022-10-07,,,,,,,,,
2022-10-10,,,,,,,,,
2022-10-11,,,,,,,,,
2022-10-12,,,,,,,,,
2022-10-13,,,,,,,,,
2022-10-14,,,,,,,,,
2022-10-17,,,,,,,,,
2022-10-18,,,,,,,,,
2022-10-19,,,,,,,,,
2022-10-20,,,,,,,,,
2022-10-21,,,,,,,,,
2022-10-24,,,,,,,,,
2022-10-25,,,,,,,,,
2022-10-27,,,,,,,,,
2022-10-28,,,,,,,,,
2022-10-31,,,,,,,,,
2022-11-01,,,,,,,,,
2022-11-02,,,,,,,,,
2022-11-03,,,,,,,,,
2022-11-04,,,,,,,,,
2022-11-07,,,,,,,,,
2022-11-09,,,,,,,,,
2022-11-10,,,,,,,,,
2022-11-11,,,,,,,,,
2022-11-14,,,,,,,,,
2022-11-15,,,,,,,,,
2022-11-16,,,,,,,,,
2022-11-17,,,,,,,,,
2022-11-18,,,,,,,,,
2022-11-21,,,,,,,,,
2022-11-22,,,,,,,,,
2022-11-23,,,,,,,,,
2022-11-24,,,,,,,,,
2022-11-25,,,,,,,,,
2022-11-28,,,,,,,,,
2022-11-29,,,,,,,,,
2022-11-30,,,,,,,,,
2022-12-01,,,,,,,,,
2022-12-02,,,,,,,,,
2022-12-05,,,,,,,,,
2022-12-06,,,,,,,,,
2022-12-07,,,,,,,,,
2022-12-08,,,,,,,,,
2022-12-09,,,,,,,,,
2022-12-12,,,,,,,,,
2022-12-13,,,,,,,,,
2022-12-14,,,,,,,,,
2022-12-15,,,,,,,,,
2022-12-16,,,,,,,,,
2022-12-19,,,,,,,,,
2022-12-20,,,,,,,,,
2022-12-21,,,,,,,,,
2022-12-22,,,,,,,,,
2022-12-23,,,,,,,,,
2022-12-26,,,,,,,,,
2022-12-27,,,,,,,,,
2022-12-28,,,,,,,,,
2022-12-29,,,,,,,,,
2022-12-30,,,,,,,,,
2023-01-02,,,,,,,,,
2023-01-03,,,,,,,,,
2023-01-04,,,,,,,,,
2023-01-05,,,,,,,,,
2023-01-06,,,,,,,,,
2023-01-09,,,,,,,,,
2023-01-10,,,,,,,,,
2023-01-11,,,,,,,,,
2023-01-12,,,,,,,,,
2023-01-13,,,,,,,,,
2023-01-16,,,,,,,,,
2023-01-17,,,,,,,,,
2023-01-18,,,,,,,,,
2023-01-19,,,,,,,,,
2023-01-20,,,,,,,,,
2023-01-23,,,,,,,,,
2023-01-24,,,,,,,,,
2023-01-25,,,,,,,,,
2023-01-27,,,,,,,,,
2023-01-30,,,,,,,,,
2023-01-31,,,,,,,,,
2023-02-01,,,,,,,,,
2023-02-02,,,,,,,,,
2023-02-03,,,,,,,,,
2023-02-06,,,,,,,,,
2023-02-07,,,,,,,,,
2023-02-08,,,,,,,,,
2023-02-09,,,,,,,,,
2023-02-10,,,,,,,,,
2023-02-13,,,,,,,,,
2023-02-14,,,,,,,,,
2023-02-15,,,,,,,,,
2023-02-16,,,,,,,,,
2023-02-17,,,,,,,,,
2023-02-20,,,,,,,,,
2023-02-21,,,,,,,,,
2023-02-22,,,,,,,,,
2023-02-23,,,,,,,,,
2023-02-24,,,,,,,,,
2023-02-27,,,,,,,,,
2023-02-28,,,,,,,,,
2023-03-01,,,,,,,,,
2023-03-02,,,,,,,,,
2023-03-03,,,,,,,,,
2023-03-06,,,,,,,,,
2023-03-08,,,,,,,,,
2023-03-09,,,,,,,,,
2023-03-10,,,,,,,,,
2023-03-13,,,,,,,,,
2023-03-14,,,,,,,,,
2023-03-15,,,,,,,,,
2023-03-16,,,,,,,,,
2023-03-17,,,,,,,,,
2023-03-20,,,,,,,,,
2023-03-21,,,,,,,,,
2023-03-22,,,,,,,,,
2023-03-23,,,,,,,,,
2023-03-24,,,,,,,,,
2023-03-27,,,,,,,,,
2023-03-28,,,,,,,,,
2023-03-29,,,,,,,,,
2023-03-31,,,,,,,,,
2023-04-03,,,,,,,,,
2023-04-05,,,,,,,,,
2023-04-06,,,,,,,,,
2023-04-10,,,,,,,,,
2023-04-11,,,,,,,,,
2023-04-12,,,,,,,,,
2023-04-13,,,,,,,,,
2023-04-17,,,,,,,,,
2023-04-18,,,,,,,,,
2023-04-19,,,,,,,,,
2023-04-20,,,,,,,,,
2023-04-21,,,,,,,,,
2023-04-24,,,,,,,,,
2023-04-25,,,,,,,,,
2023-04-26,,,,,,,,,
2023-04-27,,,,,,,,,
2023-04-28,,,,,,,,,
2023-05-02,,,,,,,,,
2023-05-03,,,,,,,,,
2023-05-04,,,,,,,,,
2023-05-05,,,,,,,,,
2023-05-08,,,,,,,,,
2023-05-09,,,,,,,,,
2023-05-10,,,,,,,,,
2023-05-11,,,,,,,,,
2023-05-12,,,,,,,,,
2023-05-15,,,,,,,,,
2023-05-16,,,,,,,,,
2023-05-17,,,,,,,,,
2023-05-18,,,,,,,,,
2023-05-19,,,,,,,,,
2023-05-22,,,,,,,,,
2023-05-23,,,,,,,,,
2023-05-24,,,,,,,,,
2023-05-25,,,,,,,,,
2023-05-26,,,,,,,,,
2023-05-29,,,,,,,,,
2023-05-30,,,,,,,,,
2023-05-31,,,,,,,,,
2023-06-01,,,,,,,,,
2023-06-02,,,,,,,,,
2023-06-05,,,,,,,,,
2023-06-06,,,,,,,,,
2023-06-07,,,,,,,,,
2023-06-08,,,,,,,,,
2023-06-09,,,,,,,,,
2023-06-12,,,,,,,,,
2023-06-13,,,,,,,,,
2023-06-14,,,,,,,,,
2023-06-15,,,,,,,,,
2023-06-16,,,,,,,,,
2023-06-19,,,,,,,,,
2023-06-20,,,,,,,,,
2023-06-21,,,,,,,,,
2023-06-22,,,,,,,,,
2023-06-23,,,,,,,,,
2023-06-26,,,,,,,,,
2023-06-27,,,,,,,,,
2023-06-28,,,,,,,,,
2023-06-30,,,,,,,,,
2023-07-03,,,,,,,,,
2023-07-04,,,,,,,,,
2023-07-05,,,,,,,,,
2023-07-06,,,,,,,,,
2023-07-07,,,,,,,,,
2023-07-10,,,,,,,,,
2023-07-11,,,,,,,,,
2023-07-12,,,,,,,,,
2023-07-13,,,,,,,,,
2023-07-14,,,,,,,,,
2023-07-17,,,,,,,,,
2023-07-18,,,,,,,,,
2023-07-19,,,,,,,,,
2023-07-20,,,,,,,,,
2023-07-21,,,,,,,,,
2023-07-24,,,,,,,,,
2023-07-25,,,,,,,,,
2023-07-26,,,,,,,,,
2023-07-27,,,,,,,,,
2023-07-28,,,,,,,,,
2023-07-31,,,,,,,,,
2023-08-01,,,,,,,,,
2023-08-02,,,,,,,,,
2023-08-03,,,,,,,,,
2023-08-04,,,,,,,,,
2023-08-07,,,,,,,,,
2023-08-08,,,,,,,,,
2023-08-09,,,,,,,,,
2023-08-10,,,,,,,,,
2023-08-11,,,,,,,,,
2023-08-14,,,,,,,,,
2023-08-16,,,,,,,,,
2023-08-17,,,,,,,,,
2023-08-18,,,,,,,,,
2023-08-21,,,,,,,,,
2023-08-22,,,,,,,,,
2023-08-23,,,,,,,,,
2023-08-24,,,,,,,,,
2023-08-25,,,,,,,,,
2023-08-28,,,,,,,,,
2023-08-29,,,,,,,,,
2023-08-30,,,,,,,,,
2023-08-31,,,,,,,,,
2023-09-01,,,,,,,,,
2023-09-04,,,,,,,,,
2023-09-05,,,,,,,,,
2023-09-06,,,,,,,,,
2023-09-07,,,,,,,,,
2023-09-08,,,,,,,,,
2023-09-11,,,,,,,,,
2023-09-12,,,,,,,,,
2023-09-13,,,,,,,,,
2023-09-14,,,,,,,,,
2023-09-15,,,,,,,,,
2023-09-18,,,,,,,,,
2023-09-20,,,,,,,,,
2023-09-21,,,,,,,,,
2023-09-22,,,,,,,,,
2023-09-25,,,,,,,,,
2023-09-26,,,,,,,,,
2023-09-27,,,,,,,,,
2023-09-28,,,,,,,,,
2023-09-29,,,,,,,,,
2023-10-03,,,,,,,,,
2023-10-04,,,,,,,,,
2023-10-05,,,,,,,,,
2023-10-06,,,,,,,,,
2023-10-09,,,,,,,,,
2023-10-10,,,,,,,,,
2023-10-11,,,,,,,,,
2023-10-12,,,,,,,,,
2023-10-13,,,,,,,,,
2023-10-16,,,,,,,,,
2023-10-17,,,,,,,,,
2023-10-18,,,,,,,,,
2023-10-19,,,,,,,,,
2023-10-20,,,,,,,,,
2023-10-23,,,,,,,,,
2023-10-25,,,,,,,,,
2023-10-26,,,,,,,,,
2023-10-27,,,,,,,,,
2023-10-30,,,,,,,,,
2023-10-31,,,,,,,,,
2023-11-01,,,,,,,,,
2023-11-02,,,,,,,,,
2023-11-03,,,,,,,,,
2023-11-06,790.4293212890625,836.0559842608188,780.7448777535301,827.669442017489,17947726.0,,,,
2023-11-07,797.8673706054688,814.2909192347958,770.7609225927755,790.0299334701562,4204640.0,,,,
2023-11-08,799.3649291992188,811.3955759802853,790.8286037539709,802.559744241932,933907.0,,,,
2023-11-09,783.9397583007812,803.3085845436084,776.7513021856602,801.7111769345568,631244.0,,,,
2023-11-10,788.3326416015625,797.4180723639612,779.8462843817047,783.7400491280459,1114462.0,,,,
2023-11-13,784.5886840820312,794.6725101148766,780.9445789049987,793.6741151177945,373643.0,,,,
2023-11-15,786.1861572265625,797.6177921972868,778.9977010181931,788.7320522965364,774158.0,,,,
2023-11-16,789.5806274414062,796.7191757594917,781.693343842694,788.6322009819226,746640.0,,,,
2023-11-17,783.9397583007812,794.6225968807478,780.2456846505057,787.2843571422557,563132.0,,,,
2023-11-20,784.788330078125,796.7191617936766,781.9429288751669,784.638607399501,609852.0,,,,
2023-11-21,783.83984375,793.5242868644683,782.7416336898525,788.7320033354381,299524.0,,,,
2023-11-22,769.3631591796875,790.4293301476638,766.8671716908652,783.8898551143885,466979.0,,,,
2023-11-23,774.604736328125,787.5838713273375,765.9187485784079,768.6643348282413,351451.0,,,,
2023-11-24,779.8463134765625,783.5902947426525,774.1055422018912,778.5983197211992,262392.0,,,,
2023-11-28,819.2828979492188,826.321631322889,771.060432500472,783.5403697769175,2567328.0,,,,
2023-11-29,817.6355590820312,827.5696010534629,805.155622167467,820.6806515017465,1052971.0,,,,
2023-11-30,803.4583740234375,823.6259651549875,800.7127877810461,817.5856876091655,535170.0,,,,
2023-12-01,794.3729858398438,823.5760388441173,788.7320298590128,806.6532318388175,816026.0,,,,
2023-12-04,789.8302612304688,801.611370996712,783.4904773464743,799.7143961191794,372333.0,,,,
2023-12-05,788.7819213867188,802.6596356251241,784.6386188890596,792.6756860830172,284190.0,790.5016815185547,,12.394948300934942,
2023-12-06,808.60009765625,820.88034340357,773.7560893851885,789.730408649915,1489364.0,791.4102203369141,,13.038604016484863,
2023-12-07,809.2490234375,822.9270465904084,801.2119561890237,809.5984982361596,624841.0,791.9793029785156,,13.572708112599264,
2023-12-08,812.094482421875,818.5340811449553,791.0283122662579,815.6886798923008,356149.0,792.6157806396484,,14.220297942305315,
2023-12-11,786.885009765625,816.0880622590329,778.7979740512891,815.7385874617537,611130.0,792.7630432128906,,14.140749707786835,
2023-12-12,783.2408447265625,794.5726031275256,780.1458447309457,788.7320169967933,273718.0,792.5084533691406,,14.269958745692875,
2023-12-13,790.8786010742188,795.7207923112733,776.8511029744349,783.8398677751612,261339.0,792.82294921875,,14.155077663669045,
2023-12-14,783.7400512695312,796.7191858765426,781.9429525113837,796.7191858765426,239820.0,792.7006439208984,,14.225831036896547,
2023-12-15,790.1796875,794.622557170717,779.3470658380058,784.43891659464,298580.0,792.7305969238281,,14.219545258685551,
2023-12-18,798.5162963867188,801.2119750322098,784.0894766737779,788.9816364725281,274429.0,793.459423828125,,14.118456717067057,
2023-12-19,786.3358764648438,806.6532512471813,784.938160029223,798.7159988214541,138489.0,793.5368011474609,,14.072599162513788,
2023-12-20,761.1763305664062,793.7239814038118,758.7801583231408,792.7255864586497,258476.0,792.4036254882812,,15.711561664072155,
2023-12-21,773.8558959960938,778.6482404725668,747.3485224451122,753.7881820153303,225567.0,792.6282623291015,,15.393703729887914,
2023-12-22,767.9653930664062,783.2408233223485,761.5257335744058,773.7560714784196,262414.0,792.2962951660156,,15.867148722010052,
2023-12-26,764.2713623046875,779.5967009753709,761.5257760913134,779.5967009753709,218564.0,791.5175476074219,,16.861397247114876,
2023-12-27,777.4002685546875,778.6981698295666,764.8204553575991,768.7142201194298,248384.0,789.4234161376953,,15.798905327460869,
2023-12-28,793.2247924804688,795.6209647495597,781.793158047717,786.7352252669721,419921.0,788.2028778076171,,14.38426398545031,
2023-12-29,785.8865966796875,795.6209472862706,779.7464434606588,794.6724599115244,172720.0,787.3242889404297,,13.932979775718676,
2024-01-01,795.3214111328125,798.1169658070229,783.9896525639133,793.7739111120702,194900.0,787.3717102050781,,13.959820996881318,
2024-01-02,805.2554321289062,809.6983018294655,790.7287978408591,790.7287978408591,586064.0,788.14296875,,14.517759876633948,
2024-01-03,826.920654296875,833.6598205105832,797.7176007041389,805.3553467878862,930425.0,790.0499053955078,,16.91326818518705,
2024-01-04,869.8016967773438,873.5955854180064,827.6195099385885,827.6694174988884,1616636.0,793.1099853515625,,24.34842584593998,
2024-01-05,855.8740844726562,880.5344523165248,853.3780970580378,869.8017064336656,1237562.0,795.4412384033203,,27.941894366181458,
2024-01-08,876.2413940429688,895.8598191840393,848.9851618579725,856.4232167777388,872714.0,798.648583984375,,33.15024256176211,
2024-01-09,879.8355712890625,904.4959393469577,871.5988127493351,886.8742436719364,390764.0,803.2961120605469,,37.627529074647114,
2024-01-10,886.1753540039062,891.5667112350764,865.9578557928086,877.4893664851892,181628.0,808.442837524414,,41.572870251659324,
2024-01-11,879.4861450195312,918.5233635975502,860.7162710136535,887.5731198241544,870172.0,812.8732147216797,,44.23849929275764,
2024-01-12,899.1045532226562,907.1915888186969,881.6326417300388,888.7212823836442,239803.0,818.6414398193359,,47.63098598116828,
2024-01-15,899.1045532226562,899.1045532226562,899.1045532226562,899.1045532226562,0.0,824.0876831054687,,50.35480201846645,
2024-01-16,893.663330078125,905.5442548194318,875.592405156165,900.7519710607479,179316.0,828.8450347900391,,52.2699181737854,
2024-01-17,875.14306640625,893.3138663757943,872.0979740477858,883.5795157782375,102542.0,833.2853942871094,808.5092297363282,52.2407815654161,39.51385599107934
2024-01-18,868.6036376953125,879.1866001705158,855.6744104410297,877.3895013834125,213300.0,838.6567596435547,810.0727160644532,49.90702716244163,40.32220390307881
2024-01-19,866.0078125,887.7229028755147,863.611640221618,887.7229028755147,90756.0,843.26435546875,811.4355249023438,47.8197521515034,41.046272646786136
2024-01-23,854.9255981445312,883.579545887882,843.7435623255172,883.579545887882,193053.0,847.6123657226562,812.54673828125,44.447362244454496,41.46278780186714
2024-01-24,846.9384155273438,869.5520852962316,829.8159788663784,855.5745561343703,215536.0,851.745718383789,813.8067114257813,39.90042307718671,41.53288035702089
2024-01-25,837.5036010742188,853.5278891855494,827.0704223268725,851.6309143566536,189945.0,854.7508850097656,814.7901306152344,36.087468986515596,41.4995171024946
2024-01-29,858.7694702148438,884.5779561869558,832.2121270672305,835.6566019508826,1282771.0,858.0281188964843,816.2737463378907,33.05472867307653,41.72316080380934
2024-01-30,860.7662353515625,872.5472836402882,856.7226870316,870.550493729074,236175.0,861.7721008300781,817.7653479003907,28.360866946279533,41.95803540677258
2024-01-31,843.8434448242188,858.6196782626963,818.2844969089667,853.6277033890759,1042873.0,864.1982025146484,818.8506042480469,24.138263860958087,41.915892370953415
2024-02-01,829.6661987304688,842.795116623162,825.6726189531861,835.6565683963927,162367.0,865.4187408447266,819.7651330566406,21.470756967637747,41.63655953399836
2024-02-02,860.416748046875,873.9949558080604,832.6613808719161,832.6613808719161,805164.0,867.0935455322266,821.2777014160156,19.528242085142068,41.71363387558433
2024-02-05,841.3474731445312,882.2816678748513,836.7548196124714,863.661576872645,349674.0,865.6708343505859,822.4278540039063,20.340181334751755,41.452307315228424
2024-02-06,867.2557983398438,872.9965693066296,839.1509561014848,856.5729601794299,369969.0,866.2399200439453,824.3857067871094,20.21046522815383,41.20590870217189
2024-02-07,850.5825805664062,887.8226996079551,848.5358831286588,876.5907565429121,369735.0,864.9569793701172,825.905263671875,20.356040422466105,40.73084806141028
2024-02-08,857.7210693359375,870.600388448178,846.7387249862471,846.7387249862471,354544.0,863.8512542724609,827.4627587890625,20.10437578533446,40.42140932300523
2024-02-09,843.1944580078125,868.5038070080533,833.6597982511807,866.6068321940418,214381.0,861.7022094726562,827.9409899902344,19.88850834647625,40.46408516760291
2024-02-12,823.8755493164062,847.6373376423817,815.2893159299151,826.6710430717221,579007.0,858.9216796875,828.0657897949219,21.120535601795474,40.44126867400914
2024-02-13,814.5904541015625,831.6130756031058,798.7159502161403,828.6677983492456,523518.0,854.6959747314453,828.2884313964844,21.112388539388505,40.333531824678914
2024-02-14,820.5308837890625,827.6694322174436,798.7159780144209,806.7031377945651,211994.0,850.7672912597657,828.8115893554688,19.675481089553628,40.05331474173925
2024-02-15,818.9334716796875,828.667822607913,813.6918981029507,827.6694276409155,350235.0,847.0307983398437,829.3936535644531,18.136124030204922,39.68504226457116
2024-02-16,830.5648193359375,837.6533994137866,823.2764871347866,823.5760543825447,154904.0,844.8018859863281,830.2293115234374,17.21524530156351,39.249949701012035
2024-02-19,808.5501098632812,833.5599516150289,804.9060049302949,829.6661870122972,346265.0,841.7992095947266,830.2283117675781,18.061700279105956,39.250512506000234
2024-02-20,807.851318359375,819.931873181448,793.7240050888904,809.6983246881637,238760.0,838.8913848876953,830.2003576660156,18.631565316389004,39.26625338523614
2024-02-21,820.88037109375,828.6678398105549,809.5985199199125,815.6887049701487,429151.0,837.1891235351562,830.3760754394531,18.64476227496835,39.20318335817522
2024-02-22,799.6145629882812,822.6774626263514,794.2232057272603,822.6774626263514,219978.0,834.8229309082031,830.6306665039062,20.27409236140457,38.95553370600215
2024-02-23,836.35546875,840.6485548832242,795.0218931017674,805.7047313429476,1647024.0,834.7655242919922,831.692958984375,20.2677269644474,38.35646490398992
2024-02-26,841.447265625,847.2879127416617,824.8240259941772,836.3554756704473,229868.0,833.8994140625,832.7043322753906,19.545207621769976,37.92255601648577
2024-02-27,874.394287109375,883.5795328587348,862.1140413825055,868.6036085729935,971687.0,834.5808166503906,834.5174169921875,20.732646701521663,37.70023553125051
2024-02-28,852.7291259765625,886.8742463972517,839.749991268017,883.4797400357943,334636.0,835.0251007080078,835.7684057617188,21.03459209816433,37.23386204020199
2024-02-29,852.0302734375,868.6036052079708,835.3071580498753,847.4376201120164,1302287.0,836.1433044433594,836.8386853027343,21.327123460966558,36.90891087905766
2024-03-01,825.7225341796875,863.6116348558901,821.6790468050839,863.6116348558901,228681.0,834.40859375,837.6264184570313,20.64905461323767,36.222984683814126
2024-03-04,823.9254760742188,848.6357523939241,822.3779760072923,847.1381598896996,211632.0,833.5374938964844,838.8814013671876,20.708321594350092,34.5695032312874
2024-03-05,812.3441162109375,826.621152525011,798.3166177096956,823.7257826498263,274895.0,830.7919097900391,839.6511657714843,19.613807761667594,33.50411531896946
2024-03-06,803.9076538085938,830.6646272091418,800.9623764165073,822.6774673321308,285890.0,828.4581634521485,840.3700109863281,19.90965485680698,32.29856670194687
2024-03-07,803.208740234375,811.1459923035577,797.7175679891432,806.9527213106695,252797.0,825.7325469970704,841.1487585449219,19.418017656817835,30.86385722707589
2024-03-11,805.20556640625,813.6420163322293,798.8158140400516,811.695133897435,381718.0,823.8331024169922,841.7048645019531,19.47793567693616,29.928106664322826
2024-03-12,781.8430786132812,810.6967176942724,768.7641288480169,810.6967176942724,254472.0,821.731478881836,841.4772302246093,21.622640977613816,30.344757814901048
2024-03-13,722.2389526367188,785.4872502211828,714.102009177885,785.4872502211828,539245.0,817.1139038085937,840.20427734375,31.038653326958602,33.85619042293914
2024-03-14,748.2471313476562,757.1827786228046,710.0585232912438,722.2389542574599,641798.0,813.4997161865234,839.2627917480469,34.62146547441067,35.73232833730788
2024-03-15,747.7479248046875,764.6707317299089,738.8621851987622,747.7978323657379,433602.0,809.9404388427735,838.1126416015625,37.56725535782933,37.71955948713596
2024-03-18,783.091064453125,794.6225750196234,739.2116546015012,750.793011791493,1574011.0,807.5667510986328,837.2360498046875,37.69511401504797,38.48646354675027
2024-03-19,787.7835083007812,797.7175500539729,758.7801477359442,783.0411323774316,272922.0,806.5284210205078,835.5956860351563,37.95174075867364,38.81659617027385
2024-03-20,783.490478515625,796.5195211158622,759.9782883850736,775.1539046163961,149983.0,805.3103790283203,834.1480139160157,38.296407772484834,39.39041379633962
2024-03-21,783.7400512695312,792.326223634677,776.501687738698,787.6837235875618,112868.0,803.4533630371094,832.2979870605469,38.40200538631729,39.5450170582316
2024-03-22,784.7384643554688,788.3826304541346,774.1055333070722,786.1362417202926,83165.0,802.7095581054688,830.396044921875,38.623699070203166,39.498857494033494
2024-03-26,765.169921875,784.5886551012082,757.2326697539421,783.740043759912,205122.0,799.1502807617187,827.9759362792969,38.63991687665966,39.71790757825036
2024-03-27,775.2037963867188,783.7400613000641,758.8300942980565,770.7609265269421,253440.0,795.8381072998047,825.8902893066406,37.649917643741304,39.695832793415995
2024-03-28,772.7576904296875,782.7416399184432,754.8863964699382,782.7416399184432,239347.0,790.7562774658203,823.3633520507813,33.06925909155461,38.954623509317734
2024-04-01,784.2392578125,792.7256151535646,772.8076230891566,773.7062029472056,102239.0,787.3317840576171,821.0660461425781,29.687172961959636,37.76559183833768
2024-04-02,786.3858032226562,794.7223766429665,781.9429335276034,793.7239816974352,113873.0,784.049560546875,818.9204956054688,25.489705929633626,36.585918077442614
2024-04-03,794.1732788085938,796.7191737553359,781.2939595196269,785.736829254949,60874.0,782.4720977783203,817.3010998535157,23.687507504259724,35.83074321811671
2024-04-04,809.04931640625,811.5453037598045,783.690121456452,798.6660455777784,167815.0,781.7282897949219,816.1100134277344,22.522226676696423,35.07236629992678
2024-04-05,820.6307373046875,824.6742246448663,804.7562333028699,807.4519118420528,304555.0,782.1426208496093,815.2024719238282,23.181664017415418,34.334173500745536
2024-04-08,821.1299438476562,830.5148198728613,815.938277888398,828.6678135789176,118602.0,783.0037353515625,814.5265588378907,24.32441454572058,33.86567200304104
2024-04-09,815.9882202148438,825.7225714517485,806.7031589147736,823.576058766953,119628.0,783.642709350586,813.9075549316407,25.040424139675668,33.54246561550089
2024-04-10,830.7145385742188,834.6582109689872,807.7514538226797,823.1267610311966,172447.0,784.9181579589844,813.7717736816406,26.78540342858078,33.45863497251999
2024-04-12,832.661376953125,841.2475490312424,820.6806377163894,826.6710073347572,305572.0,787.4590728759765,813.2496118164063,28.812034012157714,32.94179289099186
2024-04-15,821.8787231445312,828.0188154359413,800.9623370570067,828.0188154359413,155542.0,792.4410614013672,812.4718615722657,25.347248186238634,32.24881314151952
2024-04-16,845.141357421875,859.118887255196,812.244230376727,823.6758651778463,436852.0,797.2857727050781,812.4978198242187,25.712960091230975,32.27509229016244
2024-04-18,855.324951171875,886.2751940906535,852.1300751992726,863.6116169272066,448252.0,802.6646240234375,813.0109948730469,26.05447435946221,32.75407438380462
2024-04-19,851.4811401367188,858.6196886673774,833.2105240653052,855.6245037069099,219980.0,806.0841278076172,812.8322827148437,27.781047058243885,32.51363600565597
2024-04-22,880.734130859375,887.3734207246764,851.9303999456708,864.6100280174295,949770.0,810.7316589355469,813.6200158691406,32.01123512224943,33.67497966279368
2024-04-23,892.1657104492188,904.3960486895893,871.399107501987,886.574723057069,1052811.0,816.1654205322266,814.1182141113281,36.10552650543327,34.654689411033665
2024-04-24,948.3754272460938,956.4624023061638,887.6729629846319,895.5603077960636,1181949.0,824.3971893310547,816.0740710449219,45.79210044076652,39.21435281053186
2024-04-25,928.0580444335938,962.2530726077322,919.2222732072705,948.3754189037558,441848.0,831.5631683349609,817.480810546875,50.25573866418777,41.90794086728079
2024-04-26,929.3060302734375,946.1290221596316,923.9147339723148,928.058036555049,183421.0,839.7699737548828,819.2030419921875,52.206934851608274,44.664939435170986
2024-04-29,927.0097045898438,937.3430678751771,910.5361880300889,932.5008767764288,269677.0,847.3602691650391,821.2657250976563,53.34862725671961,47.194905254849715
2024-04-30,903.3477783203125,935.9953068092583,894.8614208719085,927.5089493608543,325375.0,853.8897735595704,823.0408715820313,51.703513292025825,48.58738015059517
2024-05-02,916.22705078125,926.7601052355952,904.7455089442349,908.5393975377233,238641.0,860.4891632080078,824.954794921875,50.76028045263689,50.33969318996126
2024-05-03,909.43798828125,922.9662277250899,903.7970324143643,918.5732655511264,98661.0,866.6417724609375,826.7648852539063,48.72214608504895,51.72681045817401
2024-05-06,929.7053833007812,935.4461542242153,904.8453248400776,920.7697363716501,260831.0,873.4183776855468,828.7476965332031,47.52284311450959,53.73654795108482
2024-05-07,910.0369873046875,941.3866127781565,895.3106619478644,932.500873442214,285925.0,878.4677612304688,830.7774340820313,45.651778528117845,54.86295119180574
2024-05-08,896.2591552734375,914.9790605122283,890.9177057496543,903.5474261923017,206261.0,882.2491821289062,832.5455908203126,43.69935700960424,55.52957611935237
2024-05-09,878.08837890625,918.4235601973438,873.7952927090417,893.563500990442,172948.0,885.0971038818359,833.6897509765626,41.29647626560976,55.87262672638043
2024-05-10,870.8001098632812,885.5264357526629,860.6164689252194,880.883874741472,91410.0,887.8376983642578,835.1134619140626,38.16910376420646,55.89357290396162
2024-05-13,874.0947875976562,886.5248170387678,859.1687707562087,886.5248170387678,100785.0,890.0067108154296,835.8682482910157,35.918364363743464,56.16484468642854
2024-05-14,895.7100830078125,905.4943416497811,871.648727365015,886.5747445422129,154039.0,893.159146118164,836.9535046386719,33.29116624144356,56.795557068750405
2024-05-15,939.0403442382812,944.4816088232742,898.0562443303754,903.5474164746968,286627.0,899.0172271728516,838.24642578125,30.258166895258324,58.3790146472672
2024-05-16,923.9147338867188,948.4253183261611,920.520166598139,945.4800409635983,183810.0,902.9558959960938,839.6701379394531,27.912071403383557,59.59477459652861
2024-05-17,941.3866577148438,955.4640026581266,929.0564430617981,929.0564430617981,255500.0,907.2589813232422,841.457265625,26.794025792589608,61.28872902655045
2024-05-21,919.7713623046875,943.4832427440214,913.5313937680207,942.4349402172999,574813.0,910.6734924316406,843.3382421875,23.45509812556013,62.23190980525693
2024-05-22,916.2769775390625,933.3495070360656,908.2898178329198,928.5073158390935,80025.0,912.450634765625,845.1852722167969,22.389565132942092,63.00961166273295
2024-05-23,922.666748046875,930.9035066578083,919.0724895452423,928.5073343233865,152096.0,913.9756866455078,847.3917248535156,21.969997558068496,63.76323597523375
2024-05-24,917.9243774414062,928.4075248279611,909.1884212859438,926.1111676030556,160271.0,912.4531341552735,849.6720593261718,20.464117177497773,64.21357177748979
2024-05-27,871.8983154296875,918.5233727330311,869.7018343074526,918.4734651719516,309254.0,909.6451477050781,851.0458508300782,22.00515021560318,63.93340899577984
2024-05-28,845.7903442382812,892.5651253708111,836.6550056607826,872.5972254743724,442316.0,905.4693634033204,851.8575463867187,25.692972842203865,63.59628802781235
2024-05-29,861.5150146484375,885.5763082311377,844.6421158551775,847.6373006631746,255732.0,902.19462890625,853.4509851074218,26.94631013841988,62.79935547288902
2024-05-30,857.5713500976562,861.515022317396,848.7355182730962,861.515022317396,85491.0,899.9058074951172,856.1576330566406,28.728403477046385,59.877132040642266
2024-05-31,845.3909301757812,867.6052179778611,838.1525667346541,854.1268860530037,381414.0,896.3640014648438,858.1005090332031,30.895156517073538,57.845816049648306
2024-06-03,858.8692626953125,897.5570673212276,856.2234916815021,897.5570673212276,370759.0,893.8355651855469,860.3229357910157,31.824163057441208,55.611025626370875
2024-06-04,832.4118041992188,846.8885312287704,808.6999237197807,846.8885312287704,214861.0,888.9708862304688,861.3093505859375,33.44728945605977,54.64212716573606
2024-06-05,824.9737548828125,832.6614083705548,791.8270295564021,832.6614083705548,353429.0,884.717724609375,862.0531555175781,35.94276649132515,53.868491555573115
2024-06-06,828.51806640625,853.1285275320527,823.7257825935089,837.6534050314712,165874.0,881.3306701660156,862.9537072753906,37.93451490625011,52.895905294967875
2024-06-07,845.04150390625,852.4295899201783,833.7096847438867,837.0043758674757,261582.0,879.6783264160156,864.179736328125,38.793181264733015,51.71976084306964
2024-06-10,862.9127807617188,879.5859893419043,845.6405595602644,848.5858369787574,229704.0,879.2839599609375,865.74322265625,38.92804268204111,50.43488718653633
2024-06-11,876.5907592773438,887.4732885225199,866.7565934712615,877.4893391002266,172659.0,879.4087585449219,867.9716394042969,38.91452979923569,48.317530217783585
2024-06-12,863.5118408203125,903.4476399390746,858.6196810533867,887.4733202915697,254993.0,877.7988464355469,869.7378002929687,38.87064542158204,46.43464871918185
2024-06-13,876.4409790039062,882.381441120266,859.5182334183284,869.9015042948007,211448.0,874.6688781738281,871.8114660644532,36.101467500985166,44.280515798841776
2024-06-14,872.796875,883.4797131221151,862.713049471308,876.4409799948412,193463.0,872.1129852294922,873.5826184082031,34.190412225543234,42.43907283041798
2024-06-18,898.8050537109375,905.9935095381634,879.7856421014379,879.7856421014379,421006.0,869.9839050292969,875.8310034179688,30.8081214900194,40.666085538714896
2024-06-19,898.3058471679688,911.5345801215399,888.5714965040203,903.7970193373757,231131.0,868.9106292724609,877.9136547851563,29.32034477133162,39.0324454039503
2024-06-20,887.8726196289062,903.5474325804474,874.2445650810301,903.5474325804474,167470.0,867.4904113769531,879.4901208496094,27.539077962468888,37.76557106466735
2024-06-21,907.34130859375,923.515318796874,878.0883490614602,887.5731009842389,2947984.0,866.7241394042969,881.2243322753907,26.098535864746204,36.990502558830414
2024-06-24,888.172119140625,909.8373016453817,885.5763166572054,903.4975181163425,86232.0,865.2365264892578,882.56517578125,23.770647011320168,35.96869666655685
2024-06-25,912.0836791992188,921.2689247737262,883.5795160387404,893.5135578132808,137035.0,867.2457946777344,884.4870849609375,25.960863905297295,34.8898482812797
2024-06-26,888.5216064453125,915.4283627928158,883.679354329145,912.4830854746838,122273.0,869.382357788086,885.6432263183593,25.860341933870444,34.0185218512408
2024-06-27,881.4329833984375,897.3573955111007,879.5360694994416,897.3573955111007,160771.0,870.3782562255859,886.6186584472656,25.924865760566885,33.15664984233801
2024-06-28,879.036865234375,890.3686237910472,873.994982813503,890.3686237910472,46102.0,871.4515319824219,887.7618212890625,25.810841130850516,31.838140171934835
2024-07-01,889.2205200195312,904.9452410731475,873.1962317199004,883.5296564031646,161929.0,873.6430114746094,888.6434045410156,25.338052514998033,31.2385344586231
2024-07-02,899.603759765625,904.5458269679546,878.6873733232433,895.5602723954252,262042.0,875.679736328125,889.5289807128906,25.72225437863023,30.900516313939796
2024-07-03,958.5589599609375,968.4430942669926,903.7471141776256,904.69560156048,1337064.0,881.987094116211,891.670537109375,29.71110863490533,31.904014265831528
2024-07-04,988.0116577148438,1023.3548647352108,979.4254851758456,998.3949899855714,1425845.0,890.1389892578125,893.8160876464843,35.119247157837556,34.64315975418128
2024-07-05,967.8441162109375,998.394978168001,958.5589941642203,978.4270786046409,427527.0,897.1052917480469,895.3296557617188,36.05860004853681,36.18832775408195
2024-07-08,959.557373046875,971.2885138435721,948.5251209106111,963.4511377712939,240882.0,902.8310852050781,895.5532946777344,36.44618264005635,36.55552201321052
2024-07-09,972.4367065429688,990.9070135974297,961.4543618078839,968.1436203339651,191755.0,908.3072814941406,896.4408679199219,38.31301642762703,37.875767451938664
2024-07-10,956.9615478515625,966.4462997603678,943.9325061011156,962.702318743734,161541.0,912.3258209228516,896.9939782714844,39.01968733745152,38.561229205312685
2024-07-11,952.0693969726562,960.9551363747906,949.5235020455432,960.9551363747906,58863.0,916.7536987304687,897.4951721191406,38.204993573125556,39.11814904443076
2024-07-12,977.778076171875,988.4110068323729,953.816597218363,958.4092505801015,238427.0,921.8205535888671,898.9837780761719,39.28184799206747,40.72845466423151
2024-07-15,970.6395874023438,988.4110054132445,968.4431063139871,987.8619003754533,128333.0,926.7126892089843,900.0720288085937,38.94633638154888,41.90844102332206
2024-07-16,988.7105102539062,1012.7218966979071,963.4511301180426,963.4511301180426,546197.0,931.2079620361328,901.6574792480469,40.70449953969702,43.72990630401704
2024-07-18,969.6911010742188,994.8506661543937,968.1436010797627,990.3079812917547,120273.0,934.7772247314454,902.4571936035156,40.79723899096376,44.610066171410914
2024-07-19,939.0403442382812,983.7684251536789,934.5974745886194,978.4270366245335,216868.0,937.3356109619141,903.0372607421875,39.27708913164587,44.89827321133187
2024-07-22,947.876220703125,964.4495530367465,929.5556362130403,940.4381658965106,92310.0,939.3623565673828,904.0696020507812,38.6893139106284,45.33057604823414
2024-07-23,947.0275268554688,965.9471235296112,920.0708629430145,965.9471235296112,147641.0,942.305126953125,905.4483850097656,36.782084943839884,45.571988877749426
2024-07-24,958.0098876953125,962.3029739076402,946.0291479750342,950.4720178087427,89953.0,944.6014373779296,907.1925805664063,36.225431934359335,45.88663938543485
2024-07-25,965.8472900390625,974.48336971408,950.6217671928988,957.4607481620368,103542.0,948.4677215576172,909.0276306152343,33.98206354170163,46.368123427717094
2024-07-26,964.7490234375,977.3787438701801,956.0629752261178,975.3320464197925,144383.0,952.6335235595703,910.4084094238282,30.231718053567178,46.98726047016307
2024-07-29,961.853759765625,978.4270922596351,956.8118163057561,978.4270922596351,301408.0,956.7743682861328,910.864677734375,24.80533844389472,47.38008645249888
2024-07-30,957.4607543945312,965.5976975893406,951.4703847111452,961.8537165372243,189974.0,960.1863800048828,911.5355981445313,19.049663240416262,47.804265180892344
2024-07-31,951.4204711914062,962.902013012641,943.4832192232014,957.4607483968784,174871.0,962.7772155761719,911.7362744140624,12.911118066907667,47.952962602824435
2024-08-01,933.0499877929688,959.4575463925646,925.0628281976092,959.4575463925646,104222.0,961.5017669677734,912.0018469238281,14.510652045998292,48.03507005403299
2024-08-02,951.25,956.0,925.25,931.9000244140625,63886.0,959.6636840820313,912.7013073730469,13.249379087424671,48.35217495726688
2024-08-05,908.0999755859375,941.4500122070312,904.0,911.5999755859375,118712.0,956.6764770507813,912.4099719238282,17.394499016926048,48.33478629880413
2024-08-06,911.8499755859375,928.0,904.7999877929688,918.8499755859375,79170.0,954.2911071777344,912.2884838867187,20.04746894138425,48.32827661780995
2024-08-07,914.0,936.0,905.5,936.0,63373.0,951.369271850586,913.130517578125,21.47150782323823,47.9756754403805
2024-08-08,921.7999877929688,926.9500122070312,908.5999755859375,914.0,62332.0,949.6111938476563,914.6507104492188,22.408573969266303,46.99251301942819
2024-08-09,920.5499877929688,929.5,909.1500244140625,926.0,70127.0,948.0352233886719,915.8314099121094,23.31655932501614,46.36769953715736
2024-08-12,909.25,921.0,873.0,915.5499877929688,409255.0,944.6088195800781,916.8649829101563,23.746942447860476,45.61235985102041
2024-08-13,882.1500244140625,917.3499755859375,877.0,909.25,1632262.0,940.1843414306641,917.6001647949219,26.70147671758875,44.72442712394649
2024-08-14,888.4500122070312,900.0,870.6500244140625,882.0,126831.0,935.1713165283203,918.1917797851562,26.522534316894276,44.12328665028199
2024-08-16,879.5,900.0,874.0,895.6500244140625,117133.0,930.6617614746094,919.1335437011719,27.972175957809153,42.7357472276247
2024-08-19,882.6500244140625,900.0,876.0,880.0,135445.0,927.8422454833984,920.2870690917969,29.861383940879428,40.88044060327631
2024-08-20,914.6500244140625,918.0,882.0499877929688,883.75,296273.0,926.1809356689453,922.0097082519532,29.611358324016997,38.69059974083661
2024-08-21,915.7999877929688,921.0,906.2000122070312,914.1500244140625,91592.0,924.6195587158203,923.4248779296875,29.27568062850659,37.07837363904465
2024-08-22,913.7999877929688,927.5999755859375,909.0,919.9500122070312,77508.0,922.4090637207031,924.4426220703125,28.27372532573881,36.06813796696661
2024-08-23,911.8499755859375,917.2000122070312,901.7999877929688,915.0,61084.0,919.7091979980469,925.1478063964844,26.425164113672956,35.45290868290227
2024-08-26,908.0999755859375,921.5499877929688,903.1500244140625,918.4000244140625,78849.0,916.8767456054687,926.0395690917969,24.29341377988067,34.41653678738462
2024-08-27,905.7000122070312,911.4500122070312,900.0,908.0,67109.0,914.069058227539,926.6247497558594,21.95396440279256,33.799214407159226
2024-08-28,888.4000244140625,909.7000122070312,885.0,909.7000122070312,85452.0,910.6160217285156,926.9368127441406,20.12480177918682,33.3612809283412
2024-08-29,875.0,890.0,868.9000244140625,890.0,119479.0,906.7949981689453,926.4607116699219,19.203397140967063,33.935858235217914
2024-08-30,903.25,909.9500122070312,875.2999877929688,879.5999755859375,196764.0,905.3049987792969,926.5595947265625,18.188312241305912,33.859262465910675
2024-09-02,902.5,908.0,885.6500244140625,905.5,70602.0,902.8674987792969,926.8521423339844,14.624377805098643,33.58022253609373
2024-09-03,906.8499755859375,915.0,894.1500244140625,902.5,81651.0,902.8049987792969,926.8423156738281,14.603495040431737,33.586119930199175
2024-09-04,898.2000122070312,907.5,891.0,898.0,50579.0,902.1225006103516,927.0428735351562,14.476946285675206,33.37979696368377
2024-09-05,907.0999755859375,911.75,891.0,903.2000122070312,79482.0,901.7774993896485,926.9431994628907,14.259580804984806,33.43277640185933
2024-09-06,895.9500122070312,915.3499755859375,889.0,915.0,91106.0,900.4850006103516,927.091767578125,13.50053751962399,33.27468596608113
2024-09-09,890.1500244140625,899.0,880.0999755859375,899.0,55144.0,898.9650024414062,927.2661083984375,12.816572098416076,33.05267276236874
2024-09-10,909.4000244140625,910.0,897.4000244140625,903.5,84847.0,898.9725036621094,927.8733715820313,12.822950785597694,32.42138947913371
2024-09-11,904.4000244140625,927.0,895.3499755859375,914.0,215231.0,900.0850036621093,928.1769616699219,12.238511946460054,32.12174704833016
2024-09-12,920.0999755859375,924.3499755859375,895.2000122070312,914.9500122070312,144864.0,901.6675018310547,928.5868859863281,12.692688289900232,31.879535044584777
2024-09-13,916.0,925.4000244140625,910.0,921.9500122070312,63609.0,903.4925018310547,927.7357067871094,11.939303186049536,31.630136803862186
2024-09-16,907.7000122070312,924.9500122070312,900.0,924.9500122070312,47869.0,904.7450012207031,926.1294738769532,10.90705091856823,30.526686801344287
2024-09-17,886.8499755859375,908.0,876.1500244140625,907.7999877929688,74427.0,903.3549987792969,924.5095910644532,11.34110306834622,30.416704034209832
2024-09-18,879.5,889.0499877929688,872.0,886.8499755859375,81352.0,901.5399993896484,922.9084436035156,12.122381468419103,30.640426456125926
2024-09-19,888.4500122070312,904.7999877929688,865.0,883.0,116236.0,900.2725006103516,921.2287097167969,12.09828152767051,30.168306895207223
2024-09-20,875.6500244140625,892.0,870.0999755859375,892.0,319594.0,898.4625030517578,919.6024792480468,12.952761312019605,30.39352772841978
2024-09-23,874.4000244140625,890.0,872.0,875.9500122070312,109778.0,896.7775054931641,918.049091796875,13.797490527762108,30.683729122053418
2024-09-24,886.75,889.9500122070312,870.0499877929688,874.9500122070312,70652.0,895.8300048828125,916.2285302734375,13.803181831192159,29.7538986533959
2024-09-25,876.75,884.0,870.0499877929688,884.0,66114.0,895.2475036621094,914.3507385253906,14.367515566930546,29.207601712136533
2024-09-26,874.0,879.9500122070312,871.5499877929688,876.0,285225.0,895.1975036621094,912.0565283203125,14.443227469681087,27.714562706914258
2024-09-27,880.5499877929688,897.9500122070312,865.8499755859375,874.0,81744.0,894.0625030517579,910.2737060546875,14.667314308088805,26.782856104146013
2024-09-30,913.5999755859375,922.4000244140625,868.0,870.0,293947.0,894.6175018310547,909.7648986816406,15.203588697902664,26.464974166152018
2024-10-01,902.0999755859375,913.3499755859375,896.0499877929688,909.0,126111.0,894.3800018310546,908.8493737792969,15.038650119527087,25.90552573259969
2024-10-03,889.25,894.4500122070312,882.7999877929688,883.0,73782.0,893.9325012207031,907.6938232421875,15.052151891135109,25.452443104209955
2024-10-04,892.75,899.0,870.2000122070312,894.0,84842.0,893.2150024414062,906.3886254882813,14.7300232117126,24.47403896963853
2024-10-07,877.3499755859375,893.9500122070312,864.0,893.0499877929688,90019.0,892.2850006103515,904.6186791992187,15.129996039804716,23.255995713882633
2024-10-08,873.5499877929688,879.75,866.9000244140625,875.0,60948.0,891.4549987792968,902.7946984863281,15.697943787983846,21.985378026294732
2024-10-09,872.6500244140625,886.9500122070312,869.8499755859375,875.0,60931.0,889.6174987792969,901.0106237792969,15.637603691587765,20.675366407785532
2024-10-10,892.1500244140625,900.0,878.9000244140625,890.0999755859375,99589.0,889.0049987792969,899.7044091796874,15.263554514691567,19.03415360760421
2024-10-11,885.5,894.5,878.0,894.5,40543.0,887.275,898.3859997558594,13.400854941984761,17.60852945802811
2024-10-14,893.9500122070312,899.0,879.2000122070312,894.0,53101.0,886.1725006103516,897.6040002441406,11.714128705444665,16.891288015990497
2024-10-15,894.1500244140625,899.0,885.1500244140625,895.0,43861.0,885.4950012207031,896.4620007324219,10.756203686736805,15.016517060039854
2024-10-16,886.7000122070312,893.7000122070312,881.0,887.3499755859375,37582.0,885.4875030517578,896.0340014648438,10.755261646862156,14.982975535338728
2024-10-17,876.0,886.5999755859375,868.0499877929688,882.0999755859375,71277.0,885.3125030517579,895.317001953125,10.885498393249033,15.068212250608104
2024-10-18,869.7000122070312,875.4000244140625,861.0499877929688,873.7000122070312,44164.0,884.3750030517579,894.4310021972656,11.396479631416078,15.248570338005715
2024-10-21,855.9500122070312,872.4000244140625,849.5499877929688,870.0,94215.0,883.3900024414063,893.1140026855469,12.937431494948093,15.674252124006829
2024-10-22,848.2000122070312,869.0,832.5499877929688,860.0,77315.0,882.0800018310547,891.6670031738281,15.049670770701884,16.4119603507927
2024-10-23,840.25,848.3499755859375,822.7999877929688,845.0,69607.0,879.7550018310546,890.2870031738281,17.656349515582654,17.749731888306787
2024-10-24,821.5999755859375,839.5499877929688,816.0499877929688,838.0,49920.0,876.9975006103516,889.0760021972657,21.937816026254406,20.21111398160451
2024-10-25,825.25,850.0,802.0499877929688,828.2000122070312,221745.0,874.5600006103516,887.812001953125,24.808825204523234,22.135689693736047
2024-10-28,816.9000244140625,828.9000244140625,799.5499877929688,827.8499755859375,101953.0,871.3775024414062,886.5600024414063,27.891052488250946,24.281719501621506
2024-10-29,811.0,818.2999877929688,805.2000122070312,816.9000244140625,66469.0,866.2475036621094,885.127001953125,29.12466234930056,26.52755391410294
2024-10-30,825.6500244140625,830.5,803.0499877929688,803.0499877929688,125836.0,862.4250061035157,883.347001953125,29.188316884808646,27.47515639166257
2024-10-31,828.5499877929688,832.9500122070312,813.2999877929688,825.0,169906.0,859.390005493164,881.602001953125,29.4072234258048,28.134731219730305
2024-11-01,833.9500122070312,845.0,828.75,845.0,20093.0,856.4500061035156,880.0050024414063,28.830122313274067,28.533214945834526
2024-11-04,820.75,833.9500122070312,813.75,833.9500122070312,51037.0,853.6200073242187,878.1830029296875,29.442045614157916,29.35501983662879
2024-11-05,821.5,825.0,814.0,820.6500244140625,30653.0,851.0175079345703,876.4510034179688,29.884759041619603,30.099185948588335
2024-11-06,858.25,864.0,817.6500244140625,821.5,140115.0,850.2975067138672,875.5020031738281,29.507227280271476,29.905576123528093
2024-11-07,863.5999755859375,870.1500244140625,845.0,865.0,56378.0,848.870004272461,875.0060021972656,28.029514472262942,29.892948162031903
2024-11-08,861.2000122070312,868.0999755859375,851.0499877929688,863.0,48428.0,847.6550048828125,874.7300024414062,26.860426758959637,29.956644069490466
2024-11-11,850.75,861.2000122070312,847.2999877929688,860.0,25475.0,845.495004272461,873.6800024414063,24.581986586979976,29.856510905051152
2024-11-12,843.5999755859375,853.1500244140625,831.0,853.1500244140625,37709.0,842.9675018310547,872.502001953125,21.751856549443247,29.85816212428948
2024-11-13,816.4500122070312,839.0,795.0,839.0,188313.0,839.4550018310547,870.6940026855468,19.91245797666803,30.466636694016742
2024-11-14,806.7999877929688,820.0,802.0,811.75,181102.0,835.9950012207031,868.8660021972656,19.228535041450485,31.506839850489236
2024-11-18,791.0499877929688,809.0999755859375,782.0,806.9000244140625,74835.0,832.0625,866.5450024414063,19.999644452602194,32.877481374253115
2024-11-19,782.9000244140625,795.9500122070312,780.8499755859375,793.7999877929688,122656.0,828.4100006103515,864.2840026855469,21.97995560175664,34.65330683318908
2024-11-21,757.2999877929688,795.0,755.0,775.0999755859375,279769.0,823.8649993896485,861.627001953125,26.58759025799777,37.59756770442526
2024-11-22,744.75,762.0499877929688,733.2000122070312,757.8499755859375,270153.0,819.0899993896485,858.3340014648437,31.594304568552904,40.431614490941115
2024-11-25,750.75,756.9000244140625,734.5,751.0499877929688,602965.0,815.5475006103516,855.2610009765625,35.07801165093834,42.637802851374374
2024-11-26,755.25,759.9500122070312,745.0999755859375,753.0,262162.0,812.0475006103516,851.9640014648437,37.46965172799894,43.8773166180817
2024-11-27,768.2000122070312,769.7999877929688,750.5499877929688,758.0,83667.0,809.6125,849.0080017089844,38.699919695482166,44.450069862143515
2024-11-28,767.2999877929688,774.0,760.0999755859375,771.0,71878.0,807.4274993896485,846.2000012207031,39.834480491135224,45.0966831966044
2024-11-29,790.1500244140625,797.0,763.0499877929688,767.0,337670.0,805.6524993896485,844.2660021972656,39.77063787800229,45.39036866381348
2024-12-02,807.5499877929688,815.0,788.4500122070312,804.0,163452.0,804.6024993896484,842.827001953125,39.40987359206024,45.39106444293019
2024-12-03,817.25,821.9500122070312,800.1500244140625,808.5999755859375,119205.0,803.7674987792968,841.4030017089843,38.92933059913472,45.04610403805724
2024-12-04,826.7999877929688,830.7999877929688,813.4500122070312,822.8499755859375,90306.0,804.0699981689453,840.4260009765625,39.09140632568533,44.817335815662176
2024-12-05,828.25,833.6500244140625,805.0,828.0,186627.0,804.4074981689453,839.5030004882813,39.278501097993214,44.57795513737453
2024-12-06,839.4500122070312,848.0,818.0499877929688,832.8499755859375,149584.0,803.4674987792969,838.5570007324219,38.13031887400143,44.05365193582368
2024-12-09,831.5499877929688,840.0,818.2999877929688,839.0499877929688,315688.0,801.8649993896485,837.6530004882812,36.0889649759364,43.71639126826051
2024-12-10,852.25,860.8499755859375,827.0499877929688,831.5499877929688,285987.0,801.4174987792969,837.2180004882813,35.362672761717306,43.45476822236244
2024-12-11,848.4500122070312,854.0,833.1500244140625,852.0,251555.0,801.3024993896485,836.5760009765625,35.19715226043505,43.03662796339572
2024-12-12,828.4500122070312,849.7999877929688,817.75,849.7999877929688,216648.0,800.5450012207032,834.8730017089844,34.3927669168326,41.58682696654329
2024-12-13,830.1500244140625,832.0,818.6500244140625,825.0499877929688,51397.0,801.2300018310547,833.4340026855468,34.85948441113749,40.44221104305995
2024-12-16,822.5999755859375,834.9000244140625,816.3499755859375,822.5499877929688,308353.0,802.0200012207031,832.1010021972656,35.170007010124536,39.65570070978519
2024-12-17,806.9000244140625,825.7000122070312,803.0499877929688,822.5999755859375,88536.0,802.8125030517579,830.3840026855469,35.08828768262208,38.82602202316206
2024-12-18,789.2000122070312,810.3499755859375,785.0499877929688,806.9000244140625,94198.0,803.1275024414062,828.6210034179687,34.928030763016295,38.65083082809278
2024-12-19,792.0999755859375,801.9500122070312,772.4500122070312,790.0,208438.0,804.8675018310547,826.9920031738282,33.356347631406734,38.43439658679451
2024-12-20,775.6500244140625,796.9500122070312,765.1500244140625,792.2000122070312,128539.0,806.4125030517578,825.0520031738281,31.06197455648263,38.53069359268984
2024-12-23,758.8499755859375,787.2999877929688,755.0,787.2999877929688,81804.0,806.8175018310546,822.3860021972656,30.342499546908957,38.404742752924
2024-12-24,764.4000244140625,773.25,750.2000122070312,758.8499755859375,74015.0,807.2750030517578,819.9640026855469,29.583536757278353,38.16103949967381
2024-12-26,761.7999877929688,778.4500122070312,747.0499877929688,775.0,237998.0,806.9550018310547,817.3210021972657,30.05924096632668,37.50287942511088
2024-12-27,755.2000122070312,772.7000122070312,750.2999877929688,761.7999877929688,90025.0,806.3500030517578,814.542001953125,31.00623003961854,36.835821329597955
2024-12-30,739.2000122070312,770.0,736.0,753.0,164696.0,803.8025024414062,811.592001953125,34.322944987370654,36.84538043023126
2024-12-31,756.6500244140625,758.0,735.0499877929688,739.0,61666.0,801.2575042724609,809.2050024414062,35.88211599960688,36.45149509641223
2025-01-01,757.1500244140625,761.5499877929688,745.0,756.9500122070312,48906.0,798.2525054931641,806.9540026855469,36.97232836522031,36.11308423048437
2025-01-02,764.5999755859375,770.0,755.0,759.9500122070312,125525.0,795.1425048828125,805.127001953125,37.06054802456393,35.89381899435502
2025-01-03,769.9000244140625,780.0,763.0,768.0,128644.0,792.2250061035156,803.5610021972657,36.611071651875044,35.68369656608863
2025-01-06,742.0499877929688,782.0,737.5999755859375,782.0,239572.0,787.3550048828125,801.597001953125,36.47640463416367,36.319905521021674
2025-01-07,734.4000244140625,747.9500122070312,732.7999877929688,742.5499877929688,226431.0,782.4975067138672,799.8530029296875,36.74890723649951,37.416813726376624
2025-01-08,722.5499877929688,739.0,716.7000122070312,739.0,118851.0,776.0125061035156,797.7990026855468,35.20343249208758,38.78793268088223
2025-01-09,717.5499877929688,726.4000244140625,715.0,722.9500122070312,52338.0,769.4675048828125,795.812001953125,33.134720589554014,40.30453692135532
