date,close,high,low,open,volume,ma_20_unnamed: 6_level_1,ma_50_unnamed: 7_level_1,volatility_20_unnamed: 8_level_1,volatility_50_unnamed: 9_level_1,ma_5,ma_10,ma_15,ma_20,ma_25,ma_30
2023-12-21,939.9500122070312,990.0,855.0999755859375,949.6500244140624,27195021.0,,,,,,,,,,
2023-12-22,910.6500244140624,959.9000244140624,906.5999755859376,945.0,4189118.0,,,,,,,,,,
2023-12-26,928.8499755859376,937.6500244140624,876.5999755859375,911.0999755859376,3494031.0,,,,,,,,,,
2023-12-27,896.1500244140625,944.3499755859376,892.5,926.0,1537537.0,,,,,,,,,,
2023-12-28,889.2999877929688,907.0,886.0,905.0,831020.0,,,,,912.9800048828124,,,,,
2023-12-29,882.5999755859375,904.25,877.0499877929688,890.0,974188.0,,,,,901.5099975585938,,,,,
2024-01-01,878.4000244140625,894.9000244140625,876.0999755859375,884.9000244140625,395867.0,,,,,895.0599975585938,,,,,
2024-01-02,875.5499877929688,894.5,871.6500244140625,880.0,510793.0,,,,,884.4,,,,,
2024-01-03,874.9000244140625,886.0,865.0499877929688,873.0499877929688,500473.0,,,,,880.15,,,,,
2024-01-04,902.2999877929688,912.8499755859376,877.0,877.0,1123117.0,,,,,882.75,897.8650024414062,,,,
2024-01-05,888.5499877929688,908.5,883.0,906.7000122070312,440642.0,,,,,883.9400024414062,892.725,,,,
2024-01-08,876.4500122070312,893.25,873.25,888.5499877929688,359093.0,,,,,883.55,889.3049987792969,,,,
2024-01-09,871.5499877929688,886.9500122070312,869.0499877929688,886.0,356124.0,,,,,882.75,883.575,,,,
2024-01-10,871.0,874.7999877929688,858.5,871.0,369532.0,,,,,881.9699951171875,881.0599975585938,,,,
2024-01-11,860.5499877929688,878.5999755859375,858.0999755859375,874.7000122070312,406238.0,,,,,873.6199951171875,878.1849975585938,889.7833333333333,,,
2024-01-12,877.9000244140625,881.4500122070312,863.5999755859375,864.9500122070312,336686.0,,,,,871.4900024414062,877.7150024414062,885.6466674804688,,,
2024-01-15,877.9000244140625,877.9000244140625,877.9000244140625,877.9000244140625,0.0,,,,,871.7800048828125,877.6650024414063,883.4633341471355,,,
2024-01-16,878.7000122070312,889.5,872.0,886.7000122070312,310551.0,,,,,873.210009765625,877.9800048828125,880.1200032552083,,,
2024-01-17,864.7000122070312,877.4000244140625,860.0999755859375,868.0,274152.0,,,,,871.9500122070312,876.9600036621093,878.0233357747396,,,
2024-01-18,853.7999877929688,867.5999755859375,839.5499877929688,860.0,450423.0,884.9875030517578,,21.60583428492072,,870.6000122070312,872.1100036621094,875.656669108073,884.9875030517578,,
2024-01-19,870.6500244140625,877.7000122070312,857.2999877929688,857.3499755859375,250541.0,881.5225036621093,,17.492841984861368,,869.1500122070313,870.3200073242188,874.8600056966146,881.5225036621093,,
2024-01-23,817.6500244140625,860.4500122070312,812.5499877929688,860.0999755859375,438682.0,876.8725036621094,,21.29099393686889,,857.1000122070312,864.4400085449219,870.8100056966146,876.8725036621094,,
2024-01-24,810.4000244140625,821.0999755859375,801.5499877929688,814.9500122070312,314467.0,870.9500061035156,,22.51109129756016,,843.4400146484375,858.3250122070312,866.4666748046875,870.9500061035156,,
2024-01-25,853.5999755859375,872.0,808.2000122070312,811.4000244140625,855160.0,868.8225036621094,,22.009199870771614,,841.2200073242187,856.585009765625,865.0466715494791,868.8225036621094,,
2024-01-29,871.2999877929688,885.0,859.1500244140625,863.4000244140625,436363.0,867.9225036621094,,21.4896587998788,,844.7200073242187,857.660009765625,862.9800048828125,867.9225036621094,876.93400390625,
2024-01-30,895.3499755859375,913.0,864.0999755859375,879.0,1084941.0,868.5600036621094,,22.12763594815384,,849.6599975585938,859.4050048828125,863.4333374023438,868.5600036621094,875.1500024414063,
2024-01-31,915.5999755859376,937.9000244140624,896.9500122070312,900.0,1347502.0,870.4200012207032,,24.44085698413809,,869.2499877929688,863.175,866.0433349609375,870.4200012207032,875.3480004882813,
2024-02-01,894.75,943.7999877929688,891.0999755859375,919.7999877929688,796129.0,871.3800018310546,,25.023099188753992,,886.1199829101563,864.7799987792969,867.5900024414062,871.3800018310546,873.9840014648438,
2024-02-02,906.9000244140624,914.0,892.0,905.0,555239.0,872.9800018310547,,26.25285529584473,,896.7799926757813,869.0,869.9833374023438,872.9800018310547,874.4140014648438,
2024-02-05,909.9500122070312,917.4500122070312,902.1500244140624,908.0,441668.0,873.3625030517578,,26.753484533718986,,904.5099975585938,874.6150024414062,873.2766723632812,873.3625030517578,875.2400024414062,881.5300028483073
2024-02-06,998.5999755859376,1024.0,901.4000244140624,932.0,4081909.0,878.8650024414062,,38.69410712821521,,925.1599975585938,887.4099975585938,881.3233357747396,878.8650024414062,879.8800024414063,883.4850016276042
2024-02-07,1017.5,1086.949951171875,1005.1500244140624,1050.0,2630741.0,885.9175018310547,,49.55938490971975,,945.5400024414064,907.3949951171876,890.6300008138021,885.9175018310547,885.4440014648437,887.0466674804687
2024-02-08,1047.8499755859375,1089.5,993.0,1021.9500122070312,2516110.0,894.7325012207032,,61.18485206922092,,976.1599975585938,931.139990234375,901.9066650390624,894.7325012207032,892.3360009765624,891.0133341471354
2024-02-09,1015.6500244140624,1059.800048828125,1005.0,1050.0,859309.0,901.9650024414062,,66.54629202165367,,997.9099975585938,947.3449951171876,911.969999186198,901.9650024414062,897.9660009765626,894.9966674804688
2024-02-12,962.8499755859376,1033.4000244140625,952.5499877929688,1022.5,994440.0,907.0800018310548,,67.12450442673118,,1008.489990234375,956.4999938964844,919.2399983723958,907.0800018310548,900.3880004882812,897.4483337402344
2024-02-13,953.3499755859376,988.0,936.6500244140624,967.7000122070312,874718.0,910.8524993896484,,67.51728333458901,,999.439990234375,962.2999938964844,924.7533284505208,910.8524993896484,902.98,899.8066670735677
2024-02-14,1047.199951171875,1075.0,937.9000244140624,939.7000122070312,2090173.0,919.317495727539,,73.5150275254408,,1005.37998046875,975.459991455078,940.0566569010416,919.317495727539,909.8099975585938,905.433331298828
2024-02-15,1161.0,1199.800048828125,1064.949951171875,1077.0,5169026.0,933.4324951171876,,90.4551982497802,,1028.0099853515626,1002.084991455078,963.4299886067708,933.4324951171876,921.387998046875,914.9483317057292
2024-02-16,1176.1500244140625,1225.0,1137.75,1174.949951171875,1960479.0,949.004995727539,,103.82127969522534,,1060.1099853515625,1029.009991455078,984.9333251953124,949.004995727539,933.5939990234376,924.9899983723958
2024-02-19,1124.5,1191.300048828125,1112.0,1175.0,626497.0,962.5399963378908,,108.30485297768833,,1092.439990234375,1050.464990234375,1001.8133260091146,962.5399963378908,944.1519995117188,932.3966654459635
2024-02-20,1156.8499755859375,1179.0,1133.300048828125,1139.0,422340.0,976.8499938964844,,114.2679129996302,,1133.139990234375,1066.289990234375,1019.246659342448,976.8499938964844,955.3099975585938,941.3399983723958
2024-02-21,1113.8499755859375,1175.0,1100.6500244140625,1161.0,538294.0,991.6599914550782,,111.7147700338315,,1146.4699951171874,1075.9249877929688,1032.4633260091146,991.6599914550782,964.7479956054688,949.253330485026
2024-02-22,1155.5999755859375,1175.0,1095.199951171875,1119.6500244140625,543513.0,1008.919989013672,,108.86655265705328,,1145.389990234375,1086.6999877929688,1049.8533243815104,1008.919989013672,975.823994140625,958.7216634114584
2024-02-23,1276.6500244140625,1294.0,1138.0,1163.699951171875,1627214.0,1030.072491455078,,117.82973835041474,,1165.489990234375,1112.7999877929688,1074.5033243815103,1030.072491455078,992.3019946289064,972.243330891927
2024-02-26,1257.5999755859375,1323.0,1223.0,1290.0,916114.0,1049.3874908447265,,122.02065434355517,,1192.1099853515625,1142.274987792969,1097.6799886067708,1049.3874908447265,1008.453994140625,985.478330485026
2024-02-27,1239.9000244140625,1284.8499755859375,1230.0999755859375,1255.199951171875,296252.0,1066.6149932861329,,123.44261274281736,,1208.7199951171874,1170.9299926757812,1113.7666585286458,1066.6149932861329,1023.223994140625,997.5449971516928
2024-02-28,1217.699951171875,1314.0,1201.199951171875,1244.699951171875,923117.0,1081.7199920654298,,122.4704912558607,,1229.489990234375,1187.9799926757812,1127.1133219401042,1081.7199920654298,1039.2259912109375,1008.8716613769532
2024-02-29,1190.5999755859375,1231.800048828125,1163.0,1218.699951171875,450873.0,1096.5124908447265,,116.41624859830716,,1236.489990234375,1190.939990234375,1136.629988606771,1096.5124908447265,1054.4339892578123,1019.2683268229168
2024-03-01,1235.8499755859375,1275.0,1217.050048828125,1219.0,545857.0,1112.9599884033205,,111.3443590435694,,1228.32998046875,1196.9099853515625,1151.3099853515623,1112.9599884033205,1069.7239892578125,1031.6399922688802
2024-03-04,1244.5,1279.6500244140625,1226.0,1279.6500244140625,325037.0,1129.6874877929688,980.792996826172,104.13738370781508,140.49929621382884,1225.7099853515624,1208.9099853515625,1170.0866536458334,1129.6874877929688,1084.6519897460937,1044.6633260091146
2024-03-05,1197.550048828125,1248.5999755859375,1180.0,1244.5,352032.0,1139.634991455078,985.9449975585936,100.39124353095362,143.6585289607463,1217.239990234375,1212.9799926757812,1186.3666585286458,1139.634991455078,1096.7399926757812,1055.5599934895831
2024-03-06,1125.6500244140625,1202.0,1110.0,1202.0,825584.0,1145.0424926757812,990.2449975585936,96.2954432852359,144.57358381813637,1198.8300048828123,1214.1599975585937,1191.5966634114584,1145.0424926757812,1105.1419946289063,1065.82666015625
2024-03-07,1159.9000244140625,1175.0,1120.0,1128.699951171875,373167.0,1150.6449951171876,994.8659985351562,93.56394822778944,146.25392600179603,1192.6900146484377,1214.5900024414063,1191.523331705729,1150.6449951171876,1115.7479956054688,1077.47666015625
2024-03-11,1162.8499755859375,1199.0,1121.0,1125.0,435104.0,1158.0049926757813,1000.1999975585936,88.01075409867508,147.43878206585157,1178.0900146484375,1203.2099975585938,1190.6366617838542,1158.0049926757813,1125.9859936523435,1087.7849934895833
2024-03-12,1143.8499755859375,1187.949951171875,1122.0,1167.0,485944.0,1167.0549926757812,1005.2909973144532,75.27101829802409,147.92525129001945,1157.960009765625,1191.8349975585938,1191.92666015625,1167.0549926757812,1135.3419921875,1096.8699930826822
2024-03-13,1096.75,1163.8499755859375,1075.4000244140625,1137.0,732143.0,1174.2249938964844,1009.5739978027344,58.89043217458635,147.3996771375103,1137.8,1177.5199951171876,1187.9199951171877,1174.2249938964844,1139.2679931640623,1103.5833272298178
2024-03-14,1162.75,1169.699951171875,1060.1500244140625,1080.0,669791.0,1180.0024963378903,1015.2609973144532,50.89840259566001,147.7204858034338,1145.2199951171874,1172.025,1191.1799967447917,1180.0024963378903,1145.0779931640625,1111.8216613769532
2024-03-15,1156.800048828125,1184.0,1129.5,1150.0,372875.0,1179.792498779297,1020.8859985351562,50.989512375166285,147.64670043787262,1144.6,1168.6450073242188,1191.2600016276042,1179.792498779297,1149.43599609375,1120.556663004557
2024-03-18,1161.1500244140625,1175.050048828125,1136.5999755859375,1162.0,231691.0,1179.042498779297,1026.6109985351563,51.15595417515701,147.42006969015293,1144.260009765625,1161.1750122070312,1183.5600016276042,1179.042498779297,1155.25599609375,1129.0316630045572
2024-03-19,1127.9000244140625,1197.9000244140625,1118.550048828125,1157.0,423710.0,1179.2125,1031.122999267578,50.970472260470665,146.98948332964702,1141.07001953125,1149.5150146484375,1174.9133382161458,1179.2125,1161.857998046875,1136.2966634114584
2024-03-20,1099.0999755859375,1146.9000244140625,1080.0,1140.050048828125,656158.0,1176.325,1035.3339990234374,53.85798711791527,145.83305258086182,1141.5400146484376,1139.670007324219,1165.5266682942708,1176.325,1167.687998046875,1139.6466634114583
2024-03-21,1144.300048828125,1156.5,1118.0,1118.0,400275.0,1177.8475036621094,1040.6909997558594,52.4098630861534,144.79339876207368,1137.8500244140623,1141.535009765625,1160.6333414713542,1177.8475036621094,1171.572001953125,1143.8733317057292
2024-03-22,1152.300048828125,1159.800048828125,1132.0,1140.0,276946.0,1177.6825073242187,1046.3060009765625,52.488723948272735,143.53857292145972,1136.9500244140625,1140.7750122070313,1158.0800130208331,1177.6825073242187,1171.22400390625,1147.355000813802
2024-03-26,1215.9000244140625,1247.8499755859375,1108.5,1147.75,1162734.0,1174.6450073242188,1053.2040014648437,48.02835661369099,143.2290581743916,1147.9000244140625,1146.0800170898438,1156.7500162760416,1174.6450073242188,1172.81400390625,1154.0300008138022
2024-03-27,1224.8499755859375,1255.0,1216.0,1228.0,457505.0,1173.0075073242188,1060.490001220703,45.54530520324793,142.49282645722096,1167.2900146484376,1154.1800170898437,1155.4400146484377,1173.0075073242188,1176.8280029296875,1162.7633341471353
2024-03-28,1222.6500244140625,1259.75,1215.0,1234.449951171875,421846.0,1172.1450073242188,1067.385001220703,44.35978158937467,141.81662464349603,1192.0000244140624,1166.77001953125,1157.1133463541669,1172.1450073242188,1179.4600048828124,1171.7400024414062
2024-04-01,1215.300048828125,1290.0,1203.0,1234.0,674278.0,1172.0250122070313,1074.1330017089845,44.23313294481581,140.6387270366689,1206.2000244140625,1172.0250244140625,1163.0900146484375,1172.0250122070313,1183.5180078125,1177.343339029948
2024-04-02,1201.75,1223.0,1187.0,1220.0,372806.0,1172.5825134277345,1080.5940014648438,44.54870807666826,138.88683872330523,1216.0900146484375,1176.52001953125,1165.8800130208333,1172.5825134277345,1185.3640087890626,1178.7016723632812
2024-04-03,1274.199951171875,1284.449951171875,1185.0,1198.0,1077016.0,1174.5000122070312,1088.7840002441403,48.099106178956696,137.96682459268015,1227.75,1187.8250122070312,1173.3033447265625,1174.5000122070312,1185.266005859375,1181.9700032552084
2024-04-04,1335.949951171875,1359.5,1268.6500244140625,1283.0,2068268.0,1179.072509765625,1098.4269995117188,58.356836117542905,138.05733348850177,1249.9699951171874,1208.6300048828125,1186.110009765625,1179.072509765625,1188.4000048828125,1189.0183349609374
2024-04-05,1422.1500244140625,1434.0,1322.3499755859375,1337.699951171875,2326218.0,1190.302508544922,1109.4569995117188,79.77860395710256,141.4763801325514,1289.8699951171875,1240.935009765625,1207.8033447265625,1190.302508544922,1195.6900048828124,1197.861669921875
2024-04-08,1382.8499755859375,1424.0,1377.5999755859375,1421.0,605029.0,1203.1625061035156,1120.7609985351562,89.00469530873643,140.25968114500895,1323.37998046875,1264.7900024414062,1222.4766764322917,1203.1625061035156,1202.296005859375,1206.8283365885416
2024-04-09,1354.5999755859375,1407.0,1347.0999755859375,1387.6500244140625,501930.0,1212.897503662109,1131.6449975585938,94.50177977856504,136.7553894609158,1353.9499755859374,1285.0199951171876,1235.6633382161458,1212.897503662109,1208.856005859375,1213.461669921875
2024-04-10,1353.449951171875,1394.449951171875,1345.0,1359.0,441755.0,1222.4275024414062,1141.6419970703123,98.70609194253458,134.26224673555555,1369.7999755859375,1298.774987792969,1248.4833333333331,1222.4275024414062,1213.5600048828126,1216.0216674804688
2024-04-12,1356.449951171875,1384.9000244140625,1342.0,1342.199951171875,365359.0,1233.0575012207032,1151.3449963378907,101.2143662313923,131.8348874153697,1373.8999755859377,1311.9349853515623,1263.7199951171874,1233.0575012207032,1218.0380029296875,1219.3166666666666
2024-04-15,1323.699951171875,1373.550048828125,1296.050048828125,1323.800048828125,566106.0,1244.4049987792969,1159.9119958496094,97.79237284006048,128.74151806621458,1354.2099609375,1322.0399780273438,1278.6933268229166,1244.4049987792969,1223.0839990234374,1222.1099975585937
2024-04-16,1323.3499755859375,1342.550048828125,1301.0,1301.0,439790.0,1252.4349975585938,1168.0669958496094,97.32711215752413,125.83135409134854,1342.3099609375,1332.844970703125,1290.629988606771,1252.4349975585938,1230.9919970703124,1225.6316650390625
2024-04-18,1307.699951171875,1359.800048828125,1301.0999755859375,1332.0,428196.0,1259.9799926757812,1176.325994873047,95.35209022917265,120.98469988433028,1332.9299560546874,1343.4399658203124,1300.9899820963542,1259.9799926757812,1236.903994140625,1229.5349975585937
2024-04-19,1335.75,1358.0,1274.25,1282.0,720322.0,1268.709991455078,1184.9029943847656,93.80771905169208,116.61685008999656,1329.3899658203125,1349.594970703125,1308.97998046875,1268.709991455078,1243.8199951171875,1232.8649983723958
2024-04-22,1354.6500244140625,1373.0,1335.75,1361.0,502210.0,1280.0474914550782,1193.7969946289063,89.49723290101794,112.08913602246972,1329.02998046875,1351.4649780273437,1317.6333170572916,1280.0474914550782,1252.2519970703124,1236.5366658528646
2024-04-23,1414.3499755859375,1445.0,1356.949951171875,1365.0,1224073.0,1295.809991455078,1202.1119946289064,83.51216894036229,112.73225696083416,1347.1599853515625,1350.684973144531,1330.4133138020834,1295.809991455078,1264.95599609375,1243.763330078125
2024-04-24,1380.5999755859375,1444.9000244140625,1370.0,1427.699951171875,473070.0,1307.6249877929688,1209.373994140625,77.44388827305869,112.29144525128892,1358.6099853515625,1350.4599731445312,1341.4333089192708,1307.6249877929688,1273.6699951171877,1252.2616617838542
2024-04-25,1375.0999755859375,1411.0,1366.0,1382.0,366178.0,1318.7649841308594,1215.918994140625,69.54688223032471,112.221747161272,1372.089990234375,1352.5099731445312,1352.9899739583334,1318.7649841308594,1282.4019921875,1259.4349934895831
2024-04-26,1370.1500244140625,1390.949951171875,1365.8499755859375,1379.9000244140625,284864.0,1326.4774841308597,1223.008994140625,66.00166546287123,110.49595539041256,1378.9699951171874,1354.17998046875,1359.3866455078123,1326.4774841308597,1290.7619921875,1266.3449951171874
2024-04-29,1349.199951171875,1384.0,1345.0,1377.699951171875,257253.0,1332.6949829101563,1230.7359936523435,61.63696397265169,105.31920075663292,1377.87998046875,1353.45498046875,1360.2699788411458,1332.6949829101563,1299.6139892578126,1273.1899943033854
2024-04-30,1352.199951171875,1385.0,1344.0,1356.550048828125,353796.0,1339.1724792480468,1238.7129931640625,56.01436984235629,98.78273750807294,1365.4499755859374,1356.30498046875,1355.606640625,1339.1724792480468,1309.73798828125,1281.704992675781
2024-05-02,1358.0999755859375,1369.75,1346.0999755859375,1356.800048828125,201585.0,1346.3124755859376,1244.9309936523437,47.908280293686296,96.23379927953732,1360.9499755859374,1359.77998046875,1353.956640625,1346.3124755859376,1318.2899853515626,1288.216658528646
2024-05-03,1390.6500244140625,1473.0,1365.0,1368.4000244140625,1369833.0,1355.7574768066406,1249.523994140625,34.71099554338094,97.61660778126416,1364.0599853515623,1368.0749877929688,1356.3599772135417,1355.7574768066406,1327.823984375,1296.0116577148438
2024-05-06,1349.699951171875,1417.0,1340.800048828125,1403.0,380350.0,1359.5324768066407,1252.9949926757813,29.01203212261566,98.03895467072304,1359.969970703125,1369.4699829101562,1356.1099772135417,1359.5324768066407,1333.1759814453126,1302.2966552734374
2024-05-07,1350.0999755859375,1364.5,1315.0,1353.0,409668.0,1360.2399780273438,1257.5069921875,28.575926152701403,97.192288116532,1360.1499755859377,1369.0149780273437,1355.6866455078125,1360.2399780273438,1338.1859814453126,1309.7033203125
2024-05-08,1365.25,1374.0,1319.550048828125,1344.050048828125,316853.0,1357.394976806641,1261.6749926757811,24.65066817910775,97.25611170500696,1362.7599853515626,1364.10498046875,1358.456648763021,1357.394976806641,1343.88998046875,1318.5749877929688
2024-05-09,1312.0,1380.0,1304.9000244140625,1365.0,374285.0,1353.8524780273438,1265.6379931640624,25.86118244971152,95.1233263926284,1353.539990234375,1357.2449829101563,1357.6999837239584,1353.8524780273438,1347.757978515625,1324.1649861653646
2024-05-10,1300.550048828125,1319.949951171875,1279.0999755859375,1312.0,313269.0,1351.1499816894532,1268.5369946289063,28.47134743734244,93.90227114893044,1335.5199951171876,1349.789990234375,1357.2233235677083,1351.1499816894532,1351.70998046875,1329.1066528320312
2024-05-13,1285.199951171875,1338.0,1261.5,1304.949951171875,783756.0,1347.737481689453,1268.7079931640626,32.0467983569661,93.92512874331236,1322.6199951171875,1341.2949829101562,1353.8533203125,1347.737481689453,1352.14998046875,1331.416650390625
2024-05-14,1280.550048828125,1300.0,1251.199951171875,1298.4000244140625,386383.0,1343.9424865722656,1269.1669946289062,35.290637393337555,93.92581449224406,1308.710009765625,1334.4299926757812,1348.9133219401042,1343.9424865722656,1349.933984375,1333.273319498698
2024-05-15,1315.5,1336.0,1287.949951171875,1288.0,458745.0,1343.532489013672,1270.678994140625,35.584595652989954,94.05347561507828,1298.760009765625,1330.7599975585938,1342.3233235677085,1343.532489013672,1345.6679833984374,1336.368318684896
2024-05-16,1312.8499755859375,1344.800048828125,1301.050048828125,1319.9000244140625,278587.0,1343.0074890136718,1272.5819946289062,35.97336426180045,93.92216704160715,1298.9300048828125,1326.2349975585937,1337.8066569010416,1343.0074890136718,1342.8679833984374,1339.6199829101563
2024-05-17,1340.0999755859375,1353.4000244140625,1300.050048828125,1319.3499755859375,408957.0,1344.627490234375,1275.5719946289062,35.01647666059088,93.63824451252007,1306.839990234375,1321.1799926757812,1335.4733235677083,1344.627490234375,1342.2879833984375,1344.2316487630208
2024-05-21,1332.949951171875,1356.0,1330.0999755859375,1356.0,212359.0,1344.4874877929688,1277.513994140625,35.05940987038641,93.80437132768836,1316.389990234375,1319.5049926757813,1332.993318684896,1344.4874877929688,1341.4679833984376,1346.1899820963542
2024-05-22,1328.800048828125,1351.949951171875,1323.5,1332.949951171875,196285.0,1343.1949890136718,1279.1999951171874,35.141435819411214,93.95634565579856,1326.039990234375,1317.375,1331.6333251953124,1343.1949890136718,1340.3619873046875,1345.9516520182292
2024-05-23,1324.75,1359.949951171875,1320.0,1337.800048828125,187693.0,1338.714990234375,1281.743994140625,31.06806402410453,93.4209741586556,1327.889990234375,1313.325,1329.803328450521,1338.714990234375,1340.4039892578126,1342.7049845377603
2024-05-24,1264.25,1334.0,1253.1500244140625,1329.0,672592.0,1332.897491455078,1284.5159936523437,33.602227662426984,90.7118059960521,1318.1699951171877,1308.55,1323.5466634114584,1332.897491455078,1338.039990234375,1338.7516520182292
2024-05-27,1257.0,1284.699951171875,1252.3499755859375,1271.4000244140625,210714.0,1326.9924926757812,1286.4579931640626,36.08111016523613,89.01299808988091,1301.55,1304.1949951171875,1314.6366617838542,1326.9924926757812,1336.0119921875,1335.4983194986978
2024-05-28,1230.0,1257.0,1227.0,1250.0,346844.0,1319.9849914550782,1287.8009936523438,40.58645958219117,87.60541848928452,1280.960009765625,1298.675,1306.6566650390623,1319.9849914550782,1331.7819921875,1331.383321126302
2024-05-29,1230.449951171875,1245.0,1216.3499755859375,1220.0,146242.0,1314.0474914550782,1289.5329931640624,44.57748119798694,85.53290492747162,1261.289990234375,1293.664990234375,1298.6799967447917,1314.0474914550782,1326.8139892578124,1327.1833211263022
2024-05-30,1200.1500244140625,1235.0,1197.0999755859375,1225.0,255049.0,1306.4449951171875,1291.6009936523435,50.32366220343615,81.9517297932958,1236.3699951171875,1282.1299926757813,1287.6733317057292,1306.4449951171875,1318.2459912109375,1323.064990234375
2024-05-31,1259.949951171875,1284.699951171875,1199.0,1201.1500244140625,1189563.0,1301.5374938964844,1293.5449926757813,49.8042638807536,79.96153004941134,1235.5099853515626,1276.839990234375,1284.2033284505208,1301.5374938964844,1313.419990234375,1320.9516560872396
2024-06-03,1324.75,1337.5999755859375,1271.6500244140625,1284.5,525927.0,1298.2424926757812,1296.9039916992188,45.60093835417367,77.59245929022234,1249.0599853515623,1275.3049926757812,1285.8166585286458,1298.2424926757812,1311.4059912109376,1321.5199910481772
2024-06-04,1193.6500244140625,1320.0,1111.1500244140625,1320.0,837564.0,1290.4399963378903,1297.5539916992188,49.51533595340217,76.56130187873872,1241.789990234375,1261.375,1279.713330078125,1290.4399963378903,1304.3459912109374,1316.7833251953125
2024-06-05,1225.5,1239.25,1155.0,1193.6500244140625,313136.0,1284.2099975585938,1299.5059912109375,49.45238736277149,73.32327195825003,1240.8,1251.0449951171877,1276.0433268229167,1284.2099975585938,1299.3979931640624,1312.4783243815104
2024-06-06,1244.25,1279.0,1228.0,1229.9000244140625,244586.0,1278.1599975585937,1302.4089916992189,46.31840779399989,67.89969961713763,1249.6199951171875,1242.9949951171875,1271.2933268229167,1278.1599975585937,1295.0799951171875,1306.8083251953126
2024-06-07,1258.6500244140625,1264.0,1237.949951171875,1244.25,167399.0,1275.492498779297,1304.6959912109376,45.80030188533527,64.29571069270118,1249.360009765625,1242.4349975585938,1267.6799967447917,1275.492498779297,1291.1019970703126,1302.7433268229167
2024-06-10,1273.800048828125,1297.0,1255.5,1270.0,174230.0,1274.1549987792969,1307.1259912109374,45.41903777188635,60.60877778104175,1239.17001953125,1244.1150024414062,1263.2600016276042,1274.1549987792969,1286.427998046875,1299.3666625976562
2024-06-11,1330.5,1348.0,1274.0,1279.0,390653.0,1276.4200012207032,1309.4179907226562,47.09735399784711,59.23996125104389,1266.5400146484376,1254.1650024414062,1263.0966715494792,1276.4200012207032,1285.66,1298.0449951171877
2024-06-12,1316.3499755859375,1339.0,1312.0,1333.0,166423.0,1278.2099975585938,1311.247990722656,47.93543801721747,57.973980031195325,1284.710009765625,1262.7550048828125,1262.2666666666669,1278.2099975585938,1284.31,1296.9499959309896
2024-06-13,1344.25,1353.949951171875,1305.9000244140625,1323.800048828125,240325.0,1279.6474975585938,1313.679990234375,49.5175288769587,56.718412511478064,1304.710009765625,1277.1650024414062,1263.5666666666666,1279.6474975585938,1283.47,1296.6849975585938
2024-06-14,1334.5999755859375,1354.0,1330.0,1351.0,156914.0,1280.7349975585937,1316.0659887695313,50.51390888433226,54.97797723074127,1319.9,1284.6300048828125,1268.2566650390625,1280.7349975585937,1284.3739990234376,1295.9016642252604
2024-06-18,1370.0999755859375,1405.0,1318.1500244140625,1338.0,545794.0,1282.2349975585937,1319.43298828125,52.76479264092601,52.9518482065788,1339.1599853515625,1289.1650024414062,1275.7966634114584,1282.2349975585937,1287.15599609375,1295.2166625976563
2024-06-19,1354.25,1392.4000244140625,1335.050048828125,1377.9000244140625,351677.0,1283.3,1321.0339892578124,54.04180300032508,52.76614747506851,1343.9099853515625,1305.225,1284.0799967447915,1283.3,1289.917998046875,1295.3683308919271
2024-06-20,1333.9000244140625,1358.0,1330.0,1358.0,191089.0,1283.554998779297,1320.9929907226565,54.27930714504962,52.75511669651814,1347.4199951171877,1316.0650024414062,1290.976668294271,1283.554998779297,1292.0519970703126,1294.8283325195312
2024-06-21,1306.199951171875,1347.6500244140625,1299.75,1335.949951171875,174715.0,1282.6274963378903,1318.6739892578123,53.69366375756481,50.72720453356334,1339.8099853515623,1322.2599975585938,1298.0466634114584,1282.6274963378903,1291.6799951171874,1292.8599975585937
2024-06-24,1302.3499755859375,1329.75,1286.050048828125,1304.0,169478.0,1284.5324951171874,1317.0639892578124,53.68320546725764,49.91983898924199,1333.3599853515625,1326.6299926757813,1300.8733317057292,1284.5324951171874,1291.2599951171876,1292.538330078125
2024-06-25,1295.550048828125,1313.0,1291.5,1307.800048828125,188607.0,1286.4599975585938,1315.8829907226564,53.33355185933698,49.71175843269599,1318.45,1328.8049926757812,1298.926668294271,1286.4599975585938,1289.477998046875,1292.3716634114585
2024-06-26,1304.5999755859375,1335.800048828125,1296.6500244140625,1298.5,271851.0,1290.1899963378903,1314.9059912109376,51.76259418851061,49.43765211962512,1308.5199951171876,1326.214990234375,1306.323331705729,1290.1899963378903,1288.3439990234374,1293.018330891927
2024-06-27,1303.550048828125,1310.949951171875,1286.3499755859375,1304.5999755859375,274834.0,1293.8450012207031,1313.8479931640625,49.86845526382432,49.0953008543045,1302.45,1324.9349975585938,1311.5266682942708,1293.8450012207031,1287.3339990234374,1293.7849975585937
2024-06-28,1315.5,1328.0,1293.0,1319.0,189165.0,1299.6125,1313.683994140625,44.883066334146,49.07541115025723,1304.310009765625,1322.0599975585938,1316.2766682942708,1299.6125,1286.9639990234375,1293.7849975585937
2024-07-01,1385.25,1393.0,1311.6500244140625,1316.0,634439.0,1305.8775024414062,1314.9219946289063,47.71128176329933,50.09440734919489,1320.8900146484375,1327.125,1324.7166666666667,1305.8775024414062,1291.8039990234374,1296.198331705729
2024-07-02,1385.550048828125,1399.0,1361.699951171875,1394.699951171875,306577.0,1308.9175048828124,1316.4789965820312,50.81321467638094,51.06578072864114,1338.8900146484375,1328.670007324219,1332.1666666666667,1308.9175048828124,1296.9460009765626,1297.7133341471354
2024-07-03,1417.4000244140625,1465.0,1391.0,1395.0,879447.0,1320.1050048828124,1318.1119970703126,48.68606998140235,52.964819256740256,1361.4500244140625,1334.985009765625,1337.9600016276042,1320.1050048828124,1304.442001953125,1300.5283365885416
2024-07-04,1398.25,1437.4000244140625,1391.550048828125,1420.9000244140625,232362.0,1328.7425048828125,1318.9839965820313,46.28330378875109,53.92878614527229,1380.3900146484375,1341.420007324219,1343.4200032552085,1328.7425048828125,1311.15400390625,1302.8433349609377
2024-07-05,1441.800048828125,1455.9000244140625,1390.050048828125,1398.0,430631.0,1338.6200073242187,1319.532998046875,48.3367919990392,55.04755409635118,1405.6500244140625,1354.9800170898438,1349.92333984375,1338.6200073242187,1320.8200048828126,1306.7450032552083
2024-07-08,1459.0999755859375,1506.9000244140625,1442.300048828125,1450.0999755859375,480710.0,1348.6425048828123,1321.102998046875,51.55665212777469,57.87177026051005,1420.42001953125,1370.6550170898438,1358.22333984375,1348.6425048828123,1328.786005859375,1313.2400024414062
2024-07-09,1425.5999755859375,1467.0,1411.050048828125,1464.0,210608.0,1356.2325012207032,1322.112998046875,51.13067746079847,59.25746101178931,1428.4300048828125,1383.660009765625,1361.92333984375,1356.2325012207032,1332.8200048828126,1318.860001627604
2024-07-10,1392.4000244140625,1445.8499755859375,1361.6500244140625,1430.0,278072.0,1359.3275024414063,1322.557998046875,51.36398740370409,59.707398187200816,1423.4300048828125,1392.4400146484377,1364.4666748046875,1359.3275024414063,1340.7700048828126,1324.2733357747395
2024-07-11,1362.75,1405.300048828125,1358.25,1403.0,198050.0,1361.647503662109,1322.8289990234375,50.35867269675256,59.86134110646837,1416.3300048828123,1398.360009765625,1366.3900065104167,1361.647503662109,1346.2600048828126,1328.6833374023438
2024-07-12,1319.300048828125,1373.949951171875,1310.0,1365.1500244140625,473882.0,1360.4000061035156,1322.1710009765625,51.11567438758963,59.71253934255516,1391.8300048828123,1398.7400146484374,1367.2633463541667,1360.4000061035156,1349.2620068359374,1332.6550048828126
2024-07-15,1320.6500244140625,1334.9000244140625,1297.0,1327.0,246414.0,1359.7025085449218,1321.422001953125,51.57933113512092,59.487119607120434,1364.1400146484375,1392.2800170898438,1368.483349609375,1359.7025085449218,1351.7420068359374,1334.678340657552
2024-07-16,1301.6500244140625,1348.1500244140625,1298.0,1324.699951171875,162617.0,1356.280010986328,1319.642001953125,53.101607869752186,58.69971048852465,1339.3500244140623,1383.8900146484375,1368.8900146484375,1356.280010986328,1352.856005859375,1333.908341471354
2024-07-18,1307.0,1315.0,1288.0,1300.0,131758.0,1353.917510986328,1318.7880029296875,54.23564802731519,58.5639400693611,1322.27001953125,1372.850012207031,1369.0500162760416,1353.917510986328,1351.916005859375,1337.6866739908853
2024-07-19,1265.0,1309.0,1258.25,1308.9000244140625,231289.0,1350.472509765625,1317.0860034179686,57.65453747836217,58.8711648097156,1302.72001953125,1359.5250122070313,1366.4800130208334,1350.472509765625,1349.8620068359376,1339.003340657552
2024-07-22,1307.9000244140625,1317.75,1221.050048828125,1264.949951171875,268636.0,1350.5575134277344,1315.93900390625,57.5870419896123,58.47094507951552,1300.4400146484377,1346.135009765625,1365.9733479817708,1350.5575134277344,1348.4080078125,1341.1250081380208
2024-07-23,1315.300048828125,1323.0,1232.0,1311.0,344871.0,1351.2050170898438,1316.0050048828125,57.08710684122604,58.46827051809284,1299.37001953125,1331.7550170898437,1361.3100179036458,1351.2050170898438,1347.6360107421874,1343.0133422851563
2024-07-24,1309.050048828125,1323.0,1299.050048828125,1314.0,134760.0,1351.8800170898437,1316.1750048828126,56.47089186822535,58.434764771047945,1300.8500244140623,1320.1000244140623,1356.2100179036458,1351.8800170898437,1345.194013671875,1344.1883422851563
2024-07-25,1288.75,1307.0,1283.0999755859375,1291.0,144850.0,1351.0875183105468,1316.246005859375,57.27482527084576,58.39850603380381,1297.2000244140625,1309.7350219726563,1347.633349609375,1351.0875183105468,1342.574013671875,1342.7966756184896
2024-07-26,1281.5999755859375,1303.699951171875,1280.0,1297.0,107533.0,1349.9900146484374,1316.267004394531,58.4322927523623,58.38559611656362,1300.52001953125,1301.62001953125,1339.8566813151042,1349.9900146484374,1340.48201171875,1341.6383422851563
2024-07-29,1301.5,1312.449951171875,1287.0,1290.0,139346.0,1349.2900146484376,1315.9870043945311,58.94879325572318,58.4229075116254,1299.2400146484374,1299.8400146484375,1330.5033447265623,1349.2900146484376,1340.294013671875,1340.2133422851562
2024-07-30,1319.75,1327.0,1288.0999755859375,1302.0,175747.0,1346.0150146484375,1316.1250048828124,58.66462384146863,58.42349558164172,1300.1300048828125,1299.7500122070312,1321.2133463541666,1346.0150146484375,1340.9900146484374,1339.7183430989585
2024-07-31,1294.75,1326.949951171875,1290.1500244140625,1315.0,146489.0,1341.475012207031,1315.2180053710938,58.95675224697609,58.395711362439,1297.2699951171876,1299.060009765625,1312.4900146484374,1341.475012207031,1340.9580126953124,1337.2066772460937
2024-08-01,1315.300048828125,1332.0,1291.0,1300.0,228952.0,1336.3700134277344,1314.8650073242188,56.401462771826,58.33965477060777,1302.5800048828123,1299.8900146484375,1307.3500162760415,1336.3700134277344,1341.386015625,1335.9083455403645
2024-08-02,1292.75,1307.5,1288.6500244140625,1293.0,190864.0,1331.0950134277343,1314.1440063476562,55.23082443445569,58.38666794036707,1304.810009765625,1302.6650146484376,1302.683349609375,1331.0950134277343,1340.954013671875,1334.5366780598958
2024-08-05,1243.25,1280.0,1236.0,1280.0,214029.0,1321.167510986328,1312.5140063476565,52.03666258823684,59.21627167106094,1293.160009765625,1296.2000122070312,1297.6133463541669,1321.167510986328,1338.064013671875,1332.4383463541667
2024-08-06,1208.449951171875,1283.9000244140625,1203.75,1251.8499755859375,241530.0,1308.635009765625,1311.398005371094,47.00900393943689,60.65281174604221,1270.9,1285.5150024414063,1290.1333414713542,1308.635009765625,1330.99201171875,1329.3083455403646
2024-08-07,1228.0,1237.0,1212.5,1237.0,72575.0,1298.7550109863282,1310.8180053710937,41.58440790106384,61.3186191009404,1257.55,1277.4099975585937,1285.22333984375,1298.7550109863282,1324.690009765625,1327.0566772460938
2024-08-08,1256.300048828125,1270.75,1223.3499755859375,1234.800048828125,119537.0,1291.9500122070312,1311.3440063476562,36.246866821698,60.72109257909564,1245.75,1274.1650024414062,1281.8433430989585,1291.9500122070312,1318.2460107421875,1325.4466796875
2024-08-09,1206.550048828125,1269.699951171875,1161.5,1269.699951171875,617473.0,1284.1400146484375,1310.8660083007812,37.00886520376419,61.46045756803483,1228.510009765625,1266.660009765625,1277.9466796875,1284.1400146484375,1310.5780126953125,1322.2133463541666
2024-08-12,1215.050048828125,1250.0,1192.25,1200.050048828125,421506.0,1278.9275146484374,1311.1640087890626,39.07971490109902,60.94665334875448,1222.87001953125,1258.0150146484375,1271.756681315104,1278.9275146484374,1301.5080126953126,1318.8650146484374
2024-08-13,1187.5,1229.0,1183.0999755859375,1212.0999755859375,230016.0,1272.2700134277345,1309.715009765625,42.765600035694334,63.01524930926264,1218.680029296875,1244.7900146484376,1263.236678059896,1272.2700134277345,1290.644013671875,1312.273347981771
2024-08-14,1181.9000244140625,1203.0,1162.0,1191.0999755859375,169969.0,1266.2825134277343,1306.8580102539063,46.64286549246804,65.50863128494119,1209.4600341796877,1233.5050170898437,1254.760009765625,1266.2825134277343,1280.896015625,1305.4850138346353
2024-08-16,1189.0,1249.9000244140625,1181.0,1192.0,259732.0,1260.3825134277345,1306.765009765625,48.64157540220852,65.67571662203073,1196.0000244140624,1220.8750122070312,1248.110009765625,1260.3825134277345,1272.7600146484374,1297.8716796875
2024-08-19,1186.050048828125,1209.9000244140625,1180.0999755859375,1190.0,113341.0,1256.435015869141,1305.9760107421876,51.37396108119514,66.89752473167567,1191.9000244140625,1210.2050170898438,1241.7400146484374,1256.435015869141,1265.6920166015625,1290.7983479817708
2024-08-20,1181.5,1204.9000244140625,1179.9000244140625,1190.0,107990.0,1250.1150146484374,1304.7210107421874,52.47262687718657,68.64491412767195,1185.1900146484377,1204.0300170898438,1233.7400146484374,1250.1150146484374,1260.1800146484377,1282.1216796875
2024-08-21,1189.199951171875,1199.0,1182.0,1187.5,103895.0,1243.810009765625,1303.3320092773438,51.79953738990596,70.27935521664661,1185.5300048828126,1202.1050170898438,1225.0366780598958,1243.810009765625,1254.92201171875,1273.1250122070312
2024-08-22,1202.25,1209.449951171875,1194.449951171875,1194.449951171875,141381.0,1238.4700073242188,1301.9010083007813,50.20028758342593,71.60880809400201,1189.6,1199.5300170898438,1218.870011393229,1238.4700073242188,1250.9460107421876,1265.6800130208333
2024-08-23,1212.75,1227.0,1191.1500244140625,1208.0,175430.0,1234.670007324219,1299.5460083007813,49.05740445694626,72.5787323574876,1194.35,1195.1750122070312,1212.033341471354,1234.670007324219,1247.1760107421876,1259.6916788736978
2024-08-26,1181.6500244140625,1219.949951171875,1176.550048828125,1219.949951171875,169689.0,1229.672509765625,1296.8520092773438,49.11594592539485,74.41885805873676,1193.4699951171874,1192.685009765625,1204.6266764322916,1229.672509765625,1243.84201171875,1253.6550130208334
2024-08-27,1179.199951171875,1192.0,1175.4000244140625,1184.25,238263.0,1223.5575073242187,1293.5510083007812,47.28167134549346,75.91896353444817,1193.0099853515626,1189.1,1200.3566731770834,1223.5575073242187,1238.6940087890623,1248.985009765625
2024-08-28,1169.800048828125,1193.0,1165.0999755859375,1181.0,218695.0,1216.060009765625,1290.255009765625,42.91251305866895,77.6579186496959,1189.1300048828125,1187.3300048828123,1197.7800130208334,1216.060009765625,1232.8740087890626,1243.9566772460937
2024-08-29,1170.5,1180.0,1165.25,1170.9000244140625,76186.0,1209.847509765625,1286.2630102539065,39.80206855571031,78.59429601170201,1182.7800048828126,1186.1900024414062,1193.9466796875,1209.847509765625,1227.3320068359376,1239.585009765625
2024-08-30,1176.1500244140625,1189.9000244140625,1170.0999755859375,1189.9000244140625,91428.0,1202.8900085449218,1282.7010107421877,31.74489981790236,79.48101451687246,1175.460009765625,1184.9050048828126,1188.6033447265625,1202.8900085449218,1222.8280078125,1235.2233439127604
2024-09-02,1176.800048828125,1180.050048828125,1160.0,1180.0,120080.0,1197.092510986328,1279.5590112304687,24.14940666090732,80.51421708018246,1174.4900146484374,1183.9800048828124,1186.620011393229,1197.092510986328,1218.6360107421874,1232.2833455403645
2024-09-03,1186.8499755859375,1189.9000244140625,1161.800048828125,1171.0,204369.0,1194.272509765625,1277.17201171875,21.63821011311774,81.47176244582684,1176.02001953125,1184.5150024414063,1184.7400065104166,1194.272509765625,1214.050009765625,1228.2483439127604
2024-09-04,1178.0,1184.949951171875,1168.8499755859375,1180.0,143095.0,1192.7500122070312,1274.6850122070311,21.65940339608856,82.57793541350772,1177.660009765625,1183.3950073242188,1184.1066731770834,1192.7500122070312,1208.380009765625,1223.6716756184896
2024-09-05,1178.050048828125,1185.5999755859375,1170.050048828125,1183.9000244140625,103548.0,1190.2525146484377,1272.3350122070312,20.212349998595005,83.63715325613961,1179.17001953125,1180.975012207031,1183.850008138021,1190.2525146484377,1203.71201171875,1219.3050089518229
2024-09-06,1182.8499755859375,1187.0,1159.0,1182.0,159966.0,1186.580010986328,1269.9000122070313,12.947297842933423,84.44701025410573,1180.510009765625,1177.985009765625,1183.4400065104169,1186.580010986328,1198.4140087890626,1215.775008138021
2024-09-09,1174.6500244140625,1184.449951171875,1153.550048828125,1175.0,169405.0,1184.985009765625,1267.32201171875,12.30673648982461,85.36135798152773,1180.0800048828123,1177.285009765625,1182.6800048828125,1184.985009765625,1193.690009765625,1212.210009765625
2024-09-10,1189.550048828125,1210.0,1164.75,1175.0,303033.0,1183.710009765625,1264.8030126953124,10.162055338577922,85.76803103567687,1180.62001953125,1178.32001953125,1183.2166748046875,1183.710009765625,1191.54201171875,1208.4783447265625
2024-09-11,1190.199951171875,1247.0,1175.0999755859375,1210.0,787774.0,1183.8450073242188,1260.90201171875,10.232741136190604,84.60579078049386,1183.060009765625,1180.360009765625,1183.283341471354,1183.8450073242188,1190.81201171875,1204.160009765625
2024-09-12,1186.050048828125,1197.9000244140625,1173.699951171875,1194.6500244140625,155434.0,1184.052508544922,1256.91201171875,10.233302050881024,83.30158266367759,1184.660009765625,1181.9150146484376,1182.2033447265626,1184.052508544922,1189.134013671875,1200.5366780598958
2024-09-13,1178.949951171875,1193.949951171875,1174.449951171875,1189.949951171875,126821.0,1183.5500061035157,1252.143010253906,10.224318771288477,80.71150968129338,1183.8800048828125,1182.1950073242188,1179.9500081380208,1183.5500061035157,1186.040009765625,1195.9916748046876
2024-09-16,1170.0,1192.0,1150.0999755859375,1192.0,265271.0,1182.7475036621097,1247.5780102539063,10.639225933489003,78.70913936865337,1182.95,1181.5150024414063,1179.17333984375,1182.7475036621097,1184.5780078125,1191.900008138021
2024-09-17,1152.25,1188.699951171875,1149.449951171875,1171.0,179667.0,1181.2850036621094,1241.7870092773437,12.641687054399457,74.67613708446977,1175.489990234375,1178.0550048828125,1177.3766764322916,1181.2850036621094,1182.066005859375,1188.8666748046876
2024-09-18,1138.5,1187.0,1135.5999755859375,1159.9000244140625,406961.0,1178.7500061035155,1235.375009765625,15.68743827312466,69.19911246271882,1165.15,1174.1050048828124,1175.2900065104166,1178.7500061035155,1180.106005859375,1186.535009765625
2024-09-19,1123.300048828125,1149.9000244140625,1107.0999755859375,1149.9000244140625,264816.0,1174.802508544922,1229.3290112304687,19.03820532935993,65.33819326369289,1152.6,1168.6300048828125,1172.1433430989584,1174.802508544922,1177.7620068359374,1183.045011393229
2024-09-20,1094.050048828125,1136.050048828125,1079.550048828125,1134.5,340699.0,1168.8675109863282,1223.36201171875,24.347350124120563,63.74580956511917,1135.62001953125,1159.7500122070312,1166.670011393229,1168.8675109863282,1173.9640087890623,1177.6366780598958
2024-09-23,1145.5999755859375,1149.9000244140625,1095.75,1104.949951171875,384787.0,1167.065008544922,1219.0190112304688,24.683342941212324,61.40991808861609,1130.7400146484374,1156.8450073242188,1164.5900065104167,1167.065008544922,1172.346005859375,1175.6050089518228
2024-09-24,1160.550048828125,1168.449951171875,1141.0,1149.5999755859375,157773.0,1166.1325134277345,1215.8440112304688,24.55271223199596,60.21153624558575,1132.4000244140625,1153.9450073242188,1162.8366780598958,1166.1325134277345,1171.5080078125,1173.7883422851562
2024-09-25,1154.5999755859375,1169.0,1150.0999755859375,1162.6500244140625,82773.0,1165.372509765625,1212.5230102539062,24.66819215831105,58.87744186779678,1135.62001953125,1150.385009765625,1161.2766764322917,1165.372509765625,1170.1240087890626,1172.6916748046874
2024-09-26,1141.6500244140625,1161.800048828125,1135.1500244140625,1152.0,67212.0,1163.9300109863282,1209.3230102539062,25.19056160278854,58.27949202652925,1139.2900146484376,1145.9450073242188,1158.850008138021,1163.9300109863282,1167.700009765625,1171.350008138021
2024-09-27,1165.5999755859375,1173.8499755859375,1136.8499755859375,1152.0,234140.0,1163.4025085449218,1206.495009765625,25.03115780539161,56.85633352785008,1153.6,1144.610009765625,1157.7000081380208,1163.4025085449218,1165.8140087890624,1170.5700073242188
2024-09-30,1168.0999755859375,1175.0,1150.5999755859375,1165.0,107444.0,1162.9675048828126,1204.5570092773437,24.861094005367125,56.471600759013015,1158.1,1144.420007324219,1157.263338216146,1162.9675048828126,1165.2720068359374,1169.9716715494792
2024-10-01,1174.050048828125,1180.0,1161.199951171875,1175.0,258686.0,1162.3275085449218,1201.880009765625,24.37391225631703,54.61472150735997,1160.8,1146.600012207031,1156.2300048828124,1162.3275085449218,1165.0660107421877,1169.72333984375
2024-10-03,1129.949951171875,1164.8499755859375,1126.0,1161.0,138039.0,1159.9250061035157,1198.1730078125,25.1049410614831,53.02643879550452,1155.8699951171875,1145.7450073242187,1152.2133382161458,1159.9250061035157,1163.4720068359377,1167.74833984375
2024-10-04,1142.25,1149.0,1107.949951171875,1126.0,138748.0,1158.1350036621093,1194.8370068359377,25.020738493556408,51.12121984587249,1155.989990234375,1147.6400024414063,1149.2933349609375,1158.1350036621093,1162.3420068359376,1165.74833984375
2024-10-07,1112.0999755859375,1149.8499755859375,1085.0,1142.1500244140625,415417.0,1154.5975036621094,1191.3040063476562,26.310719836792885,50.59991898043288,1145.289990234375,1149.4449951171875,1144.836669921875,1154.5975036621094,1159.7800048828126,1162.3933390299478
2024-10-08,1122.3499755859375,1133.0,1110.25,1112.050048828125,87700.0,1151.9825012207032,1188.1190063476563,26.80716745418597,49.80601621067028,1136.139990234375,1147.1199951171875,1141.660001627604,1151.9825012207032,1157.602001953125,1160.4166707356771
2024-10-09,1142.8499755859375,1149.800048828125,1130.0,1130.0,83968.0,1149.6474975585938,1184.946005859375,25.35733866640348,47.43243575214382,1129.8999755859377,1145.3499877929687,1141.0333333333333,1149.6474975585938,1155.842001953125,1159.2050048828123
2024-10-10,1179.9000244140625,1192.0,1136.0,1136.0,163163.0,1149.132501220703,1182.1490063476565,24.583164246602887,43.26098937576549,1139.889990234375,1147.8799926757813,1143.7933349609375,1149.132501220703,1155.9180029296874,1159.5416707356771
2024-10-11,1176.0,1200.0,1165.1500244140625,1170.0,150803.0,1148.6299987792968,1179.7740063476565,23.881521504877377,40.09706135710668,1146.639990234375,1151.314990234375,1147.3066650390624,1148.6299987792968,1155.8360009765624,1159.7250040690103
2024-10-14,1173.75,1192.0,1166.050048828125,1180.0,71867.0,1148.3700012207032,1176.9430053710937,23.56019981597077,35.00705301527443,1158.9699951171874,1152.1299926757813,1152.6199951171875,1148.3700012207032,1155.472001953125,1159.6450032552084
2024-10-15,1176.8499755859375,1200.0,1173.8499755859375,1173.8499755859375,103543.0,1148.7125,1174.6250048828124,23.937949694966896,30.762184118828845,1169.8699951171875,1153.0049926757813,1154.7033284505208,1148.7125,1155.56,1159.6466674804688
2024-10-16,1171.699951171875,1193.050048828125,1165.5,1179.0,56218.0,1149.6849975585938,1173.19400390625,24.47821507454344,29.12536744478994,1175.639990234375,1152.7699829101562,1155.4466552734375,1149.6849975585938,1154.84599609375,1159.1416666666669
2024-10-17,1160.300048828125,1183.5,1154.5,1174.949951171875,67181.0,1150.775,1172.231005859375,24.43928059939157,28.729195989855697,1171.7199951171874,1155.8049926757812,1155.82666015625,1150.775,1153.65,1158.551668294271
2024-10-18,1146.75,1160.0,1134.550048828125,1151.050048828125,176217.0,1151.9474975585938,1170.606005859375,23.599869491950805,27.79298036140476,1165.8699951171875,1156.2549926757813,1156.166658528646,1151.9474975585938,1152.077998046875,1157.5083333333334
2024-10-21,1135.4000244140625,1158.050048828125,1131.3499755859375,1140.0,78591.0,1154.0149963378906,1168.1880053710938,19.75952300008785,25.335984702827567,1158.2,1158.5849975585938,1154.1533284505208,1154.0149963378906,1150.3360009765624,1155.926668294271
2024-10-22,1090.0999755859375,1139.1500244140625,1079.8499755859375,1130.0999755859375,117826.0,1151.2399963378907,1165.85900390625,24.36416807969368,27.03307707409348,1140.85,1155.3599975585937,1148.9533284505208,1151.2399963378907,1147.14,1153.1083333333331
2024-10-23,1104.0,1120.0,1082.550048828125,1090.0,134172.0,1148.4124938964844,1163.6380029296874,26.421368757728388,27.46749869575849,1127.310009765625,1151.475,1144.2833251953125,1148.4124938964844,1145.21,1150.2566650390625
2024-10-24,1100.1500244140625,1117.949951171875,1089.0,1112.050048828125,60457.0,1145.6899963378903,1161.8910034179687,28.47568398084193,28.670342670230305,1115.2800048828126,1143.5,1142.2966634114584,1145.6899963378903,1143.6760009765626,1147.255000813802
2024-10-25,1085.9000244140625,1104.050048828125,1063.25,1097.0,125743.0,1142.9024963378906,1159.9710034179689,31.463883413631667,30.46154714247336,1103.110009765625,1134.4900024414062,1138.5399983723958,1142.9024963378906,1142.18,1143.9166666666667
2024-10-28,1088.8499755859375,1105.0,1084.8499755859375,1090.0,51799.0,1139.0649963378903,1157.9680029296876,33.18331424414686,31.778026123461167,1093.8,1126.0,1136.9899983723958,1139.0649963378903,1141.9719970703125,1140.9133341471354
2024-10-29,1076.4000244140625,1107.3499755859375,1071.5,1085.0999755859375,89048.0,1134.479998779297,1155.7750024414063,35.23226629273639,33.53541397433444,1091.060009765625,1115.9550048828123,1133.926668294271,1134.479998779297,1139.2039990234375,1137.7933349609375
2024-10-30,1105.25,1115.550048828125,1076.0,1076.0,56608.0,1131.039996337891,1154.2500024414062,34.51686910708465,34.071142452642285,1091.310009765625,1109.310009765625,1131.4200032552085,1131.039996337891,1136.9919970703124,1136.226668294271
2024-10-31,1137.3499755859375,1140.0,1107.0,1107.0,47943.0,1131.4099975585937,1153.2130029296875,34.54422065132191,33.77344635181639,1098.75,1107.0150024414063,1128.5833333333333,1131.4099975585937,1136.3019970703126,1136.1883341471355
2024-11-01,1147.050048828125,1160.5,1131.050048828125,1140.0,26405.0,1131.65,1152.10900390625,34.64003916604944,33.03184995927435,1110.9800048828124,1107.045007324219,1126.6533365885416,1131.65,1136.517998046875,1136.980000813802
2024-11-04,1115.550048828125,1146.0,1103.4000244140625,1146.0,77147.0,1131.8225036621093,1150.1650048828126,34.54602100475679,32.24090526843274,1116.32001953125,1105.060009765625,1122.77333984375,1131.8225036621093,1134.5160009765625,1137.6966674804687
2024-11-05,1118.3499755859375,1130.0,1105.0,1113.550048828125,49208.0,1131.6225036621097,1148.89900390625,34.61525675385457,32.22214803152807,1124.710009765625,1107.885009765625,1118.87333984375,1131.6225036621097,1132.5260009765625,1136.7883341471354
2024-11-06,1131.800048828125,1141.0,1120.050048828125,1120.050048828125,55579.0,1131.0700073242188,1147.951005859375,34.51466077129068,32.00904406928607,1130.02001953125,1110.6650146484376,1116.2133463541666,1131.0700073242188,1130.8360009765624,1135.830000813802
2024-11-07,1130.8499755859375,1145.0,1122.3499755859375,1134.800048828125,63925.0,1128.6175048828125,1147.1720043945313,32.549037365874995,31.94034254186656,1128.72001953125,1113.735009765625,1114.2500081380208,1128.6175048828125,1130.872001953125,1135.0383341471354
2024-11-08,1183.199951171875,1213.5999755859375,1156.6500244140625,1178.0,1115394.0,1128.9775024414062,1147.4260034179688,33.13521538212911,32.179243023822025,1135.95,1123.4650024414063,1116.6800048828125,1128.9775024414062,1132.51,1136.4233317057292
2024-11-11,1189.949951171875,1209.0,1174.050048828125,1190.0,362485.0,1129.7875,1147.702001953125,34.458860685902614,32.48833020895732,1150.82998046875,1133.575,1120.3166666666666,1129.7875,1135.6239990234376,1137.2349975585937
2024-11-12,1211.050048828125,1247.0,1180.9000244140625,1194.0,470403.0,1131.4975036621097,1148.387001953125,37.62074700489248,33.46088360492166,1169.3699951171875,1147.0400024414062,1128.3800048828125,1131.4975036621097,1139.172001953125,1138.6666666666667
2024-11-13,1182.75,1212.6500244140625,1172.0999755859375,1211.050048828125,205478.0,1132.0500061035157,1148.3050024414065,38.31693861730994,33.36960151174457,1179.5599853515623,1154.7900024414062,1133.6300048828125,1132.0500061035157,1140.7680029296876,1138.9566650390625
2024-11-14,1176.9000244140625,1191.550048828125,1159.449951171875,1180.0,124148.0,1132.8800048828125,1148.2830029296874,39.132197797030685,33.34998184078833,1188.7699951171876,1158.7450073242187,1138.746671549479,1132.8800048828125,1140.6480029296874,1140.5216674804688
2024-11-18,1177.0,1183.1500244140625,1153.449951171875,1165.4000244140625,100927.0,1134.3925048828123,1148.262001953125,40.26471176946426,33.3311798616246,1187.5300048828126,1161.7400024414062,1144.8200032552083,1134.3925048828123,1140.6880029296874,1141.680000813802
2024-11-19,1180.5999755859375,1218.949951171875,1169.5,1175.0,132931.0,1136.6525024414063,1148.217001953125,41.57153424967115,33.285016965743814,1185.660009765625,1168.2449951171875,1150.936669921875,1136.6525024414063,1140.962001953125,1143.9633341471354
2024-11-21,1143.199951171875,1175.699951171875,1135.9000244140625,1171.0,141386.0,1139.3075012207032,1147.5880004882813,40.11195365568971,33.07178628194862,1172.089990234375,1170.7299926757812,1155.389998372396,1139.3075012207032,1139.6160009765624,1144.6583333333333
2024-11-22,1119.25,1147.0,1115.0,1141.1500244140625,106641.0,1140.070001220703,1146.1819995117187,39.54641728613709,32.744152361430224,1159.389990234375,1169.4749877929687,1156.323331705729,1140.070001220703,1137.5180029296876,1143.871667480469
2024-11-25,1130.449951171875,1149.3499755859375,1125.550048828125,1129.0,74584.0,1141.5849975585938,1144.9869995117188,38.50324649322254,32.19053993567712,1150.0999755859375,1169.4349853515623,1155.863330078125,1141.5849975585938,1136.3239990234374,1142.2233317057292
2024-11-26,1138.050048828125,1146.6500244140625,1126.5999755859375,1131.0,52869.0,1144.1924987792968,1144.0269995117187,36.23258071197062,31.65218484633965,1142.3099853515623,1164.9199951171877,1155.263330078125,1144.1924987792968,1135.9760009765623,1140.9583333333333
2024-11-27,1135.4000244140625,1148.0,1131.0,1148.0,80734.0,1146.520001220703,1143.1560009765626,33.91115759226459,31.26844262193528,1133.2699951171876,1159.4650024414063,1156.5866617838542,1146.520001220703,1135.9760009765623,1139.680000813802
2024-11-28,1152.5,1166.449951171875,1135.0,1143.25,123744.0,1150.325,1142.8060009765625,29.62818226259762,31.059076273844955,1135.1300048828125,1153.6099975585937,1158.863330078125,1150.325,1138.472001953125,1138.8683349609375
2024-11-29,1135.449951171875,1159.0,1130.5,1159.0,41997.0,1151.8349975585938,1142.47,27.93099023969457,31.0456945151929,1138.3699951171875,1148.8799926757813,1159.1066569010416,1151.8349975585938,1139.73,1137.660001627604
2024-12-02,1128.4000244140625,1144.3499755859375,1122.4000244140625,1135.449951171875,71739.0,1151.3875,1142.2680004882814,28.24520557645321,31.104854064216937,1137.960009765625,1144.0299926757812,1158.9433268229166,1151.3875,1140.86,1136.5966674804688
2024-12-03,1135.75,1158.9000244140625,1129.9000244140625,1129.9000244140625,78589.0,1150.8224975585938,1142.5169995117187,28.4488224633488,30.99956763554804,1137.5,1139.9049926757812,1155.7799967447916,1150.8224975585938,1142.8539990234376,1136.230000813802
2024-12-04,1152.1500244140625,1157.0,1130.9000244140625,1139.0,66104.0,1152.6524963378906,1143.6789990234374,27.21069185075252,30.22498095166475,1140.85,1137.0599975585938,1153.2600016276042,1152.6524963378906,1145.3860009765624,1136.7883341471354
2024-12-05,1164.199951171875,1185.050048828125,1144.5,1159.6500244140625,137823.0,1154.9449951171875,1144.0509985351562,26.076388835273164,30.36325126684516,1143.189990234375,1139.1599975585937,1150.1366617838542,1154.9449951171875,1148.897998046875,1139.2583333333334
2024-12-06,1197.8499755859375,1208.1500244140625,1157.550048828125,1173.8499755859375,159573.0,1158.247491455078,1144.7969970703125,27.151235513366423,31.22293437804283,1155.6699951171877,1147.0199951171876,1151.1433268229166,1158.247491455078,1152.6019970703126,1142.3866658528646
2024-12-09,1183.199951171875,1214.0,1180.0,1201.9000244140625,72810.0,1160.864990234375,1145.3689965820313,26.8931390008578,31.665032298079147,1166.62998046875,1152.2949951171877,1151.563321940104,1160.864990234375,1154.43599609375,1145.1549967447916
2024-12-10,1194.699951171875,1225.0,1190.0,1200.0,155172.0,1161.439990234375,1146.4299951171874,27.51164268625981,32.417702924973575,1178.419970703125,1157.9599853515624,1152.743318684896,1161.439990234375,1156.3419921875,1148.781660970052
2024-12-11,1187.550048828125,1200.949951171875,1181.0,1194.949951171875,52507.0,1161.3199951171875,1146.8689965820313,27.385694011348075,32.828621234380805,1185.4999755859376,1163.1749877929688,1153.2066569010417,1161.3199951171875,1159.2219921875,1152.0716634114583
2024-12-12,1166.050048828125,1207.6500244140625,1152.5,1207.6500244140625,80739.0,1159.0699951171875,1146.827998046875,24.812553761517886,32.80283539486267,1185.8699951171875,1164.5299926757812,1154.7299967447916,1159.0699951171875,1161.1299951171875,1155.0599975585938
2024-12-13,1165.550048828125,1168.800048828125,1139.9000244140625,1162.300048828125,54510.0,1158.2099975585938,1146.657998046875,24.24008229969846,32.68067662973844,1179.410009765625,1167.5400024414062,1157.8166666666666,1158.2099975585938,1162.4799951171874,1157.069999186198
2024-12-16,1150.4000244140625,1179.5,1148.0,1179.5,60832.0,1156.8849975585938,1147.066999511719,23.88637167561525,32.595161918742285,1172.8500244140623,1169.7400024414062,1159.1466715494792,1156.8849975585938,1163.2619970703124,1157.505000813802
2024-12-17,1143.0999755859375,1169.699951171875,1141.0,1153.9000244140625,52558.0,1155.1899963378903,1147.0839990234374,23.584751105536668,32.59281997753249,1162.530029296875,1170.475,1159.4833333333331,1155.1899963378903,1161.657998046875,1157.3733317057292
2024-12-18,1146.199951171875,1167.0,1135.75,1143.050048828125,76710.0,1153.4699951171874,1147.7659985351563,22.877885198786817,32.2002494819633,1154.260009765625,1169.8799926757813,1160.2033284505208,1153.4699951171874,1159.907998046875,1158.3949951171876
2024-12-19,1123.949951171875,1138.5999755859375,1106.4000244140625,1134.0,142419.0,1152.5074951171875,1147.797998046875,23.722059530610807,32.175261748091096,1145.839990234375,1165.8549926757812,1158.2999918619792,1152.5074951171875,1156.423994140625,1158.581660970052
2024-12-20,1092.4000244140625,1125.050048828125,1085.5999755859375,1122.0,62708.0,1151.164996337891,1146.7889990234376,26.320681334678323,33.11102984247481,1131.2099853515624,1155.3099975585938,1155.4299967447917,1151.164996337891,1152.8099951171876,1157.2683268229166
2024-12-23,1095.0,1115.0,1068.5,1095.0,76040.0,1149.3924987792968,1145.0909985351564,28.86023107652024,33.552357713547494,1120.12998046875,1146.4900024414062,1153.2033284505208,1149.3924987792968,1149.533994140625,1156.073327636719
2024-12-24,1109.1500244140625,1132.949951171875,1089.8499755859375,1095.0,64344.0,1147.9474975585938,1143.7539990234377,30.15258635986896,33.62739516187063,1113.339990234375,1137.935009765625,1151.4299967447917,1147.9474975585938,1146.8199951171875,1153.6049967447916
2024-12-26,1120.550048828125,1128.0,1105.050048828125,1110.25,48966.0,1147.2049987792968,1142.69,30.656454498092355,33.500332650570265,1108.210009765625,1131.235009765625,1149.323331705729,1147.2049987792968,1144.417998046875,1151.2916666666667
2024-12-27,1125.1500244140625,1133.5,1116.5,1120.550048828125,45930.0,1145.8375,1141.6560009765626,31.01572575966385,33.22116095040544,1108.4500244140625,1127.1450073242188,1146.7200032552084,1145.8375,1143.6960009765626,1148.4283325195313
2024-12-30,1115.9000244140625,1125.0,1101.3499755859375,1120.0999755859375,57798.0,1144.8600036621094,1140.5400024414062,31.66167443752192,33.12841124786343,1113.1500244140625,1122.1800048828125,1141.2566731770833,1144.8600036621094,1143.562001953125,1146.2
2024-12-31,1106.8499755859375,1119.4000244140625,1096.0,1115.5999755859375,68703.0,1143.7825012207031,1139.4710009765624,32.603989118903066,33.339475354360275,1115.52001953125,1117.825,1136.1666748046875,1143.7825012207031,1142.6180029296877,1143.8649983723958
2025-01-01,1101.449951171875,1106.8499755859375,1081.0,1106.8499755859375,201344.0,1142.0674987792968,1138.565,33.92412669871646,33.75061140528182,1113.9800048828124,1113.6599975585937,1129.9500081380208,1142.0674987792968,1141.1539990234376,1141.3466634114584
2025-01-02,1105.75,1111.800048828125,1096.0,1101.449951171875,46658.0,1139.7474975585938,1137.9719995117186,34.77426177223001,34.06635464371958,1111.0199951171876,1109.6150024414062,1124.496671549479,1139.7474975585938,1139.967998046875,1138.8516642252605
2025-01-03,1103.300048828125,1113.300048828125,1097.5,1105.75,65408.0,1136.7025024414063,1138.2360009765623,35.18431953392731,33.73735229913908,1106.65,1107.5500122070312,1120.313338216146,1136.7025024414063,1138.0,1137.5216674804688
2025-01-06,1090.0999755859375,1109.9000244140625,1069.9000244140625,1109.9000244140625,111405.0,1131.3150024414062,1137.9580004882812,33.53950490219104,34.0807405758199,1101.489990234375,1107.3200073242188,1115.2833333333333,1131.3150024414062,1136.1860009765626,1136.55
2025-01-07,1090.1500244140625,1095.800048828125,1075.0,1085.0,97002.0,1126.6625061035156,1137.7580004882811,32.397743960071246,34.3355312346468,1098.15,1106.835009765625,1111.2666666666669,1126.6625061035156,1134.6560009765626,1135.206669108073
2025-01-08,1080.449951171875,1095.75,1075.300048828125,1085.0,60729.0,1120.9500061035155,1137.6489990234377,29.7325938794661,34.51171801029249,1093.95,1103.9650024414063,1107.089998372396,1120.9500061035155,1132.4439990234375,1133.2866658528646
2025-01-09,1091.9000244140625,1095.800048828125,1073.0,1078.75,94811.0,1116.1675048828124,1137.71,25.90204729151033,34.42629312392737,1091.1800048828125,1101.1,1103.4700032552084,1116.1675048828124,1130.0339990234374,1131.8366658528646
