Date_Ticker,Close_JYOTICNC.NS,High_JYOTICNC.NS,Low_JYOTICNC.NS,Open_JYOTICNC.NS,Volume_JYOTICNC.NS,MA_20_Unnamed: 6_level_1,MA_50_Unnamed: 7_level_1,Volatility_20_Unnamed: 8_level_1,Volatility_50_Unnamed: 9_level_1
Date,,,,,,,,,
2020-01-10,,,,,,,,,
2020-01-13,,,,,,,,,
2020-01-14,,,,,,,,,
2020-01-15,,,,,,,,,
2020-01-16,,,,,,,,,
2020-01-17,,,,,,,,,
2020-01-20,,,,,,,,,
2020-01-21,,,,,,,,,
2020-01-22,,,,,,,,,
2020-01-23,,,,,,,,,
2020-01-24,,,,,,,,,
2020-01-27,,,,,,,,,
2020-01-28,,,,,,,,,
2020-01-29,,,,,,,,,
2020-01-30,,,,,,,,,
2020-01-31,,,,,,,,,
2020-02-03,,,,,,,,,
2020-02-04,,,,,,,,,
2020-02-05,,,,,,,,,
2020-02-06,,,,,,,,,
2020-02-07,,,,,,,,,
2020-02-10,,,,,,,,,
2020-02-11,,,,,,,,,
2020-02-12,,,,,,,,,
2020-02-13,,,,,,,,,
2020-02-14,,,,,,,,,
2020-02-17,,,,,,,,,
2020-02-18,,,,,,,,,
2020-02-19,,,,,,,,,
2020-02-20,,,,,,,,,
2020-02-24,,,,,,,,,
2020-02-25,,,,,,,,,
2020-02-26,,,,,,,,,
2020-02-27,,,,,,,,,
2020-02-28,,,,,,,,,
2020-03-02,,,,,,,,,
2020-03-03,,,,,,,,,
2020-03-04,,,,,,,,,
2020-03-05,,,,,,,,,
2020-03-06,,,,,,,,,
2020-03-09,,,,,,,,,
2020-03-11,,,,,,,,,
2020-03-12,,,,,,,,,
2020-03-13,,,,,,,,,
2020-03-16,,,,,,,,,
2020-03-17,,,,,,,,,
2020-03-18,,,,,,,,,
2020-03-19,,,,,,,,,
2020-03-20,,,,,,,,,
2020-03-23,,,,,,,,,
2020-03-24,,,,,,,,,
2020-03-25,,,,,,,,,
2020-03-26,,,,,,,,,
2020-03-27,,,,,,,,,
2020-03-30,,,,,,,,,
2020-03-31,,,,,,,,,
2020-04-01,,,,,,,,,
2020-04-03,,,,,,,,,
2020-04-07,,,,,,,,,
2020-04-08,,,,,,,,,
2020-04-09,,,,,,,,,
2020-04-13,,,,,,,,,
2020-04-15,,,,,,,,,
2020-04-16,,,,,,,,,
2020-04-17,,,,,,,,,
2020-04-20,,,,,,,,,
2020-04-21,,,,,,,,,
2020-04-22,,,,,,,,,
2020-04-23,,,,,,,,,
2020-04-24,,,,,,,,,
2020-04-27,,,,,,,,,
2020-04-28,,,,,,,,,
2020-04-29,,,,,,,,,
2020-04-30,,,,,,,,,
2020-05-04,,,,,,,,,
2020-05-05,,,,,,,,,
2020-05-06,,,,,,,,,
2020-05-07,,,,,,,,,
2020-05-08,,,,,,,,,
2020-05-11,,,,,,,,,
2020-05-12,,,,,,,,,
2020-05-13,,,,,,,,,
2020-05-14,,,,,,,,,
2020-05-15,,,,,,,,,
2020-05-18,,,,,,,,,
2020-05-19,,,,,,,,,
2020-05-20,,,,,,,,,
2020-05-21,,,,,,,,,
2020-05-22,,,,,,,,,
2020-05-26,,,,,,,,,
2020-05-27,,,,,,,,,
2020-05-28,,,,,,,,,
2020-05-29,,,,,,,,,
2020-06-01,,,,,,,,,
2020-06-02,,,,,,,,,
2020-06-03,,,,,,,,,
2020-06-04,,,,,,,,,
2020-06-05,,,,,,,,,
2020-06-08,,,,,,,,,
2020-06-09,,,,,,,,,
2020-06-10,,,,,,,,,
2020-06-11,,,,,,,,,
2020-06-12,,,,,,,,,
2020-06-15,,,,,,,,,
2020-06-16,,,,,,,,,
2020-06-17,,,,,,,,,
2020-06-18,,,,,,,,,
2020-06-19,,,,,,,,,
2020-06-22,,,,,,,,,
2020-06-23,,,,,,,,,
2020-06-24,,,,,,,,,
2020-06-25,,,,,,,,,
2020-06-26,,,,,,,,,
2020-06-29,,,,,,,,,
2020-06-30,,,,,,,,,
2020-07-01,,,,,,,,,
2020-07-02,,,,,,,,,
2020-07-03,,,,,,,,,
2020-07-06,,,,,,,,,
2020-07-07,,,,,,,,,
2020-07-08,,,,,,,,,
2020-07-09,,,,,,,,,
2020-07-10,,,,,,,,,
2020-07-13,,,,,,,,,
2020-07-14,,,,,,,,,
2020-07-15,,,,,,,,,
2020-07-16,,,,,,,,,
2020-07-17,,,,,,,,,
2020-07-20,,,,,,,,,
2020-07-21,,,,,,,,,
2020-07-22,,,,,,,,,
2020-07-23,,,,,,,,,
2020-07-24,,,,,,,,,
2020-07-27,,,,,,,,,
2020-07-28,,,,,,,,,
2020-07-29,,,,,,,,,
2020-07-30,,,,,,,,,
2020-07-31,,,,,,,,,
2020-08-03,,,,,,,,,
2020-08-04,,,,,,,,,
2020-08-05,,,,,,,,,
2020-08-06,,,,,,,,,
2020-08-07,,,,,,,,,
2020-08-10,,,,,,,,,
2020-08-11,,,,,,,,,
2020-08-12,,,,,,,,,
2020-08-13,,,,,,,,,
2020-08-14,,,,,,,,,
2020-08-17,,,,,,,,,
2020-08-18,,,,,,,,,
2020-08-19,,,,,,,,,
2020-08-20,,,,,,,,,
2020-08-21,,,,,,,,,
2020-08-24,,,,,,,,,
2020-08-25,,,,,,,,,
2020-08-26,,,,,,,,,
2020-08-27,,,,,,,,,
2020-08-28,,,,,,,,,
2020-08-31,,,,,,,,,
2020-09-01,,,,,,,,,
2020-09-02,,,,,,,,,
2020-09-03,,,,,,,,,
2020-09-04,,,,,,,,,
2020-09-07,,,,,,,,,
2020-09-08,,,,,,,,,
2020-09-09,,,,,,,,,
2020-09-10,,,,,,,,,
2020-09-11,,,,,,,,,
2020-09-14,,,,,,,,,
2020-09-15,,,,,,,,,
2020-09-16,,,,,,,,,
2020-09-17,,,,,,,,,
2020-09-18,,,,,,,,,
2020-09-21,,,,,,,,,
2020-09-22,,,,,,,,,
2020-09-23,,,,,,,,,
2020-09-24,,,,,,,,,
2020-09-25,,,,,,,,,
2020-09-28,,,,,,,,,
2020-09-29,,,,,,,,,
2020-09-30,,,,,,,,,
2020-10-01,,,,,,,,,
2020-10-05,,,,,,,,,
2020-10-06,,,,,,,,,
2020-10-07,,,,,,,,,
2020-10-08,,,,,,,,,
2020-10-09,,,,,,,,,
2020-10-12,,,,,,,,,
2020-10-13,,,,,,,,,
2020-10-14,,,,,,,,,
2020-10-15,,,,,,,,,
2020-10-16,,,,,,,,,
2020-10-19,,,,,,,,,
2020-10-20,,,,,,,,,
2020-10-21,,,,,,,,,
2020-10-22,,,,,,,,,
2020-10-23,,,,,,,,,
2020-10-26,,,,,,,,,
2020-10-27,,,,,,,,,
2020-10-28,,,,,,,,,
2020-10-29,,,,,,,,,
2020-10-30,,,,,,,,,
2020-11-02,,,,,,,,,
2020-11-03,,,,,,,,,
2020-11-04,,,,,,,,,
2020-11-05,,,,,,,,,
2020-11-06,,,,,,,,,
2020-11-09,,,,,,,,,
2020-11-10,,,,,,,,,
2020-11-11,,,,,,,,,
2020-11-12,,,,,,,,,
2020-11-13,,,,,,,,,
2020-11-14,,,,,,,,,
2020-11-17,,,,,,,,,
2020-11-18,,,,,,,,,
2020-11-19,,,,,,,,,
2020-11-20,,,,,,,,,
2020-11-23,,,,,,,,,
2020-11-24,,,,,,,,,
2020-11-25,,,,,,,,,
2020-11-26,,,,,,,,,
2020-11-27,,,,,,,,,
2020-12-01,,,,,,,,,
2020-12-02,,,,,,,,,
2020-12-03,,,,,,,,,
2020-12-04,,,,,,,,,
2020-12-07,,,,,,,,,
2020-12-08,,,,,,,,,
2020-12-09,,,,,,,,,
2020-12-10,,,,,,,,,
2020-12-11,,,,,,,,,
2020-12-14,,,,,,,,,
2020-12-15,,,,,,,,,
2020-12-16,,,,,,,,,
2020-12-17,,,,,,,,,
2020-12-18,,,,,,,,,
2020-12-21,,,,,,,,,
2020-12-22,,,,,,,,,
2020-12-23,,,,,,,,,
2020-12-24,,,,,,,,,
2020-12-28,,,,,,,,,
2020-12-29,,,,,,,,,
2020-12-30,,,,,,,,,
2020-12-31,,,,,,,,,
2021-01-01,,,,,,,,,
2021-01-04,,,,,,,,,
2021-01-05,,,,,,,,,
2021-01-06,,,,,,,,,
2021-01-07,,,,,,,,,
2021-01-08,,,,,,,,,
2021-01-11,,,,,,,,,
2021-01-12,,,,,,,,,
2021-01-13,,,,,,,,,
2021-01-14,,,,,,,,,
2021-01-15,,,,,,,,,
2021-01-18,,,,,,,,,
2021-01-19,,,,,,,,,
2021-01-20,,,,,,,,,
2021-01-21,,,,,,,,,
2021-01-22,,,,,,,,,
2021-01-25,,,,,,,,,
2021-01-27,,,,,,,,,
2021-01-28,,,,,,,,,
2021-01-29,,,,,,,,,
2021-02-01,,,,,,,,,
2021-02-02,,,,,,,,,
2021-02-03,,,,,,,,,
2021-02-04,,,,,,,,,
2021-02-05,,,,,,,,,
2021-02-08,,,,,,,,,
2021-02-09,,,,,,,,,
2021-02-10,,,,,,,,,
2021-02-11,,,,,,,,,
2021-02-12,,,,,,,,,
2021-02-15,,,,,,,,,
2021-02-16,,,,,,,,,
2021-02-17,,,,,,,,,
2021-02-18,,,,,,,,,
2021-02-19,,,,,,,,,
2021-02-22,,,,,,,,,
2021-02-23,,,,,,,,,
2021-02-24,,,,,,,,,
2021-02-25,,,,,,,,,
2021-02-26,,,,,,,,,
2021-03-01,,,,,,,,,
2021-03-02,,,,,,,,,
2021-03-03,,,,,,,,,
2021-03-04,,,,,,,,,
2021-03-05,,,,,,,,,
2021-03-08,,,,,,,,,
2021-03-09,,,,,,,,,
2021-03-10,,,,,,,,,
2021-03-12,,,,,,,,,
2021-03-15,,,,,,,,,
2021-03-16,,,,,,,,,
2021-03-17,,,,,,,,,
2021-03-18,,,,,,,,,
2021-03-19,,,,,,,,,
2021-03-22,,,,,,,,,
2021-03-23,,,,,,,,,
2021-03-24,,,,,,,,,
2021-03-25,,,,,,,,,
2021-03-26,,,,,,,,,
2021-03-30,,,,,,,,,
2021-03-31,,,,,,,,,
2021-04-01,,,,,,,,,
2021-04-05,,,,,,,,,
2021-04-06,,,,,,,,,
2021-04-07,,,,,,,,,
2021-04-08,,,,,,,,,
2021-04-09,,,,,,,,,
2021-04-12,,,,,,,,,
2021-04-13,,,,,,,,,
2021-04-15,,,,,,,,,
2021-04-16,,,,,,,,,
2021-04-19,,,,,,,,,
2021-04-20,,,,,,,,,
2021-04-22,,,,,,,,,
2021-04-23,,,,,,,,,
2021-04-26,,,,,,,,,
2021-04-27,,,,,,,,,
2021-04-28,,,,,,,,,
2021-04-29,,,,,,,,,
2021-04-30,,,,,,,,,
2021-05-03,,,,,,,,,
2021-05-04,,,,,,,,,
2021-05-05,,,,,,,,,
2021-05-06,,,,,,,,,
2021-05-07,,,,,,,,,
2021-05-10,,,,,,,,,
2021-05-11,,,,,,,,,
2021-05-12,,,,,,,,,
2021-05-14,,,,,,,,,
2021-05-17,,,,,,,,,
2021-05-18,,,,,,,,,
2021-05-19,,,,,,,,,
2021-05-20,,,,,,,,,
2021-05-21,,,,,,,,,
2021-05-24,,,,,,,,,
2021-05-25,,,,,,,,,
2021-05-26,,,,,,,,,
2021-05-27,,,,,,,,,
2021-05-28,,,,,,,,,
2021-05-31,,,,,,,,,
2021-06-01,,,,,,,,,
2021-06-02,,,,,,,,,
2021-06-03,,,,,,,,,
2021-06-04,,,,,,,,,
2021-06-07,,,,,,,,,
2021-06-08,,,,,,,,,
2021-06-09,,,,,,,,,
2021-06-10,,,,,,,,,
2021-06-11,,,,,,,,,
2021-06-14,,,,,,,,,
2021-06-15,,,,,,,,,
2021-06-16,,,,,,,,,
2021-06-17,,,,,,,,,
2021-06-18,,,,,,,,,
2021-06-21,,,,,,,,,
2021-06-22,,,,,,,,,
2021-06-23,,,,,,,,,
2021-06-24,,,,,,,,,
2021-06-25,,,,,,,,,
2021-06-28,,,,,,,,,
2021-06-29,,,,,,,,,
2021-06-30,,,,,,,,,
2021-07-01,,,,,,,,,
2021-07-02,,,,,,,,,
2021-07-05,,,,,,,,,
2021-07-06,,,,,,,,,
2021-07-07,,,,,,,,,
2021-07-08,,,,,,,,,
2021-07-09,,,,,,,,,
2021-07-12,,,,,,,,,
2021-07-13,,,,,,,,,
2021-07-14,,,,,,,,,
2021-07-15,,,,,,,,,
2021-07-16,,,,,,,,,
2021-07-19,,,,,,,,,
2021-07-20,,,,,,,,,
2021-07-22,,,,,,,,,
2021-07-23,,,,,,,,,
2021-07-26,,,,,,,,,
2021-07-27,,,,,,,,,
2021-07-28,,,,,,,,,
2021-07-29,,,,,,,,,
2021-07-30,,,,,,,,,
2021-08-02,,,,,,,,,
2021-08-03,,,,,,,,,
2021-08-04,,,,,,,,,
2021-08-05,,,,,,,,,
2021-08-06,,,,,,,,,
2021-08-09,,,,,,,,,
2021-08-10,,,,,,,,,
2021-08-11,,,,,,,,,
2021-08-12,,,,,,,,,
2021-08-13,,,,,,,,,
2021-08-16,,,,,,,,,
2021-08-17,,,,,,,,,
2021-08-18,,,,,,,,,
2021-08-20,,,,,,,,,
2021-08-23,,,,,,,,,
2021-08-24,,,,,,,,,
2021-08-25,,,,,,,,,
2021-08-26,,,,,,,,,
2021-08-27,,,,,,,,,
2021-08-30,,,,,,,,,
2021-08-31,,,,,,,,,
2021-09-01,,,,,,,,,
2021-09-02,,,,,,,,,
2021-09-03,,,,,,,,,
2021-09-06,,,,,,,,,
2021-09-07,,,,,,,,,
2021-09-08,,,,,,,,,
2021-09-09,,,,,,,,,
2021-09-13,,,,,,,,,
2021-09-14,,,,,,,,,
2021-09-15,,,,,,,,,
2021-09-16,,,,,,,,,
2021-09-17,,,,,,,,,
2021-09-20,,,,,,,,,
2021-09-21,,,,,,,,,
2021-09-22,,,,,,,,,
2021-09-23,,,,,,,,,
2021-09-24,,,,,,,,,
2021-09-27,,,,,,,,,
2021-09-28,,,,,,,,,
2021-09-29,,,,,,,,,
2021-09-30,,,,,,,,,
2021-10-01,,,,,,,,,
2021-10-04,,,,,,,,,
2021-10-05,,,,,,,,,
2021-10-06,,,,,,,,,
2021-10-07,,,,,,,,,
2021-10-08,,,,,,,,,
2021-10-11,,,,,,,,,
2021-10-12,,,,,,,,,
2021-10-13,,,,,,,,,
2021-10-14,,,,,,,,,
2021-10-18,,,,,,,,,
2021-10-19,,,,,,,,,
2021-10-20,,,,,,,,,
2021-10-21,,,,,,,,,
2021-10-22,,,,,,,,,
2021-10-25,,,,,,,,,
2021-10-26,,,,,,,,,
2021-10-27,,,,,,,,,
2021-10-28,,,,,,,,,
2021-10-29,,,,,,,,,
2021-11-01,,,,,,,,,
2021-11-02,,,,,,,,,
2021-11-03,,,,,,,,,
2021-11-04,,,,,,,,,
2021-11-08,,,,,,,,,
2021-11-09,,,,,,,,,
2021-11-10,,,,,,,,,
2021-11-11,,,,,,,,,
2021-11-12,,,,,,,,,
2021-11-15,,,,,,,,,
2021-11-16,,,,,,,,,
2021-11-17,,,,,,,,,
2021-11-18,,,,,,,,,
2021-11-22,,,,,,,,,
2021-11-23,,,,,,,,,
2021-11-24,,,,,,,,,
2021-11-25,,,,,,,,,
2021-11-26,,,,,,,,,
2021-11-29,,,,,,,,,
2021-11-30,,,,,,,,,
2021-12-01,,,,,,,,,
2021-12-02,,,,,,,,,
2021-12-03,,,,,,,,,
2021-12-06,,,,,,,,,
2021-12-07,,,,,,,,,
2021-12-08,,,,,,,,,
2021-12-09,,,,,,,,,
2021-12-10,,,,,,,,,
2021-12-13,,,,,,,,,
2021-12-14,,,,,,,,,
2021-12-15,,,,,,,,,
2021-12-16,,,,,,,,,
2021-12-17,,,,,,,,,
2021-12-20,,,,,,,,,
2021-12-21,,,,,,,,,
2021-12-22,,,,,,,,,
2021-12-23,,,,,,,,,
2021-12-24,,,,,,,,,
2021-12-27,,,,,,,,,
2021-12-28,,,,,,,,,
2021-12-29,,,,,,,,,
2021-12-30,,,,,,,,,
2021-12-31,,,,,,,,,
2022-01-03,,,,,,,,,
2022-01-04,,,,,,,,,
2022-01-05,,,,,,,,,
2022-01-06,,,,,,,,,
2022-01-07,,,,,,,,,
2022-01-10,,,,,,,,,
2022-01-11,,,,,,,,,
2022-01-12,,,,,,,,,
2022-01-13,,,,,,,,,
2022-01-14,,,,,,,,,
2022-01-17,,,,,,,,,
2022-01-18,,,,,,,,,
2022-01-19,,,,,,,,,
2022-01-20,,,,,,,,,
2022-01-21,,,,,,,,,
2022-01-24,,,,,,,,,
2022-01-25,,,,,,,,,
2022-01-27,,,,,,,,,
2022-01-28,,,,,,,,,
2022-01-31,,,,,,,,,
2022-02-01,,,,,,,,,
2022-02-02,,,,,,,,,
2022-02-03,,,,,,,,,
2022-02-04,,,,,,,,,
2022-02-07,,,,,,,,,
2022-02-08,,,,,,,,,
2022-02-09,,,,,,,,,
2022-02-10,,,,,,,,,
2022-02-11,,,,,,,,,
2022-02-14,,,,,,,,,
2022-02-15,,,,,,,,,
2022-02-16,,,,,,,,,
2022-02-17,,,,,,,,,
2022-02-18,,,,,,,,,
2022-02-21,,,,,,,,,
2022-02-22,,,,,,,,,
2022-02-23,,,,,,,,,
2022-02-24,,,,,,,,,
2022-02-25,,,,,,,,,
2022-02-28,,,,,,,,,
2022-03-02,,,,,,,,,
2022-03-03,,,,,,,,,
2022-03-04,,,,,,,,,
2022-03-07,,,,,,,,,
2022-03-08,,,,,,,,,
2022-03-09,,,,,,,,,
2022-03-10,,,,,,,,,
2022-03-11,,,,,,,,,
2022-03-14,,,,,,,,,
2022-03-15,,,,,,,,,
2022-03-16,,,,,,,,,
2022-03-17,,,,,,,,,
2022-03-21,,,,,,,,,
2022-03-22,,,,,,,,,
2022-03-23,,,,,,,,,
2022-03-24,,,,,,,,,
2022-03-25,,,,,,,,,
2022-03-28,,,,,,,,,
2022-03-29,,,,,,,,,
2022-03-30,,,,,,,,,
2022-03-31,,,,,,,,,
2022-04-01,,,,,,,,,
2022-04-04,,,,,,,,,
2022-04-05,,,,,,,,,
2022-04-06,,,,,,,,,
2022-04-07,,,,,,,,,
2022-04-08,,,,,,,,,
2022-04-11,,,,,,,,,
2022-04-12,,,,,,,,,
2022-04-13,,,,,,,,,
2022-04-18,,,,,,,,,
2022-04-19,,,,,,,,,
2022-04-20,,,,,,,,,
2022-04-21,,,,,,,,,
2022-04-22,,,,,,,,,
2022-04-25,,,,,,,,,
2022-04-26,,,,,,,,,
2022-04-27,,,,,,,,,
2022-04-28,,,,,,,,,
2022-04-29,,,,,,,,,
2022-05-02,,,,,,,,,
2022-05-04,,,,,,,,,
2022-05-05,,,,,,,,,
2022-05-06,,,,,,,,,
2022-05-09,,,,,,,,,
2022-05-10,,,,,,,,,
2022-05-11,,,,,,,,,
2022-05-12,,,,,,,,,
2022-05-13,,,,,,,,,
2022-05-16,,,,,,,,,
2022-05-17,,,,,,,,,
2022-05-18,,,,,,,,,
2022-05-19,,,,,,,,,
2022-05-20,,,,,,,,,
2022-05-23,,,,,,,,,
2022-05-24,,,,,,,,,
2022-05-25,,,,,,,,,
2022-05-26,,,,,,,,,
2022-05-27,,,,,,,,,
2022-05-30,,,,,,,,,
2022-05-31,,,,,,,,,
2022-06-01,,,,,,,,,
2022-06-02,,,,,,,,,
2022-06-03,,,,,,,,,
2022-06-06,,,,,,,,,
2022-06-07,,,,,,,,,
2022-06-08,,,,,,,,,
2022-06-09,,,,,,,,,
2022-06-10,,,,,,,,,
2022-06-13,,,,,,,,,
2022-06-14,,,,,,,,,
2022-06-15,,,,,,,,,
2022-06-16,,,,,,,,,
2022-06-17,,,,,,,,,
2022-06-20,,,,,,,,,
2022-06-21,,,,,,,,,
2022-06-22,,,,,,,,,
2022-06-23,,,,,,,,,
2022-06-24,,,,,,,,,
2022-06-27,,,,,,,,,
2022-06-28,,,,,,,,,
2022-06-29,,,,,,,,,
2022-06-30,,,,,,,,,
2022-07-01,,,,,,,,,
2022-07-04,,,,,,,,,
2022-07-05,,,,,,,,,
2022-07-06,,,,,,,,,
2022-07-07,,,,,,,,,
2022-07-08,,,,,,,,,
2022-07-11,,,,,,,,,
2022-07-12,,,,,,,,,
2022-07-13,,,,,,,,,
2022-07-14,,,,,,,,,
2022-07-15,,,,,,,,,
2022-07-18,,,,,,,,,
2022-07-19,,,,,,,,,
2022-07-20,,,,,,,,,
2022-07-21,,,,,,,,,
2022-07-22,,,,,,,,,
2022-07-25,,,,,,,,,
2022-07-26,,,,,,,,,
2022-07-27,,,,,,,,,
2022-07-28,,,,,,,,,
2022-07-29,,,,,,,,,
2022-08-01,,,,,,,,,
2022-08-02,,,,,,,,,
2022-08-03,,,,,,,,,
2022-08-04,,,,,,,,,
2022-08-05,,,,,,,,,
2022-08-08,,,,,,,,,
2022-08-10,,,,,,,,,
2022-08-11,,,,,,,,,
2022-08-12,,,,,,,,,
2022-08-16,,,,,,,,,
2022-08-17,,,,,,,,,
2022-08-18,,,,,,,,,
2022-08-19,,,,,,,,,
2022-08-22,,,,,,,,,
2022-08-23,,,,,,,,,
2022-08-24,,,,,,,,,
2022-08-25,,,,,,,,,
2022-08-26,,,,,,,,,
2022-08-29,,,,,,,,,
2022-08-30,,,,,,,,,
2022-09-01,,,,,,,,,
2022-09-02,,,,,,,,,
2022-09-05,,,,,,,,,
2022-09-06,,,,,,,,,
2022-09-07,,,,,,,,,
2022-09-08,,,,,,,,,
2022-09-09,,,,,,,,,
2022-09-12,,,,,,,,,
2022-09-13,,,,,,,,,
2022-09-14,,,,,,,,,
2022-09-15,,,,,,,,,
2022-09-16,,,,,,,,,
2022-09-19,,,,,,,,,
2022-09-20,,,,,,,,,
2022-09-21,,,,,,,,,
2022-09-22,,,,,,,,,
2022-09-23,,,,,,,,,
2022-09-26,,,,,,,,,
2022-09-27,,,,,,,,,
2022-09-28,,,,,,,,,
2022-09-29,,,,,,,,,
2022-09-30,,,,,,,,,
2022-10-03,,,,,,,,,
2022-10-04,,,,,,,,,
2022-10-06,,,,,,,,,
2022-10-07,,,,,,,,,
2022-10-10,,,,,,,,,
2022-10-11,,,,,,,,,
2022-10-12,,,,,,,,,
2022-10-13,,,,,,,,,
2022-10-14,,,,,,,,,
2022-10-17,,,,,,,,,
2022-10-18,,,,,,,,,
2022-10-19,,,,,,,,,
2022-10-20,,,,,,,,,
2022-10-21,,,,,,,,,
2022-10-24,,,,,,,,,
2022-10-25,,,,,,,,,
2022-10-27,,,,,,,,,
2022-10-28,,,,,,,,,
2022-10-31,,,,,,,,,
2022-11-01,,,,,,,,,
2022-11-02,,,,,,,,,
2022-11-03,,,,,,,,,
2022-11-04,,,,,,,,,
2022-11-07,,,,,,,,,
2022-11-09,,,,,,,,,
2022-11-10,,,,,,,,,
2022-11-11,,,,,,,,,
2022-11-14,,,,,,,,,
2022-11-15,,,,,,,,,
2022-11-16,,,,,,,,,
2022-11-17,,,,,,,,,
2022-11-18,,,,,,,,,
2022-11-21,,,,,,,,,
2022-11-22,,,,,,,,,
2022-11-23,,,,,,,,,
2022-11-24,,,,,,,,,
2022-11-25,,,,,,,,,
2022-11-28,,,,,,,,,
2022-11-29,,,,,,,,,
2022-11-30,,,,,,,,,
2022-12-01,,,,,,,,,
2022-12-02,,,,,,,,,
2022-12-05,,,,,,,,,
2022-12-06,,,,,,,,,
2022-12-07,,,,,,,,,
2022-12-08,,,,,,,,,
2022-12-09,,,,,,,,,
2022-12-12,,,,,,,,,
2022-12-13,,,,,,,,,
2022-12-14,,,,,,,,,
2022-12-15,,,,,,,,,
2022-12-16,,,,,,,,,
2022-12-19,,,,,,,,,
2022-12-20,,,,,,,,,
2022-12-21,,,,,,,,,
2022-12-22,,,,,,,,,
2022-12-23,,,,,,,,,
2022-12-26,,,,,,,,,
2022-12-27,,,,,,,,,
2022-12-28,,,,,,,,,
2022-12-29,,,,,,,,,
2022-12-30,,,,,,,,,
2023-01-02,,,,,,,,,
2023-01-03,,,,,,,,,
2023-01-04,,,,,,,,,
2023-01-05,,,,,,,,,
2023-01-06,,,,,,,,,
2023-01-09,,,,,,,,,
2023-01-10,,,,,,,,,
2023-01-11,,,,,,,,,
2023-01-12,,,,,,,,,
2023-01-13,,,,,,,,,
2023-01-16,,,,,,,,,
2023-01-17,,,,,,,,,
2023-01-18,,,,,,,,,
2023-01-19,,,,,,,,,
2023-01-20,,,,,,,,,
2023-01-23,,,,,,,,,
2023-01-24,,,,,,,,,
2023-01-25,,,,,,,,,
2023-01-27,,,,,,,,,
2023-01-30,,,,,,,,,
2023-01-31,,,,,,,,,
2023-02-01,,,,,,,,,
2023-02-02,,,,,,,,,
2023-02-03,,,,,,,,,
2023-02-06,,,,,,,,,
2023-02-07,,,,,,,,,
2023-02-08,,,,,,,,,
2023-02-09,,,,,,,,,
2023-02-10,,,,,,,,,
2023-02-13,,,,,,,,,
2023-02-14,,,,,,,,,
2023-02-15,,,,,,,,,
2023-02-16,,,,,,,,,
2023-02-17,,,,,,,,,
2023-02-20,,,,,,,,,
2023-02-21,,,,,,,,,
2023-02-22,,,,,,,,,
2023-02-23,,,,,,,,,
2023-02-24,,,,,,,,,
2023-02-27,,,,,,,,,
2023-02-28,,,,,,,,,
2023-03-01,,,,,,,,,
2023-03-02,,,,,,,,,
2023-03-03,,,,,,,,,
2023-03-06,,,,,,,,,
2023-03-08,,,,,,,,,
2023-03-09,,,,,,,,,
2023-03-10,,,,,,,,,
2023-03-13,,,,,,,,,
2023-03-14,,,,,,,,,
2023-03-15,,,,,,,,,
2023-03-16,,,,,,,,,
2023-03-17,,,,,,,,,
2023-03-20,,,,,,,,,
2023-03-21,,,,,,,,,
2023-03-22,,,,,,,,,
2023-03-23,,,,,,,,,
2023-03-24,,,,,,,,,
2023-03-27,,,,,,,,,
2023-03-28,,,,,,,,,
2023-03-29,,,,,,,,,
2023-03-31,,,,,,,,,
2023-04-03,,,,,,,,,
2023-04-05,,,,,,,,,
2023-04-06,,,,,,,,,
2023-04-10,,,,,,,,,
2023-04-11,,,,,,,,,
2023-04-12,,,,,,,,,
2023-04-13,,,,,,,,,
2023-04-17,,,,,,,,,
2023-04-18,,,,,,,,,
2023-04-19,,,,,,,,,
2023-04-20,,,,,,,,,
2023-04-21,,,,,,,,,
2023-04-24,,,,,,,,,
2023-04-25,,,,,,,,,
2023-04-26,,,,,,,,,
2023-04-27,,,,,,,,,
2023-04-28,,,,,,,,,
2023-05-02,,,,,,,,,
2023-05-03,,,,,,,,,
2023-05-04,,,,,,,,,
2023-05-05,,,,,,,,,
2023-05-08,,,,,,,,,
2023-05-09,,,,,,,,,
2023-05-10,,,,,,,,,
2023-05-11,,,,,,,,,
2023-05-12,,,,,,,,,
2023-05-15,,,,,,,,,
2023-05-16,,,,,,,,,
2023-05-17,,,,,,,,,
2023-05-18,,,,,,,,,
2023-05-19,,,,,,,,,
2023-05-22,,,,,,,,,
2023-05-23,,,,,,,,,
2023-05-24,,,,,,,,,
2023-05-25,,,,,,,,,
2023-05-26,,,,,,,,,
2023-05-29,,,,,,,,,
2023-05-30,,,,,,,,,
2023-05-31,,,,,,,,,
2023-06-01,,,,,,,,,
2023-06-02,,,,,,,,,
2023-06-05,,,,,,,,,
2023-06-06,,,,,,,,,
2023-06-07,,,,,,,,,
2023-06-08,,,,,,,,,
2023-06-09,,,,,,,,,
2023-06-12,,,,,,,,,
2023-06-13,,,,,,,,,
2023-06-14,,,,,,,,,
2023-06-15,,,,,,,,,
2023-06-16,,,,,,,,,
2023-06-19,,,,,,,,,
2023-06-20,,,,,,,,,
2023-06-21,,,,,,,,,
2023-06-22,,,,,,,,,
2023-06-23,,,,,,,,,
2023-06-26,,,,,,,,,
2023-06-27,,,,,,,,,
2023-06-28,,,,,,,,,
2023-06-30,,,,,,,,,
2023-07-03,,,,,,,,,
2023-07-04,,,,,,,,,
2023-07-05,,,,,,,,,
2023-07-06,,,,,,,,,
2023-07-07,,,,,,,,,
2023-07-10,,,,,,,,,
2023-07-11,,,,,,,,,
2023-07-12,,,,,,,,,
2023-07-13,,,,,,,,,
2023-07-14,,,,,,,,,
2023-07-17,,,,,,,,,
2023-07-18,,,,,,,,,
2023-07-19,,,,,,,,,
2023-07-20,,,,,,,,,
2023-07-21,,,,,,,,,
2023-07-24,,,,,,,,,
2023-07-25,,,,,,,,,
2023-07-26,,,,,,,,,
2023-07-27,,,,,,,,,
2023-07-28,,,,,,,,,
2023-07-31,,,,,,,,,
2023-08-01,,,,,,,,,
2023-08-02,,,,,,,,,
2023-08-03,,,,,,,,,
2023-08-04,,,,,,,,,
2023-08-07,,,,,,,,,
2023-08-08,,,,,,,,,
2023-08-09,,,,,,,,,
2023-08-10,,,,,,,,,
2023-08-11,,,,,,,,,
2023-08-14,,,,,,,,,
2023-08-16,,,,,,,,,
2023-08-17,,,,,,,,,
2023-08-18,,,,,,,,,
2023-08-21,,,,,,,,,
2023-08-22,,,,,,,,,
2023-08-23,,,,,,,,,
2023-08-24,,,,,,,,,
2023-08-25,,,,,,,,,
2023-08-28,,,,,,,,,
2023-08-29,,,,,,,,,
2023-08-30,,,,,,,,,
2023-08-31,,,,,,,,,
2023-09-01,,,,,,,,,
2023-09-04,,,,,,,,,
2023-09-05,,,,,,,,,
2023-09-06,,,,,,,,,
2023-09-07,,,,,,,,,
2023-09-08,,,,,,,,,
2023-09-11,,,,,,,,,
2023-09-12,,,,,,,,,
2023-09-13,,,,,,,,,
2023-09-14,,,,,,,,,
2023-09-15,,,,,,,,,
2023-09-18,,,,,,,,,
2023-09-20,,,,,,,,,
2023-09-21,,,,,,,,,
2023-09-22,,,,,,,,,
2023-09-25,,,,,,,,,
2023-09-26,,,,,,,,,
2023-09-27,,,,,,,,,
2023-09-28,,,,,,,,,
2023-09-29,,,,,,,,,
2023-10-03,,,,,,,,,
2023-10-04,,,,,,,,,
2023-10-05,,,,,,,,,
2023-10-06,,,,,,,,,
2023-10-09,,,,,,,,,
2023-10-10,,,,,,,,,
2023-10-11,,,,,,,,,
2023-10-12,,,,,,,,,
2023-10-13,,,,,,,,,
2023-10-16,,,,,,,,,
2023-10-17,,,,,,,,,
2023-10-18,,,,,,,,,
2023-10-19,,,,,,,,,
2023-10-20,,,,,,,,,
2023-10-23,,,,,,,,,
2023-10-25,,,,,,,,,
2023-10-26,,,,,,,,,
2023-10-27,,,,,,,,,
2023-10-30,,,,,,,,,
2023-10-31,,,,,,,,,
2023-11-01,,,,,,,,,
2023-11-02,,,,,,,,,
2023-11-03,,,,,,,,,
2023-11-06,,,,,,,,,
2023-11-07,,,,,,,,,
2023-11-08,,,,,,,,,
2023-11-09,,,,,,,,,
2023-11-10,,,,,,,,,
2023-11-13,,,,,,,,,
2023-11-15,,,,,,,,,
2023-11-16,,,,,,,,,
2023-11-17,,,,,,,,,
2023-11-20,,,,,,,,,
2023-11-21,,,,,,,,,
2023-11-22,,,,,,,,,
2023-11-23,,,,,,,,,
2023-11-24,,,,,,,,,
2023-11-28,,,,,,,,,
2023-11-29,,,,,,,,,
2023-11-30,,,,,,,,,
2023-12-01,,,,,,,,,
2023-12-04,,,,,,,,,
2023-12-05,,,,,,,,,
2023-12-06,,,,,,,,,
2023-12-07,,,,,,,,,
2023-12-08,,,,,,,,,
2023-12-11,,,,,,,,,
2023-12-12,,,,,,,,,
2023-12-13,,,,,,,,,
2023-12-14,,,,,,,,,
2023-12-15,,,,,,,,,
2023-12-18,,,,,,,,,
2023-12-19,,,,,,,,,
2023-12-20,,,,,,,,,
2023-12-21,,,,,,,,,
2023-12-22,,,,,,,,,
2023-12-26,,,,,,,,,
2023-12-27,,,,,,,,,
2023-12-28,,,,,,,,,
2023-12-29,,,,,,,,,
2024-01-01,,,,,,,,,
2024-01-02,,,,,,,,,
2024-01-03,,,,,,,,,
2024-01-04,,,,,,,,,
2024-01-05,,,,,,,,,
2024-01-08,,,,,,,,,
2024-01-09,,,,,,,,,
2024-01-10,,,,,,,,,
2024-01-11,,,,,,,,,
2024-01-12,,,,,,,,,
2024-01-15,,,,,,,,,
2024-01-16,434.2000122070313,444.0,368.0,370.0,31632076.0,,,,
2024-01-17,427.5499877929688,448.8999938964844,404.4500122070313,426.6499938964844,5556401.0,,,,
2024-01-18,453.5,484.0,412.0,428.3500061035156,4649404.0,,,,
2024-01-19,436.25,473.8999938964844,433.0,460.0,2620363.0,,,,
2024-01-23,420.75,434.1499938964844,408.3999938964844,431.75,1750547.0,,,,
2024-01-24,419.25,431.3999938964844,410.2999877929688,422.9500122070313,1671073.0,,,,
2024-01-25,444.1499938964844,450.7000122070313,415.5,418.6499938964844,1789841.0,,,,
2024-01-29,448.75,455.9500122070313,433.5499877929688,448.2000122070313,1288468.0,,,,
2024-01-30,461.5,465.0,442.3999938964844,453.1499938964844,1451007.0,,,,
2024-01-31,553.7999877929688,553.7999877929688,462.5,462.8999938964844,3967756.0,,,,
2024-02-01,608.5999755859375,638.7999877929688,545.5999755859375,554.0,5600019.0,,,,
2024-02-02,586.0999755859375,639.9000244140625,578.0,615.0,853709.0,,,,
2024-02-05,570.2999877929688,606.0,560.0,599.0,430187.0,,,,
2024-02-06,576.5999755859375,594.7999877929688,562.25,581.7000122070312,349722.0,,,,
2024-02-07,570.2000122070312,588.9000244140625,565.0,582.9000244140625,223516.0,,,,
2024-02-08,592.6500244140625,600.0,571.0,571.0,503466.0,,,,
2024-02-09,597.5499877929688,619.0,586.0,606.0,1651937.0,,,,
2024-02-12,545.9500122070312,615.0,537.7999877929688,615.0,623792.0,,,,
2024-02-13,580.4500122070312,600.5,512.5999755859375,520.0999755859375,1198528.0,,,,
2024-02-14,589.4000244140625,608.5,549.5499877929688,582.0,1460808.0,515.8749984741211,,73.73818882890261,
2024-02-15,628.5,637.4000244140625,581.5499877929688,610.0,2019973.0,525.5899978637696,,75.19625293986557,
2024-02-16,630.2999877929688,660.0,606.0,644.0,1028672.0,535.7274978637695,,74.9498123164038,
2024-02-19,652.5,670.0,610.5999755859375,637.5,1006718.0,545.6774978637695,,76.6490357028088,
2024-02-20,645.4500122070312,663.0,640.0,663.0,570477.0,556.1374984741211,,75.19041228196961,
2024-02-21,649.3499755859375,661.9500122070312,626.25,647.0,648077.0,567.567497253418,,70.77178206180356,
2024-02-22,626.2000122070312,658.0,623.25,655.0999755859375,385756.0,577.9149978637695,,62.60256175543103,
2024-02-23,605.5999755859375,634.9500122070312,600.0,631.7999877929688,357251.0,585.9874969482422,,54.305476560230666,
2024-02-26,594.7999877929688,610.0,581.0,607.6500244140625,350241.0,593.2899963378907,,43.65511387647669,
2024-02-27,609.5,618.9500122070312,588.0499877929688,597.6500244140625,470010.0,600.6899963378906,,30.786678140646305,
2024-02-28,604.4500122070312,615.5999755859375,580.0499877929688,612.7999877929688,380042.0,603.2224975585938,,28.741831825586218,
2024-02-29,587.25,605.0,576.0499877929688,604.2999877929688,182120.0,602.1549987792969,,28.927474986288,
2024-03-01,616.0999755859375,628.0,592.5499877929688,595.9500122070312,353444.0,603.6549987792969,,28.82878311410544,
2024-03-04,622.9000244140625,632.0499877929688,595.2999877929688,612.7000122070312,409080.0,606.2850006103515,,28.0134855139075,
2024-03-05,642.5999755859375,649.0,618.0,625.4500122070312,629309.0,609.5850006103516,,28.21918789060265,
2024-03-06,647.9500122070312,655.0,620.0999755859375,645.0,584412.0,613.4725006103515,,27.861095698767087,
2024-03-07,639.5499877929688,659.0,632.0,650.0499877929688,192429.0,615.8174987792969,,27.98970855205321,
2024-03-11,625.9000244140625,642.6500244140625,598.0999755859375,628.0,368178.0,617.2350006103516,,27.732577317231243,
2024-03-12,614.9000244140625,635.0499877929688,608.25,618.0499877929688,462846.0,620.6825012207031,,22.1228845333898,
2024-03-13,581.7999877929688,622.0499877929688,570.0,619.6500244140625,585578.0,620.75,,21.99536307353372,
2024-03-14,601.75,611.0499877929688,567.75,582.0,259282.0,621.3674987792969,,21.22892375721997,
2024-03-15,600.5,610.0,581.0,600.0,242155.0,619.9674987792969,,21.652831108860525,
2024-03-18,621.2999877929688,628.4000244140625,603.0,610.0,211601.0,619.5174987792968,,21.519907556177184,
2024-03-19,615.5,625.4500122070312,605.5,622.9000244140625,112704.0,617.6674987792969,,20.07730705491542,
2024-03-20,619.1500244140625,623.9500122070312,601.0499877929688,618.2999877929688,148048.0,616.3524993896484,,18.99392184630837,
2024-03-21,633.0499877929688,646.7999877929688,617.1500244140625,617.1500244140625,220754.0,615.5375,,17.816758046586564,
2024-03-22,696.3499755859375,696.3499755859375,625.0,629.7999877929688,551309.0,619.0449981689453,,25.342097963022503,
2024-03-26,729.0999755859375,749.4500122070312,701.1500244140625,714.4000244140625,1165735.0,625.2199981689453,,35.072056335326764,
2024-03-27,798.0999755859375,802.0,710.0999755859375,729.1500244140625,1053989.0,635.3849975585938,,51.43544696473164,
2024-03-28,821.4500122070312,837.7000122070312,758.2000122070312,795.0,844305.0,645.9824981689453,,65.6828564825988,
2024-04-01,795.7000122070312,846.0,782.0499877929688,825.0,796525.0,655.5449981689453,593.5009979248047,72.84882456629576,92.0422675361248
2024-04-02,764.1500244140625,808.7000122070312,762.0,803.7000122070312,285424.0,664.3899993896484,600.0999981689453,74.83252796536287,92.21582024023152
2024-04-03,766.7999877929688,791.0,756.0,770.0,281538.0,671.925,606.8849981689453,77.26188964332691,91.740281900531
2024-04-04,755.0499877929688,784.7999877929688,750.0,778.0,193381.0,678.5324981689453,612.9159979248047,78.48959936370454,91.36213494910852
2024-04-05,775.0999755859375,792.7999877929688,751.0499877929688,758.5499877929688,452592.0,685.1574981689453,619.6929974365235,80.8533584801018,90.5540009245385
2024-04-08,763.4500122070312,800.0,757.0,778.9000244140625,167393.0,690.9324981689454,626.546997680664,82.17002725911908,88.12563205018557
2024-04-09,744.6500244140625,780.0,740.0,769.9500122070312,315475.0,696.1875,633.0549981689453,82.07168355323769,84.44280764026743
2024-04-10,771.3499755859375,781.8499755859375,731.1500244140625,747.9500122070312,488239.0,703.4599975585937,639.5989978027344,81.95979363500545,82.15192545293756
2024-04-12,780.9500122070312,794.0,765.9000244140625,769.9000244140625,724448.0,711.7624969482422,646.242998046875,80.92034786905018,79.801748775559
2024-04-15,741.9500122070312,769.9500122070312,741.9000244140625,751.5999755859375,418412.0,719.7699981689453,651.8519982910157,75.09733405503181,76.33230911404189
2024-04-16,710.4000244140625,749.0,708.0,726.0,361329.0,725.2024993896484,654.9839990234375,69.85753062347996,75.43447656676673
2024-04-18,740.5,745.9000244140625,723.0499877929688,724.9000244140625,589121.0,732.2024993896484,657.6219995117187,63.42202725531188,76.08282395590632
2024-04-19,738.7999877929688,744.9000244140625,708.0999755859375,720.0,612944.0,738.0774993896484,660.6759997558594,57.801185817865694,76.21791114078383
2024-04-22,775.7000122070312,775.7000122070312,728.0,755.0,554173.0,746.0875,664.7840002441407,50.56812626005046,76.78066368187376
2024-04-23,814.4500122070312,814.4500122070312,775.9500122070312,775.9500122070312,856568.0,755.8524993896484,669.5410009765625,43.06590945169192,78.55328174720931
2024-04-24,805.0,850.2000122070312,791.5999755859375,824.0,740443.0,764.45,674.2370007324218,33.32097348677219,79.50589418156983
2024-04-25,795.1500244140625,820.9500122070312,792.0,809.9000244140625,266969.0,769.3900024414063,678.2870007324219,29.83486471565173,80.41747866437213
2024-04-26,807.4000244140625,829.0,800.0499877929688,805.0,169399.0,773.3050048828125,682.4840014648438,29.403897453306502,81.58538030929911
2024-04-29,809.3499755859375,821.0,806.3499755859375,810.0999755859375,91312.0,773.8675048828125,687.7520007324218,30.00466256685613,81.0918343209542
2024-04-30,849.7999877929688,849.7999877929688,811.0999755859375,824.0,773574.0,775.2850036621094,693.1390002441407,32.9007891771633,82.74786380684675
2024-05-02,832.2000122070312,880.0,826.0,859.9000244140625,419517.0,777.1100036621094,697.995,35.03585363963615,83.65507322352718
2024-05-03,803.0999755859375,840.5999755859375,790.5999755859375,834.0,312999.0,779.0575012207031,701.4869995117188,35.35859339350653,84.33632746260162
2024-05-06,814.6500244140625,821.0,775.0,809.0,185783.0,781.4500030517578,705.1740002441406,36.09670649809739,85.18608337186024
2024-05-07,799.5499877929688,820.0,795.1500244140625,818.9500122070312,149800.0,783.6750030517578,708.115,35.75362206322139,85.86612431719428
2024-05-08,826.4000244140625,839.5,786.0,795.1500244140625,257156.0,786.2400054931641,711.7340002441406,36.92696912472911,86.97714479580901
2024-05-09,809.6500244140625,827.4000244140625,806.75,825.0,131641.0,788.5500061035157,714.9400012207032,36.87128611915671,87.58296606219504
2024-05-10,810.2000122070312,825.7999877929688,777.5499877929688,810.75,479737.0,791.827505493164,718.6200012207031,35.65700447059067,87.64382760101874
2024-05-13,832.7999877929688,849.4000244140625,800.0,818.0,255682.0,794.9000061035156,723.1640014648438,36.43857648094295,87.55426673358363
2024-05-14,873.2000122070312,874.4000244140625,849.0,858.0,494246.0,799.5125061035156,728.732001953125,40.22202379444153,88.07523275078258
2024-05-15,897.8499755859375,916.8499755859376,880.0,883.0,831593.0,807.307504272461,734.4990014648438,43.45596079023007,89.53699373735478
2024-05-16,914.2999877929688,934.0,883.0499877929688,912.2999877929688,368727.0,817.5025024414062,740.6960009765625,43.44237693405078,91.06202237797883
2024-05-17,895.5,928.4500122070312,891.0999755859375,921.3499755859376,372394.0,825.2525024414062,746.8610009765625,42.8034285414068,90.89583022998988
2024-05-21,890.0,966.0,886.75,966.0,480795.0,832.8125030517579,752.3390014648437,39.99056821010803,91.10774609415589
2024-05-22,876.3499755859375,908.2000122070312,862.6500244140625,902.7999877929688,235536.0,837.8450012207031,757.4080004882812,38.73854297000912,90.80928477736263
2024-05-23,860.0499877929688,896.0,856.0499877929688,865.0,197939.0,840.125,761.7570007324218,38.6309036002051,90.40484779158164
2024-05-24,885.0,892.5999755859375,855.0,855.0,431909.0,844.125,766.4980004882813,38.9429998752553,90.53038062663084
2024-05-27,905.6500244140624,909.0,865.2000122070312,889.7999877929688,505807.0,849.65,771.8200012207031,39.464077897638376,90.736560172988
2024-05-28,950.9000244140624,950.9000244140624,903.0499877929688,906.0,379587.0,856.825,778.3200012207031,44.14554274975749,91.70578057192216
2024-05-29,998.0999755859376,998.4000244140624,932.9000244140624,973.4000244140624,523981.0,866.2625,785.9840002441406,52.791128943489376,93.75912076295852
2024-05-30,1001.2999877929688,1030.0,980.0,1002.5,560699.0,873.8375,794.3740002441406,60.59688150248764,93.88422333171592
2024-05-31,1008.5999755859376,1051.3499755859375,1000.0,1002.5,672707.0,882.6574981689453,802.5109997558594,66.7434428046922,94.47776405359596
2024-06-03,1019.9500122070312,1059.0,1014.0,1047.800048828125,316850.0,893.5,810.9,70.639073011764,94.79611429502646
2024-06-04,968.9500122070312,1020.0,968.9500122070312,1020.0,143495.0,901.2149993896484,817.8530004882813,69.99723884169256,93.3441396482125
2024-06-05,924.2999877929688,939.9500122070312,920.5,920.5,669559.0,907.4524993896484,824.0290002441407,65.89931292884651,89.83208457972454
2024-06-06,966.5,970.5,935.0,968.0,479039.0,914.4574981689452,830.9759997558593,64.2558098606407,87.05263696207165
2024-06-07,1063.1500244140625,1063.1500244140625,976.6500244140624,990.0,653300.0,927.1324981689452,839.5780004882813,67.41822384519055,88.33612397933
2024-06-10,1167.1500244140625,1169.449951171875,1063.199951171875,1063.199951171875,714028.0,944.9799987792968,848.9940014648438,80.7607455106316,97.38587032477302
2024-06-11,1140.949951171875,1224.0,1135.949951171875,1200.0,512813.0,960.3874969482422,857.2310009765625,87.35761638610118,104.21599139765826
2024-06-12,1181.3499755859375,1195.449951171875,1150.0,1165.0,223544.0,975.7949951171876,864.8960009765625,97.72966180833458,113.46191400686214
2024-06-13,1165.550048828125,1194.949951171875,1158.0,1192.0,147595.0,989.1799987792969,871.7780017089843,104.5841481962273,120.96077087307704
2024-06-14,1184.1500244140625,1220.0,1156.050048828125,1165.0,305888.0,1002.6725006103516,879.547001953125,111.58767611688434,128.2308543423256
2024-06-18,1230.0999755859375,1254.800048828125,1202.0999755859375,1221.699951171875,370755.0,1019.4024993896484,888.8660009765625,119.47777464884356,136.34763388384945
2024-06-19,1353.0999755859375,1353.0999755859375,1236.050048828125,1249.75,867520.0,1042.5574981689454,900.5920007324219,136.71132734570352,150.14831471077758
2024-06-20,1337.550048828125,1449.949951171875,1314.5999755859375,1424.4000244140625,807885.0,1065.6175018310546,912.242001953125,145.79548445667172,160.8424908295772
2024-06-21,1307.6500244140625,1365.0,1275.0,1360.0,336733.0,1087.9975036621097,922.8930029296876,146.92901830692418,169.0014136939485
2024-06-24,1232.800048828125,1321.0,1210.0,1321.0,353762.0,1105.3875061035155,932.2800036621094,142.14265238010185,172.9531571810933
2024-06-25,1349.3499755859375,1356.050048828125,1239.9000244140625,1239.9000244140625,551521.0,1127.5725036621093,944.3740026855468,143.9417428717496,180.5409132282631
2024-06-26,1343.4000244140625,1379.800048828125,1318.0,1349.3499755859375,242973.0,1147.1975036621093,955.8150036621092,145.33641967019406,187.34970428079143
2024-06-27,1358.9000244140625,1379.699951171875,1335.0,1347.199951171875,211920.0,1165.2375061035157,967.37400390625,148.21923190453796,194.0500102486058
2024-06-28,1354.5,1369.800048828125,1305.0999755859375,1358.949951171875,215752.0,1182.8975067138672,979.6250036621094,148.69912091836517,198.8056752189456
2024-07-01,1334.199951171875,1360.949951171875,1300.0,1300.0,115181.0,1199.177505493164,992.1010021972656,146.4185018170422,201.1254002896418
2024-07-02,1323.9000244140625,1371.199951171875,1310.949951171875,1370.0,106770.0,1214.3750061035155,1003.7690026855468,142.5598872667955,203.14367693773656
2024-07-03,1357.699951171875,1370.0,1323.949951171875,1334.5,193693.0,1233.812503051758,1016.147001953125,133.55373335939368,205.5107184582099
2024-07-04,1337.8499755859375,1400.0,1330.0,1369.25,125698.0,1254.4900024414062,1027.3900012207032,113.64071109832096,207.45571995690096
2024-07-05,1294.550048828125,1351.949951171875,1270.0,1345.0,124860.0,1270.8925048828123,1036.992001953125,91.3799866500801,208.50669458308133
2024-07-08,1247.5999755859375,1308.0,1229.050048828125,1294.550048828125,196061.0,1280.1150024414062,1045.8440014648438,77.57517635666274,207.85074007968092
2024-07-09,1200.6500244140625,1264.449951171875,1185.050048828125,1247.5999755859375,279260.0,1281.7900024414062,1053.9540014648437,75.33704467983834,205.770002724644
2024-07-10,1209.1500244140625,1261.9000244140625,1200.0,1225.949951171875,189919.0,1285.2000061035155,1061.9890014648438,69.9796284595679,203.7802081141565
2024-07-11,1209.699951171875,1254.0,1203.5,1233.300048828125,130711.0,1286.6175048828125,1069.9960009765623,68.02517451488741,201.50346798761103
2024-07-12,1210.75,1231.3499755859375,1175.0,1219.5999755859375,177720.0,1288.8775024414062,1077.215001220703,64.44804541159688,199.91316679966027
2024-07-15,1280.800048828125,1297.0,1192.1500244140625,1218.5,253930.0,1293.710003662109,1086.187001953125,59.625056474462944,198.7557277133544
2024-07-16,1226.699951171875,1312.0,1203.050048828125,1311.0,1001394.0,1293.5400024414062,1094.6590014648436,59.8204916864952,195.44324356257783
2024-07-18,1238.949951171875,1279.9000244140625,1182.75,1239.0,1287563.0,1287.832501220703,1103.145,59.28188912201058,192.22219570920856
2024-07-19,1146.3499755859375,1234.800048828125,1128.0,1227.9000244140625,694381.0,1278.2724975585938,1110.0809997558597,65.8906998864976,187.236104767016
2024-07-22,1140.949951171875,1169.75,1116.550048828125,1129.0,329473.0,1269.9374938964845,1116.3719982910156,72.21863706105025,182.74046225705075
2024-07-23,1116.1500244140625,1167.0,1037.0999755859375,1140.949951171875,420045.0,1264.1049926757812,1122.5019982910155,79.69881917304258,177.3013453316097
2024-07-24,1136.699951171875,1148.300048828125,1108.0,1108.9000244140625,211830.0,1253.4724914550782,1129.0319970703124,81.88260840311612,171.48151521223187
2024-07-25,1105.3499755859375,1148.0,1097.050048828125,1120.0,533041.0,1241.5699890136718,1134.482996826172,85.35079220025887,166.12089019617048
2024-07-26,1132.75,1147.0,1113.050048828125,1114.4000244140625,273503.0,1230.2624877929688,1139.6739965820314,83.95758891117453,161.78836258457426
2024-07-29,1124.0,1177.0,1114.300048828125,1170.0,4531976.0,1218.7374877929688,1144.1969970703126,81.79850157948648,158.00685721940835
2024-07-30,1132.199951171875,1142.5,1124.4000244140625,1140.050048828125,400941.0,1208.6374877929688,1148.5549963378903,79.2218295099796,154.50274852876402
2024-07-31,1140.699951171875,1150.9000244140625,1124.0,1133.0,579082.0,1199.4774841308597,1153.458995361328,75.70643104827361,150.13641933228587
2024-08-01,1173.6500244140625,1198.0,1139.949951171875,1150.0,486902.0,1190.274987792969,1159.1319958496094,66.02902079714741,145.257980551176
2024-08-02,1148.6500244140625,1175.9000244140625,1132.050048828125,1160.0,173027.0,1180.814990234375,1164.5779968261718,56.66207756200018,139.42706521327986
2024-08-05,1090.25,1115.0,1044.550048828125,1100.0,292451.0,1170.5999877929687,1169.1819970703125,53.400501695095365,132.8097397076508
2024-08-06,1069.949951171875,1128.0,1060.050048828125,1090.25,251174.0,1161.7174865722657,1172.88099609375,54.67805931443454,127.18990966308104
2024-08-07,1111.5999755859375,1120.0,1070.0,1075.0,146243.0,1157.2649841308594,1176.9999951171876,54.96584589414096,121.56975376443212
2024-08-08,1067.8499755859375,1124.25,1055.0,1107.550048828125,199204.0,1150.1999816894531,1179.338994140625,56.98953793195988,118.20943284618544
2024-08-09,1145.5,1166.0,1075.1500244140625,1089.0,320907.0,1146.9899841308593,1182.2869946289063,55.24305291556956,115.40195865515528
2024-08-12,1103.75,1139.9000244140625,1077.050048828125,1135.0,1188394.0,1141.6399841308594,1184.335994873047,53.90830890806488,113.0075700726705
2024-08-13,1089.800048828125,1111.949951171875,1061.75,1103.75,386547.0,1132.0899841308594,1185.9599963378903,43.95800322488662,110.99612618489334
2024-08-14,1106.050048828125,1125.0,1060.0,1089.800048828125,439543.0,1126.0574890136718,1187.6819970703125,38.19136532554401,109.0183360282776
2024-08-16,1136.699951171875,1150.0,1112.25,1131.0,468421.0,1120.9449890136718,1191.0369958496094,27.681295401314053,104.64298575220316
2024-08-19,1119.8499755859375,1150.0,1111.4000244140625,1150.0,133913.0,1119.6199890136718,1194.9479956054688,27.0277648651114,97.90788395869023
2024-08-20,1085.199951171875,1121.0999755859375,1070.0,1119.0,253728.0,1116.832489013672,1197.3219946289062,27.581334261103272,93.59989603112436
2024-08-21,1126.0,1132.75,1068.0,1090.0,488029.0,1117.3249877929688,1198.578994140625,27.65634636564506,92.17239761831364
2024-08-22,1222.25,1238.5999755859375,1126.0,1133.8499755859375,1848816.0,1121.602490234375,1199.6809936523437,36.12880817998813,92.11833665840456
2024-08-23,1264.0999755859375,1273.0,1189.3499755859375,1232.199951171875,770525.0,1129.539990234375,1202.143994140625,47.89343203170895,92.16231918486363
2024-08-26,1296.449951171875,1305.0,1237.8499755859375,1265.0,594694.0,1137.7249877929687,1204.4459936523438,60.73695788117008,93.06537345015582
2024-08-27,1278.9000244140625,1290.0,1260.0,1290.0,215606.0,1145.469989013672,1206.7129931640625,68.2999952983731,93.47820512858438
2024-08-28,1264.449951171875,1303.699951171875,1250.0,1283.949951171875,210437.0,1152.082489013672,1208.3189916992187,73.17553954388791,93.7719850755511
2024-08-29,1252.699951171875,1284.3499755859375,1235.0,1258.4000244140625,229460.0,1157.6824890136718,1208.7709912109376,76.47002979725926,93.93344552179114
2024-08-30,1242.1500244140625,1264.8499755859375,1236.4000244140625,1252.699951171875,145096.0,1161.107489013672,1206.5519921875,78.72364505913418,91.7392293056042
2024-09-02,1204.6500244140625,1244.800048828125,1170.449951171875,1242.199951171875,275174.0,1163.907489013672,1203.8939916992188,79.2513647570943,89.77046714427092
2024-09-03,1190.449951171875,1227.4000244140625,1184.0,1209.5999755859375,251326.0,1168.9174865722655,1201.549990234375,77.49766468476612,88.5275020741967
2024-09-04,1154.75,1200.0,1142.0,1175.0,309347.0,1173.157489013672,1199.9889892578126,74.04069464214712,88.65326280270766
2024-09-05,1162.949951171875,1176.0,1150.0,1154.75,107430.0,1175.7249877929687,1196.2609887695312,72.67139094237628,86.12744898874337
2024-09-06,1158.800048828125,1179.75,1145.449951171875,1165.949951171875,122579.0,1180.272491455078,1192.5689892578123,68.27858170668507,83.61120166962363
2024-09-09,1126.449951171875,1170.0,1098.0,1159.0,179183.0,1179.3199890136718,1187.9199877929686,68.91906929610253,80.58154348838309
2024-09-10,1144.75,1164.199951171875,1111.0,1125.0,115596.0,1181.3699890136718,1183.7249877929687,67.13973450594926,77.11781584661762
2024-09-11,1133.449951171875,1151.699951171875,1128.8499755859375,1141.0,67071.0,1183.5524841308593,1179.7099877929688,64.67047867275483,74.2980171103629
2024-09-12,1170.75,1195.0,1120.550048828125,1135.949951171875,185820.0,1186.7874816894532,1176.6469873046874,62.15901398048055,71.32993018947795
2024-09-13,1185.300048828125,1199.9000244140625,1151.0999755859375,1170.75,154978.0,1189.2174865722657,1173.1989892578124,61.03772372370001,66.39557603332058
2024-09-16,1185.699951171875,1212.9000244140625,1165.0,1190.0,203290.0,1192.5099853515626,1170.1559887695312,58.83526562434852,62.039090289649074
2024-09-17,1200.050048828125,1208.9000244140625,1157.199951171875,1185.699951171875,195949.0,1198.252490234375,1168.2659887695313,53.13937137658214,59.56213615831136
2024-09-18,1177.199951171875,1223.550048828125,1173.949951171875,1202.0,216123.0,1200.8124877929688,1166.85798828125,50.65039009647548,58.470569271301
2024-09-19,1154.949951171875,1197.9000244140625,1134.0,1197.9000244140625,195304.0,1197.4474853515626,1165.9439868164063,51.381503342339805,58.28846208202584
2024-09-20,1170.0999755859375,1186.949951171875,1140.050048828125,1154.949951171875,306800.0,1192.7474853515623,1165.1629858398437,49.21737533614254,57.95841370028101
2024-09-23,1180.8499755859375,1188.9000244140625,1156.1500244140625,1179.9000244140625,214473.0,1186.9674865722657,1164.585986328125,42.762398798004654,57.64876092239306
2024-09-24,1200.0999755859375,1221.0,1168.300048828125,1187.0,117316.0,1183.0274841308594,1164.3729858398438,37.10173115348709,57.49418088971442
2024-09-25,1165.949951171875,1204.699951171875,1161.0999755859375,1202.050048828125,144800.0,1178.1024841308597,1162.0759838867189,31.89715556535336,54.987359567436485
2024-09-26,1162.25,1175.0,1150.0,1175.0,137530.0,1173.5799865722656,1160.7869848632813,26.76270147138254,54.19119084740663
2024-09-27,1185.800048828125,1195.800048828125,1151.8499755859375,1151.8499755859375,233121.0,1170.7624877929688,1159.7239868164063,21.63977266074422,53.137726121710585
2024-09-30,1145.199951171875,1198.0,1140.0,1198.0,158990.0,1167.7899841308597,1159.700986328125,20.80698014862311,53.143881694386046
2024-10-01,1156.050048828125,1164.75,1136.5999755859375,1155.0,157468.0,1166.0699890136718,1160.00298828125,20.24957744295725,53.07801414283672
2024-10-03,1144.75,1152.949951171875,1116.6500244140625,1152.949951171875,126865.0,1165.5699890136718,1160.5749877929688,20.66303860828436,52.748868973562345
2024-10-04,1135.5999755859375,1144.75,1101.0,1144.75,118579.0,1164.202490234375,1160.55298828125,21.723378353091903,52.75925789417695
2024-10-07,1083.699951171875,1157.949951171875,1073.0,1157.949951171875,235041.0,1160.4474853515626,1160.1199877929687,28.22435432418192,53.30755347458148
2024-10-08,1130.3499755859375,1136.0,1001.0999755859376,1079.9000244140625,141647.0,1160.6424865722656,1160.0719873046876,27.989600152832832,53.33377568412405
2024-10-09,1119.25,1132.800048828125,1106.1500244140625,1117.050048828125,111122.0,1159.3674865722655,1159.9769873046876,29.301689310721738,53.40352448372236
2024-10-10,1126.300048828125,1137.949951171875,1106.5,1134.949951171875,483190.0,1159.009991455078,1159.8589892578125,29.675766895012316,53.47262530792597
2024-10-11,1133.449951171875,1138.9000244140625,1110.0,1120.0,148371.0,1157.144989013672,1159.7139892578125,30.068601259059584,53.53543143183002
2024-10-14,1104.25,1136.5999755859375,1100.0,1136.5999755859375,194470.0,1153.0924865722657,1158.3259887695312,31.50188950114013,54.06379305812518
2024-10-15,1127.5,1134.0,1098.050048828125,1107.0,153974.0,1150.1824890136718,1157.90298828125,31.01559769417813,54.22354769340964
2024-10-16,1117.3499755859375,1148.949951171875,1112.0,1138.0,65053.0,1146.0474853515625,1158.4449877929687,29.49274131628426,53.66608683639865
2024-10-17,1139.550048828125,1149.0,1101.050048828125,1117.3499755859375,121166.0,1144.164990234375,1159.8369897460936,28.587335081338225,52.20664565568678
2024-10-18,1114.5,1133.300048828125,1105.050048828125,1125.3499755859375,48707.0,1142.142492675781,1159.894990234375,29.20829473904288,52.15354559368213
2024-10-21,1082.9000244140625,1122.0,1070.0,1121.949951171875,59358.0,1137.7824951171874,1160.1959912109376,31.252134891743705,51.65249535475319
2024-10-22,1044.0,1090.0,1035.0999755859375,1085.0,269280.0,1130.9399963378903,1158.1659912109376,35.95404632533934,54.17479735571141
2024-10-23,1033.0999755859375,1045.0,1008.8499755859376,1040.0999755859375,58377.0,1122.5899963378906,1156.7529907226562,38.35862109046823,56.49473596643392
2024-10-24,1009.25,1028.9000244140625,990.4000244140624,1020.5,150591.0,1114.7549987792968,1155.1419897460937,44.54118010577359,59.51089319601852
2024-10-25,992.9000244140624,1019.9500122070312,970.2999877929688,1015.0,164166.0,1106.2875,1152.8789892578125,50.70726445627486,63.437604268597
2024-10-28,1014.9000244140624,1023.75,977.4500122070312,1013.9000244140624,88234.0,1097.742498779297,1150.4429907226563,51.001749742802616,66.34355253025784
2024-10-29,1019.0999755859376,1034.0,1000.5999755859376,1034.0,57929.0,1091.4375,1148.4279907226562,52.595660984837465,68.77706145761272
2024-10-30,1043.0,1050.300048828125,1004.5499877929688,1008.0499877929688,73328.0,1085.7849975585937,1147.5839916992188,51.34617384268839,69.81982416560307
2024-10-31,1048.3499755859375,1058.949951171875,1023.4500122070312,1050.0,142229.0,1080.9649963378906,1146.0309912109376,50.02737299099068,71.16042743584265
2024-11-01,1078.4000244140625,1088.0,1052.3499755859375,1060.0,17423.0,1078.104998779297,1143.1539916992188,48.34635419882493,70.92353877546516
2024-11-04,1053.4000244140625,1078.4000244140625,1038.050048828125,1065.0,55045.0,1076.5900024414063,1138.9399926757812,48.63567962010568,69.8419825071513
2024-11-05,1070.949951171875,1075.75,1033.0999755859375,1053.4000244140625,75411.0,1073.6200012207032,1134.4299926757812,46.96494472693897,66.67213064373584
2024-11-06,1115.4000244140625,1127.0,1055.1500244140625,1055.1500244140625,265375.0,1073.4275024414062,1131.1599926757813,46.77558239797352,63.36956422701631
2024-11-07,1150.9000244140625,1175.0,1099.3499755859375,1123.9000244140625,244633.0,1074.6575012207031,1128.888994140625,48.52962992048704,60.463341220465374
2024-11-08,1130.5,1169.0,1119.1500244140625,1169.0,93620.0,1074.5100036621093,1126.4449951171875,48.345669817650354,57.76619865460046
2024-11-11,1116.449951171875,1160.0,1105.75,1160.0,111998.0,1075.1200012207032,1123.9309936523437,48.8153458867094,55.310992481244014
2024-11-12,1084.25,1122.5,1075.1500244140625,1122.5,100438.0,1072.957501220703,1121.5229931640624,47.30749710660268,54.3373973121566
2024-11-13,1050.0999755859375,1097.9000244140625,1040.75,1080.0,109791.0,1069.5950012207031,1118.7159936523435,46.36674905474544,54.32920141122922
2024-11-14,1114.699951171875,1155.0,1045.5,1045.5,630158.0,1068.352496337891,1117.9149926757811,44.6963464872594,54.08176784119803
2024-11-18,1098.5,1118.3499755859375,1084.050048828125,1106.9000244140625,220326.0,1067.5524963378907,1116.6259936523438,43.964090777340346,53.75354977521082
2024-11-19,1167.9000244140625,1205.0,1075.0,1098.5,766151.0,1071.8024963378907,1116.8079931640625,49.30934258259983,53.91442211123595
2024-11-21,1213.0999755859375,1230.0,1154.1500244140625,1171.0,706309.0,1080.2574951171875,1118.5409936523438,58.01953972345581,55.59703682049039
2024-11-22,1231.1500244140625,1270.0,1182.050048828125,1232.300048828125,535403.0,1090.1599975585937,1120.268994140625,65.91166555240075,57.73003271186138
2024-11-25,1221.0,1275.0,1205.050048828125,1255.0,224876.0,1100.7474975585938,1122.0199951171876,69.15785941973438,59.44037912589947
2024-11-26,1239.300048828125,1251.0,1195.4000244140625,1218.75,299914.0,1113.0674987792968,1123.39099609375,70.8606728836498,61.34725353524727
2024-11-27,1257.050048828125,1279.5999755859375,1219.8499755859375,1239.300048828125,287505.0,1125.175,1124.82599609375,73.829730941887,63.62194471505666
2024-11-28,1248.050048828125,1254.5999755859375,1216.050048828125,1253.0,309911.0,1136.6225036621097,1126.072998046875,74.26524804136628,65.42492483425632
2024-11-29,1242.1500244140625,1268.0,1231.0,1249.949951171875,192674.0,1146.5800048828123,1126.9149975585938,74.40255446207331,66.65574711322789
2024-12-02,1274.800048828125,1288.949951171875,1221.0,1230.0,389469.0,1157.9025085449218,1128.8669995117189,75.88298517047136,69.52570201390054
2024-12-03,1322.550048828125,1330.0,1251.800048828125,1274.8499755859375,1098481.0,1170.110009765625,1132.2190014648438,81.82588290372874,74.6595464809434
2024-12-04,1329.300048828125,1340.0,1301.0,1330.0,336245.0,1183.905010986328,1135.4030029296875,84.3327475348925,79.54300902070199
2024-12-05,1363.449951171875,1399.0,1330.75,1345.0,870098.0,1198.530010986328,1139.0550024414065,88.94941239338462,85.63097763154624
2024-12-06,1340.25,1383.300048828125,1336.25,1370.0,284782.0,1209.772509765625,1141.8580029296877,92.04519667273313,89.85937424961719
2024-12-09,1335.449951171875,1352.6500244140625,1315.550048828125,1340.0,395269.0,1219.0000061035155,1145.2480029296876,95.0346093061714,93.89349864913792
2024-12-10,1304.199951171875,1344.4000244140625,1300.0,1332.5999755859375,177310.0,1227.6850036621097,1148.087001953125,94.45638321218894,96.5271584404778
2024-12-11,1313.9000244140625,1342.0,1304.1500244140625,1304.199951171875,343131.0,1237.5575073242187,1150.6490014648436,92.51703245480267,99.2112378377052
2024-12-12,1264.199951171875,1325.25,1260.0,1322.6500244140625,302536.0,1246.5550048828125,1153.0290014648438,85.29088103181756,100.49688003903908
2024-12-13,1258.1500244140625,1279.449951171875,1243.0,1267.800048828125,263182.0,1256.9575073242188,1155.0710009765626,71.66874755924847,101.59084972252576
2024-12-16,1295.4000244140625,1332.0,1257.949951171875,1258.1500244140625,540343.0,1265.9925109863282,1158.0840014648438,63.74280854042057,103.49466512727584
2024-12-17,1435.9000244140625,1462.800048828125,1299.050048828125,1305.9000244140625,3110499.0,1282.8625122070312,1164.0900024414063,61.69647700884405,110.6307287073474
2024-12-18,1412.6500244140625,1504.300048828125,1380.5,1460.0,2291922.0,1295.100012207031,1170.66900390625,61.96601225930884,115.4294651439788
2024-12-19,1371.5,1405.050048828125,1361.050048828125,1373.5999755859375,385199.0,1303.0200134277345,1175.4920043945312,61.04975131346469,118.702037189131
2024-12-20,1331.8499755859375,1411.8499755859375,1319.050048828125,1384.75,585556.0,1308.0550109863282,1179.74400390625,58.92600978845777,120.4412961515021
2024-12-23,1355.0,1373.5,1332.5999755859375,1348.0,329294.0,1314.7550109863282,1184.3180029296875,56.0548016713452,122.69187551841934
2024-12-24,1349.25,1383.8499755859375,1344.050048828125,1367.300048828125,260831.0,1320.252508544922,1188.63400390625,53.603160935117295,124.64604018364015
2024-12-26,1344.9000244140625,1378.199951171875,1327.9000244140625,1350.0,273404.0,1324.6450073242188,1193.4470043945312,51.71772911743807,125.96041585085608
2024-12-27,1368.5999755859375,1386.0,1335.800048828125,1357.050048828125,274181.0,1330.6725036621094,1198.26900390625,49.28882862754473,127.98295993629618
2024-12-30,1371.1500244140625,1416.449951171875,1359.1500244140625,1378.6500244140625,833123.0,1337.1225036621097,1203.3450048828124,45.38057448781471,129.7292260496439
2024-12-31,1350.5999755859375,1370.0,1331.050048828125,1370.0,244864.0,1340.9125,1207.566003417969,43.00477739932043,131.03803163683952
2025-01-01,1335.800048828125,1369.0,1320.050048828125,1350.0,293822.0,1341.575,1211.9920043945312,42.80862316174544,131.56673919093538
2025-01-02,1381.550048828125,1393.0,1340.0,1345.199951171875,538492.0,1344.1875,1217.9650048828123,43.60698465336735,132.36328261148174
2025-01-03,1370.0,1391.0,1347.550048828125,1391.0,239541.0,1344.5150024414063,1224.4850048828123,43.783505110065725,131.64634034745882
2025-01-06,1345.449951171875,1407.949951171875,1330.0,1392.449951171875,484990.0,1344.775,1230.7320043945313,43.77228333776727,129.77690638119896
2025-01-07,1363.25,1385.0,1353.800048828125,1365.0,453422.0,1346.1650024414062,1237.8120043945312,43.90178628247168,127.07547547980616
2025-01-08,1365.949951171875,1373.25,1302.0,1373.25,340604.0,1349.2525024414062,1245.2730029296874,42.956339817771536,123.29777936840408
2025-01-09,1312.1500244140625,1366.0,1303.0,1366.0,206566.0,1349.1650024414062,1251.2180029296876,43.03385358207941,119.05653373153726
