Date_Ticker,Close_KAYNES.NS,High_KAYNES.NS,Low_KAYNES.NS,Open_KAYNES.NS,Volume_KAYNES.NS,MA_20_Unnamed: 6_level_1,MA_50_Unnamed: 7_level_1,Volatility_20_Unnamed: 8_level_1,Volatility_50_Unnamed: 9_level_1
Date,,,,,,,,,
2020-01-10,,,,,,,,,
2020-01-13,,,,,,,,,
2020-01-14,,,,,,,,,
2020-01-15,,,,,,,,,
2020-01-16,,,,,,,,,
2020-01-17,,,,,,,,,
2020-01-20,,,,,,,,,
2020-01-21,,,,,,,,,
2020-01-22,,,,,,,,,
2020-01-23,,,,,,,,,
2020-01-24,,,,,,,,,
2020-01-27,,,,,,,,,
2020-01-28,,,,,,,,,
2020-01-29,,,,,,,,,
2020-01-30,,,,,,,,,
2020-01-31,,,,,,,,,
2020-02-03,,,,,,,,,
2020-02-04,,,,,,,,,
2020-02-05,,,,,,,,,
2020-02-06,,,,,,,,,
2020-02-07,,,,,,,,,
2020-02-10,,,,,,,,,
2020-02-11,,,,,,,,,
2020-02-12,,,,,,,,,
2020-02-13,,,,,,,,,
2020-02-14,,,,,,,,,
2020-02-17,,,,,,,,,
2020-02-18,,,,,,,,,
2020-02-19,,,,,,,,,
2020-02-20,,,,,,,,,
2020-02-24,,,,,,,,,
2020-02-25,,,,,,,,,
2020-02-26,,,,,,,,,
2020-02-27,,,,,,,,,
2020-02-28,,,,,,,,,
2020-03-02,,,,,,,,,
2020-03-03,,,,,,,,,
2020-03-04,,,,,,,,,
2020-03-05,,,,,,,,,
2020-03-06,,,,,,,,,
2020-03-09,,,,,,,,,
2020-03-11,,,,,,,,,
2020-03-12,,,,,,,,,
2020-03-13,,,,,,,,,
2020-03-16,,,,,,,,,
2020-03-17,,,,,,,,,
2020-03-18,,,,,,,,,
2020-03-19,,,,,,,,,
2020-03-20,,,,,,,,,
2020-03-23,,,,,,,,,
2020-03-24,,,,,,,,,
2020-03-25,,,,,,,,,
2020-03-26,,,,,,,,,
2020-03-27,,,,,,,,,
2020-03-30,,,,,,,,,
2020-03-31,,,,,,,,,
2020-04-01,,,,,,,,,
2020-04-03,,,,,,,,,
2020-04-07,,,,,,,,,
2020-04-08,,,,,,,,,
2020-04-09,,,,,,,,,
2020-04-13,,,,,,,,,
2020-04-15,,,,,,,,,
2020-04-16,,,,,,,,,
2020-04-17,,,,,,,,,
2020-04-20,,,,,,,,,
2020-04-21,,,,,,,,,
2020-04-22,,,,,,,,,
2020-04-23,,,,,,,,,
2020-04-24,,,,,,,,,
2020-04-27,,,,,,,,,
2020-04-28,,,,,,,,,
2020-04-29,,,,,,,,,
2020-04-30,,,,,,,,,
2020-05-04,,,,,,,,,
2020-05-05,,,,,,,,,
2020-05-06,,,,,,,,,
2020-05-07,,,,,,,,,
2020-05-08,,,,,,,,,
2020-05-11,,,,,,,,,
2020-05-12,,,,,,,,,
2020-05-13,,,,,,,,,
2020-05-14,,,,,,,,,
2020-05-15,,,,,,,,,
2020-05-18,,,,,,,,,
2020-05-19,,,,,,,,,
2020-05-20,,,,,,,,,
2020-05-21,,,,,,,,,
2020-05-22,,,,,,,,,
2020-05-26,,,,,,,,,
2020-05-27,,,,,,,,,
2020-05-28,,,,,,,,,
2020-05-29,,,,,,,,,
2020-06-01,,,,,,,,,
2020-06-02,,,,,,,,,
2020-06-03,,,,,,,,,
2020-06-04,,,,,,,,,
2020-06-05,,,,,,,,,
2020-06-08,,,,,,,,,
2020-06-09,,,,,,,,,
2020-06-10,,,,,,,,,
2020-06-11,,,,,,,,,
2020-06-12,,,,,,,,,
2020-06-15,,,,,,,,,
2020-06-16,,,,,,,,,
2020-06-17,,,,,,,,,
2020-06-18,,,,,,,,,
2020-06-19,,,,,,,,,
2020-06-22,,,,,,,,,
2020-06-23,,,,,,,,,
2020-06-24,,,,,,,,,
2020-06-25,,,,,,,,,
2020-06-26,,,,,,,,,
2020-06-29,,,,,,,,,
2020-06-30,,,,,,,,,
2020-07-01,,,,,,,,,
2020-07-02,,,,,,,,,
2020-07-03,,,,,,,,,
2020-07-06,,,,,,,,,
2020-07-07,,,,,,,,,
2020-07-08,,,,,,,,,
2020-07-09,,,,,,,,,
2020-07-10,,,,,,,,,
2020-07-13,,,,,,,,,
2020-07-14,,,,,,,,,
2020-07-15,,,,,,,,,
2020-07-16,,,,,,,,,
2020-07-17,,,,,,,,,
2020-07-20,,,,,,,,,
2020-07-21,,,,,,,,,
2020-07-22,,,,,,,,,
2020-07-23,,,,,,,,,
2020-07-24,,,,,,,,,
2020-07-27,,,,,,,,,
2020-07-28,,,,,,,,,
2020-07-29,,,,,,,,,
2020-07-30,,,,,,,,,
2020-07-31,,,,,,,,,
2020-08-03,,,,,,,,,
2020-08-04,,,,,,,,,
2020-08-05,,,,,,,,,
2020-08-06,,,,,,,,,
2020-08-07,,,,,,,,,
2020-08-10,,,,,,,,,
2020-08-11,,,,,,,,,
2020-08-12,,,,,,,,,
2020-08-13,,,,,,,,,
2020-08-14,,,,,,,,,
2020-08-17,,,,,,,,,
2020-08-18,,,,,,,,,
2020-08-19,,,,,,,,,
2020-08-20,,,,,,,,,
2020-08-21,,,,,,,,,
2020-08-24,,,,,,,,,
2020-08-25,,,,,,,,,
2020-08-26,,,,,,,,,
2020-08-27,,,,,,,,,
2020-08-28,,,,,,,,,
2020-08-31,,,,,,,,,
2020-09-01,,,,,,,,,
2020-09-02,,,,,,,,,
2020-09-03,,,,,,,,,
2020-09-04,,,,,,,,,
2020-09-07,,,,,,,,,
2020-09-08,,,,,,,,,
2020-09-09,,,,,,,,,
2020-09-10,,,,,,,,,
2020-09-11,,,,,,,,,
2020-09-14,,,,,,,,,
2020-09-15,,,,,,,,,
2020-09-16,,,,,,,,,
2020-09-17,,,,,,,,,
2020-09-18,,,,,,,,,
2020-09-21,,,,,,,,,
2020-09-22,,,,,,,,,
2020-09-23,,,,,,,,,
2020-09-24,,,,,,,,,
2020-09-25,,,,,,,,,
2020-09-28,,,,,,,,,
2020-09-29,,,,,,,,,
2020-09-30,,,,,,,,,
2020-10-01,,,,,,,,,
2020-10-05,,,,,,,,,
2020-10-06,,,,,,,,,
2020-10-07,,,,,,,,,
2020-10-08,,,,,,,,,
2020-10-09,,,,,,,,,
2020-10-12,,,,,,,,,
2020-10-13,,,,,,,,,
2020-10-14,,,,,,,,,
2020-10-15,,,,,,,,,
2020-10-16,,,,,,,,,
2020-10-19,,,,,,,,,
2020-10-20,,,,,,,,,
2020-10-21,,,,,,,,,
2020-10-22,,,,,,,,,
2020-10-23,,,,,,,,,
2020-10-26,,,,,,,,,
2020-10-27,,,,,,,,,
2020-10-28,,,,,,,,,
2020-10-29,,,,,,,,,
2020-10-30,,,,,,,,,
2020-11-02,,,,,,,,,
2020-11-03,,,,,,,,,
2020-11-04,,,,,,,,,
2020-11-05,,,,,,,,,
2020-11-06,,,,,,,,,
2020-11-09,,,,,,,,,
2020-11-10,,,,,,,,,
2020-11-11,,,,,,,,,
2020-11-12,,,,,,,,,
2020-11-13,,,,,,,,,
2020-11-14,,,,,,,,,
2020-11-17,,,,,,,,,
2020-11-18,,,,,,,,,
2020-11-19,,,,,,,,,
2020-11-20,,,,,,,,,
2020-11-23,,,,,,,,,
2020-11-24,,,,,,,,,
2020-11-25,,,,,,,,,
2020-11-26,,,,,,,,,
2020-11-27,,,,,,,,,
2020-12-01,,,,,,,,,
2020-12-02,,,,,,,,,
2020-12-03,,,,,,,,,
2020-12-04,,,,,,,,,
2020-12-07,,,,,,,,,
2020-12-08,,,,,,,,,
2020-12-09,,,,,,,,,
2020-12-10,,,,,,,,,
2020-12-11,,,,,,,,,
2020-12-14,,,,,,,,,
2020-12-15,,,,,,,,,
2020-12-16,,,,,,,,,
2020-12-17,,,,,,,,,
2020-12-18,,,,,,,,,
2020-12-21,,,,,,,,,
2020-12-22,,,,,,,,,
2020-12-23,,,,,,,,,
2020-12-24,,,,,,,,,
2020-12-28,,,,,,,,,
2020-12-29,,,,,,,,,
2020-12-30,,,,,,,,,
2020-12-31,,,,,,,,,
2021-01-01,,,,,,,,,
2021-01-04,,,,,,,,,
2021-01-05,,,,,,,,,
2021-01-06,,,,,,,,,
2021-01-07,,,,,,,,,
2021-01-08,,,,,,,,,
2021-01-11,,,,,,,,,
2021-01-12,,,,,,,,,
2021-01-13,,,,,,,,,
2021-01-14,,,,,,,,,
2021-01-15,,,,,,,,,
2021-01-18,,,,,,,,,
2021-01-19,,,,,,,,,
2021-01-20,,,,,,,,,
2021-01-21,,,,,,,,,
2021-01-22,,,,,,,,,
2021-01-25,,,,,,,,,
2021-01-27,,,,,,,,,
2021-01-28,,,,,,,,,
2021-01-29,,,,,,,,,
2021-02-01,,,,,,,,,
2021-02-02,,,,,,,,,
2021-02-03,,,,,,,,,
2021-02-04,,,,,,,,,
2021-02-05,,,,,,,,,
2021-02-08,,,,,,,,,
2021-02-09,,,,,,,,,
2021-02-10,,,,,,,,,
2021-02-11,,,,,,,,,
2021-02-12,,,,,,,,,
2021-02-15,,,,,,,,,
2021-02-16,,,,,,,,,
2021-02-17,,,,,,,,,
2021-02-18,,,,,,,,,
2021-02-19,,,,,,,,,
2021-02-22,,,,,,,,,
2021-02-23,,,,,,,,,
2021-02-24,,,,,,,,,
2021-02-25,,,,,,,,,
2021-02-26,,,,,,,,,
2021-03-01,,,,,,,,,
2021-03-02,,,,,,,,,
2021-03-03,,,,,,,,,
2021-03-04,,,,,,,,,
2021-03-05,,,,,,,,,
2021-03-08,,,,,,,,,
2021-03-09,,,,,,,,,
2021-03-10,,,,,,,,,
2021-03-12,,,,,,,,,
2021-03-15,,,,,,,,,
2021-03-16,,,,,,,,,
2021-03-17,,,,,,,,,
2021-03-18,,,,,,,,,
2021-03-19,,,,,,,,,
2021-03-22,,,,,,,,,
2021-03-23,,,,,,,,,
2021-03-24,,,,,,,,,
2021-03-25,,,,,,,,,
2021-03-26,,,,,,,,,
2021-03-30,,,,,,,,,
2021-03-31,,,,,,,,,
2021-04-01,,,,,,,,,
2021-04-05,,,,,,,,,
2021-04-06,,,,,,,,,
2021-04-07,,,,,,,,,
2021-04-08,,,,,,,,,
2021-04-09,,,,,,,,,
2021-04-12,,,,,,,,,
2021-04-13,,,,,,,,,
2021-04-15,,,,,,,,,
2021-04-16,,,,,,,,,
2021-04-19,,,,,,,,,
2021-04-20,,,,,,,,,
2021-04-22,,,,,,,,,
2021-04-23,,,,,,,,,
2021-04-26,,,,,,,,,
2021-04-27,,,,,,,,,
2021-04-28,,,,,,,,,
2021-04-29,,,,,,,,,
2021-04-30,,,,,,,,,
2021-05-03,,,,,,,,,
2021-05-04,,,,,,,,,
2021-05-05,,,,,,,,,
2021-05-06,,,,,,,,,
2021-05-07,,,,,,,,,
2021-05-10,,,,,,,,,
2021-05-11,,,,,,,,,
2021-05-12,,,,,,,,,
2021-05-14,,,,,,,,,
2021-05-17,,,,,,,,,
2021-05-18,,,,,,,,,
2021-05-19,,,,,,,,,
2021-05-20,,,,,,,,,
2021-05-21,,,,,,,,,
2021-05-24,,,,,,,,,
2021-05-25,,,,,,,,,
2021-05-26,,,,,,,,,
2021-05-27,,,,,,,,,
2021-05-28,,,,,,,,,
2021-05-31,,,,,,,,,
2021-06-01,,,,,,,,,
2021-06-02,,,,,,,,,
2021-06-03,,,,,,,,,
2021-06-04,,,,,,,,,
2021-06-07,,,,,,,,,
2021-06-08,,,,,,,,,
2021-06-09,,,,,,,,,
2021-06-10,,,,,,,,,
2021-06-11,,,,,,,,,
2021-06-14,,,,,,,,,
2021-06-15,,,,,,,,,
2021-06-16,,,,,,,,,
2021-06-17,,,,,,,,,
2021-06-18,,,,,,,,,
2021-06-21,,,,,,,,,
2021-06-22,,,,,,,,,
2021-06-23,,,,,,,,,
2021-06-24,,,,,,,,,
2021-06-25,,,,,,,,,
2021-06-28,,,,,,,,,
2021-06-29,,,,,,,,,
2021-06-30,,,,,,,,,
2021-07-01,,,,,,,,,
2021-07-02,,,,,,,,,
2021-07-05,,,,,,,,,
2021-07-06,,,,,,,,,
2021-07-07,,,,,,,,,
2021-07-08,,,,,,,,,
2021-07-09,,,,,,,,,
2021-07-12,,,,,,,,,
2021-07-13,,,,,,,,,
2021-07-14,,,,,,,,,
2021-07-15,,,,,,,,,
2021-07-16,,,,,,,,,
2021-07-19,,,,,,,,,
2021-07-20,,,,,,,,,
2021-07-22,,,,,,,,,
2021-07-23,,,,,,,,,
2021-07-26,,,,,,,,,
2021-07-27,,,,,,,,,
2021-07-28,,,,,,,,,
2021-07-29,,,,,,,,,
2021-07-30,,,,,,,,,
2021-08-02,,,,,,,,,
2021-08-03,,,,,,,,,
2021-08-04,,,,,,,,,
2021-08-05,,,,,,,,,
2021-08-06,,,,,,,,,
2021-08-09,,,,,,,,,
2021-08-10,,,,,,,,,
2021-08-11,,,,,,,,,
2021-08-12,,,,,,,,,
2021-08-13,,,,,,,,,
2021-08-16,,,,,,,,,
2021-08-17,,,,,,,,,
2021-08-18,,,,,,,,,
2021-08-20,,,,,,,,,
2021-08-23,,,,,,,,,
2021-08-24,,,,,,,,,
2021-08-25,,,,,,,,,
2021-08-26,,,,,,,,,
2021-08-27,,,,,,,,,
2021-08-30,,,,,,,,,
2021-08-31,,,,,,,,,
2021-09-01,,,,,,,,,
2021-09-02,,,,,,,,,
2021-09-03,,,,,,,,,
2021-09-06,,,,,,,,,
2021-09-07,,,,,,,,,
2021-09-08,,,,,,,,,
2021-09-09,,,,,,,,,
2021-09-13,,,,,,,,,
2021-09-14,,,,,,,,,
2021-09-15,,,,,,,,,
2021-09-16,,,,,,,,,
2021-09-17,,,,,,,,,
2021-09-20,,,,,,,,,
2021-09-21,,,,,,,,,
2021-09-22,,,,,,,,,
2021-09-23,,,,,,,,,
2021-09-24,,,,,,,,,
2021-09-27,,,,,,,,,
2021-09-28,,,,,,,,,
2021-09-29,,,,,,,,,
2021-09-30,,,,,,,,,
2021-10-01,,,,,,,,,
2021-10-04,,,,,,,,,
2021-10-05,,,,,,,,,
2021-10-06,,,,,,,,,
2021-10-07,,,,,,,,,
2021-10-08,,,,,,,,,
2021-10-11,,,,,,,,,
2021-10-12,,,,,,,,,
2021-10-13,,,,,,,,,
2021-10-14,,,,,,,,,
2021-10-18,,,,,,,,,
2021-10-19,,,,,,,,,
2021-10-20,,,,,,,,,
2021-10-21,,,,,,,,,
2021-10-22,,,,,,,,,
2021-10-25,,,,,,,,,
2021-10-26,,,,,,,,,
2021-10-27,,,,,,,,,
2021-10-28,,,,,,,,,
2021-10-29,,,,,,,,,
2021-11-01,,,,,,,,,
2021-11-02,,,,,,,,,
2021-11-03,,,,,,,,,
2021-11-04,,,,,,,,,
2021-11-08,,,,,,,,,
2021-11-09,,,,,,,,,
2021-11-10,,,,,,,,,
2021-11-11,,,,,,,,,
2021-11-12,,,,,,,,,
2021-11-15,,,,,,,,,
2021-11-16,,,,,,,,,
2021-11-17,,,,,,,,,
2021-11-18,,,,,,,,,
2021-11-22,,,,,,,,,
2021-11-23,,,,,,,,,
2021-11-24,,,,,,,,,
2021-11-25,,,,,,,,,
2021-11-26,,,,,,,,,
2021-11-29,,,,,,,,,
2021-11-30,,,,,,,,,
2021-12-01,,,,,,,,,
2021-12-02,,,,,,,,,
2021-12-03,,,,,,,,,
2021-12-06,,,,,,,,,
2021-12-07,,,,,,,,,
2021-12-08,,,,,,,,,
2021-12-09,,,,,,,,,
2021-12-10,,,,,,,,,
2021-12-13,,,,,,,,,
2021-12-14,,,,,,,,,
2021-12-15,,,,,,,,,
2021-12-16,,,,,,,,,
2021-12-17,,,,,,,,,
2021-12-20,,,,,,,,,
2021-12-21,,,,,,,,,
2021-12-22,,,,,,,,,
2021-12-23,,,,,,,,,
2021-12-24,,,,,,,,,
2021-12-27,,,,,,,,,
2021-12-28,,,,,,,,,
2021-12-29,,,,,,,,,
2021-12-30,,,,,,,,,
2021-12-31,,,,,,,,,
2022-01-03,,,,,,,,,
2022-01-04,,,,,,,,,
2022-01-05,,,,,,,,,
2022-01-06,,,,,,,,,
2022-01-07,,,,,,,,,
2022-01-10,,,,,,,,,
2022-01-11,,,,,,,,,
2022-01-12,,,,,,,,,
2022-01-13,,,,,,,,,
2022-01-14,,,,,,,,,
2022-01-17,,,,,,,,,
2022-01-18,,,,,,,,,
2022-01-19,,,,,,,,,
2022-01-20,,,,,,,,,
2022-01-21,,,,,,,,,
2022-01-24,,,,,,,,,
2022-01-25,,,,,,,,,
2022-01-27,,,,,,,,,
2022-01-28,,,,,,,,,
2022-01-31,,,,,,,,,
2022-02-01,,,,,,,,,
2022-02-02,,,,,,,,,
2022-02-03,,,,,,,,,
2022-02-04,,,,,,,,,
2022-02-07,,,,,,,,,
2022-02-08,,,,,,,,,
2022-02-09,,,,,,,,,
2022-02-10,,,,,,,,,
2022-02-11,,,,,,,,,
2022-02-14,,,,,,,,,
2022-02-15,,,,,,,,,
2022-02-16,,,,,,,,,
2022-02-17,,,,,,,,,
2022-02-18,,,,,,,,,
2022-02-21,,,,,,,,,
2022-02-22,,,,,,,,,
2022-02-23,,,,,,,,,
2022-02-24,,,,,,,,,
2022-02-25,,,,,,,,,
2022-02-28,,,,,,,,,
2022-03-02,,,,,,,,,
2022-03-03,,,,,,,,,
2022-03-04,,,,,,,,,
2022-03-07,,,,,,,,,
2022-03-08,,,,,,,,,
2022-03-09,,,,,,,,,
2022-03-10,,,,,,,,,
2022-03-11,,,,,,,,,
2022-03-14,,,,,,,,,
2022-03-15,,,,,,,,,
2022-03-16,,,,,,,,,
2022-03-17,,,,,,,,,
2022-03-21,,,,,,,,,
2022-03-22,,,,,,,,,
2022-03-23,,,,,,,,,
2022-03-24,,,,,,,,,
2022-03-25,,,,,,,,,
2022-03-28,,,,,,,,,
2022-03-29,,,,,,,,,
2022-03-30,,,,,,,,,
2022-03-31,,,,,,,,,
2022-04-01,,,,,,,,,
2022-04-04,,,,,,,,,
2022-04-05,,,,,,,,,
2022-04-06,,,,,,,,,
2022-04-07,,,,,,,,,
2022-04-08,,,,,,,,,
2022-04-11,,,,,,,,,
2022-04-12,,,,,,,,,
2022-04-13,,,,,,,,,
2022-04-18,,,,,,,,,
2022-04-19,,,,,,,,,
2022-04-20,,,,,,,,,
2022-04-21,,,,,,,,,
2022-04-22,,,,,,,,,
2022-04-25,,,,,,,,,
2022-04-26,,,,,,,,,
2022-04-27,,,,,,,,,
2022-04-28,,,,,,,,,
2022-04-29,,,,,,,,,
2022-05-02,,,,,,,,,
2022-05-04,,,,,,,,,
2022-05-05,,,,,,,,,
2022-05-06,,,,,,,,,
2022-05-09,,,,,,,,,
2022-05-10,,,,,,,,,
2022-05-11,,,,,,,,,
2022-05-12,,,,,,,,,
2022-05-13,,,,,,,,,
2022-05-16,,,,,,,,,
2022-05-17,,,,,,,,,
2022-05-18,,,,,,,,,
2022-05-19,,,,,,,,,
2022-05-20,,,,,,,,,
2022-05-23,,,,,,,,,
2022-05-24,,,,,,,,,
2022-05-25,,,,,,,,,
2022-05-26,,,,,,,,,
2022-05-27,,,,,,,,,
2022-05-30,,,,,,,,,
2022-05-31,,,,,,,,,
2022-06-01,,,,,,,,,
2022-06-02,,,,,,,,,
2022-06-03,,,,,,,,,
2022-06-06,,,,,,,,,
2022-06-07,,,,,,,,,
2022-06-08,,,,,,,,,
2022-06-09,,,,,,,,,
2022-06-10,,,,,,,,,
2022-06-13,,,,,,,,,
2022-06-14,,,,,,,,,
2022-06-15,,,,,,,,,
2022-06-16,,,,,,,,,
2022-06-17,,,,,,,,,
2022-06-20,,,,,,,,,
2022-06-21,,,,,,,,,
2022-06-22,,,,,,,,,
2022-06-23,,,,,,,,,
2022-06-24,,,,,,,,,
2022-06-27,,,,,,,,,
2022-06-28,,,,,,,,,
2022-06-29,,,,,,,,,
2022-06-30,,,,,,,,,
2022-07-01,,,,,,,,,
2022-07-04,,,,,,,,,
2022-07-05,,,,,,,,,
2022-07-06,,,,,,,,,
2022-07-07,,,,,,,,,
2022-07-08,,,,,,,,,
2022-07-11,,,,,,,,,
2022-07-12,,,,,,,,,
2022-07-13,,,,,,,,,
2022-07-14,,,,,,,,,
2022-07-15,,,,,,,,,
2022-07-18,,,,,,,,,
2022-07-19,,,,,,,,,
2022-07-20,,,,,,,,,
2022-07-21,,,,,,,,,
2022-07-22,,,,,,,,,
2022-07-25,,,,,,,,,
2022-07-26,,,,,,,,,
2022-07-27,,,,,,,,,
2022-07-28,,,,,,,,,
2022-07-29,,,,,,,,,
2022-08-01,,,,,,,,,
2022-08-02,,,,,,,,,
2022-08-03,,,,,,,,,
2022-08-04,,,,,,,,,
2022-08-05,,,,,,,,,
2022-08-08,,,,,,,,,
2022-08-10,,,,,,,,,
2022-08-11,,,,,,,,,
2022-08-12,,,,,,,,,
2022-08-16,,,,,,,,,
2022-08-17,,,,,,,,,
2022-08-18,,,,,,,,,
2022-08-19,,,,,,,,,
2022-08-22,,,,,,,,,
2022-08-23,,,,,,,,,
2022-08-24,,,,,,,,,
2022-08-25,,,,,,,,,
2022-08-26,,,,,,,,,
2022-08-29,,,,,,,,,
2022-08-30,,,,,,,,,
2022-09-01,,,,,,,,,
2022-09-02,,,,,,,,,
2022-09-05,,,,,,,,,
2022-09-06,,,,,,,,,
2022-09-07,,,,,,,,,
2022-09-08,,,,,,,,,
2022-09-09,,,,,,,,,
2022-09-12,,,,,,,,,
2022-09-13,,,,,,,,,
2022-09-14,,,,,,,,,
2022-09-15,,,,,,,,,
2022-09-16,,,,,,,,,
2022-09-19,,,,,,,,,
2022-09-20,,,,,,,,,
2022-09-21,,,,,,,,,
2022-09-22,,,,,,,,,
2022-09-23,,,,,,,,,
2022-09-26,,,,,,,,,
2022-09-27,,,,,,,,,
2022-09-28,,,,,,,,,
2022-09-29,,,,,,,,,
2022-09-30,,,,,,,,,
2022-10-03,,,,,,,,,
2022-10-04,,,,,,,,,
2022-10-06,,,,,,,,,
2022-10-07,,,,,,,,,
2022-10-10,,,,,,,,,
2022-10-11,,,,,,,,,
2022-10-12,,,,,,,,,
2022-10-13,,,,,,,,,
2022-10-14,,,,,,,,,
2022-10-17,,,,,,,,,
2022-10-18,,,,,,,,,
2022-10-19,,,,,,,,,
2022-10-20,,,,,,,,,
2022-10-21,,,,,,,,,
2022-10-24,,,,,,,,,
2022-10-25,,,,,,,,,
2022-10-27,,,,,,,,,
2022-10-28,,,,,,,,,
2022-10-31,,,,,,,,,
2022-11-01,,,,,,,,,
2022-11-02,,,,,,,,,
2022-11-03,,,,,,,,,
2022-11-04,,,,,,,,,
2022-11-07,,,,,,,,,
2022-11-09,,,,,,,,,
2022-11-10,,,,,,,,,
2022-11-11,,,,,,,,,
2022-11-14,,,,,,,,,
2022-11-15,,,,,,,,,
2022-11-16,,,,,,,,,
2022-11-17,,,,,,,,,
2022-11-18,,,,,,,,,
2022-11-21,,,,,,,,,
2022-11-22,689.9500122070312,786.0,675.0999755859375,778.0,15636034.0,,,,
2022-11-23,715.5999755859375,719.7000122070312,690.5,702.0,2346053.0,,,,
2022-11-24,730.0999755859375,739.7999877929688,705.0999755859375,716.0,1689717.0,,,,
2022-11-25,745.1500244140625,767.9000244140625,722.0,724.8499755859375,1915106.0,,,,
2022-11-28,749.9000244140625,764.0,734.5499877929688,745.0,759905.0,,,,
2022-11-29,733.9500122070312,754.75,731.1500244140625,753.7000122070312,462934.0,,,,
2022-11-30,725.1500244140625,738.0,722.1500244140625,735.0,347873.0,,,,
2022-12-01,739.4500122070312,745.25,728.25,728.25,279131.0,,,,
2022-12-02,740.2000122070312,747.9500122070312,724.0,738.9500122070312,328645.0,,,,
2022-12-05,741.9500122070312,751.0,734.9500122070312,740.2000122070312,238342.0,,,,
2022-12-06,739.9000244140625,744.9500122070312,729.0,735.0,155237.0,,,,
2022-12-07,759.5499877929688,796.75,735.0,735.0,1160261.0,,,,
2022-12-08,746.1500244140625,772.0,741.0,759.9500122070312,212406.0,,,,
2022-12-09,727.1500244140625,763.0,724.9500122070312,749.9000244140625,299354.0,,,,
2022-12-12,730.7999877929688,735.9000244140625,715.25,728.6500244140625,171216.0,,,,
2022-12-13,726.0,735.4500122070312,724.0,733.7999877929688,144431.0,,,,
2022-12-14,734.8499755859375,738.0,726.0,729.5999755859375,141865.0,,,,
2022-12-15,721.9500122070312,734.9500122070312,718.25,730.0,90870.0,,,,
2022-12-16,705.25,724.4500122070312,701.0999755859375,715.0,91513.0,,,,
2022-12-19,694.25,709.0,691.2000122070312,708.5,145490.0,729.8625061035157,,17.8407375792469,
2022-12-20,700.5999755859375,709.0,688.5499877929688,693.9500122070312,159281.0,730.3950042724609,,16.70985191171299,
2022-12-21,703.1500244140625,722.6500244140625,696.5499877929688,701.0,237160.0,729.7725067138672,,17.503097254871875,
2022-12-22,702.25,707.0,667.25,705.0,200700.0,728.3800079345704,,18.552074560831503,
2022-12-23,680.25,697.0,672.9500122070312,690.0,177531.0,725.1350067138671,,20.98128676540925,
2022-12-26,703.8499755859375,713.5999755859375,666.7999877929688,670.5,133235.0,722.8325042724609,,20.644598619298264,
2022-12-27,721.7000122070312,724.9500122070312,704.9500122070312,705.0,123539.0,722.220004272461,,20.4784482624124,
2022-12-28,737.75,745.5,712.4000244140625,720.0,196026.0,722.8500030517578,,20.765137536795464,
2022-12-29,747.4500122070312,756.0,724.6500244140625,729.9500122070312,172325.0,723.2500030517579,,21.1747465628318,
2022-12-30,750.9500122070312,754.0,736.25,750.0,130907.0,723.7875030517578,,21.756109268845996,
2023-01-02,741.4500122070312,757.4000244140625,738.0499877929688,750.0,67794.0,723.7625030517578,,21.734416692965983,
2023-01-03,738.3499755859375,747.7000122070312,731.75,744.0,43130.0,723.6850006103516,,21.676530040496285,
2023-01-04,753.0499877929688,755.9500122070312,734.3499755859375,739.0,143152.0,723.3600006103516,,21.152901759333407,
2023-01-05,746.3499755859375,758.0,741.1500244140625,755.0,65554.0,723.3699981689454,,21.164284176464783,
2023-01-06,754.5999755859375,784.9000244140625,744.0999755859375,746.5999755859375,487821.0,724.7424957275391,,22.28282259053768,
2023-01-09,772.5,782.4500122070312,758.4000244140625,758.4000244140625,153238.0,726.8274963378906,,24.69935107045933,
2023-01-10,760.0499877929688,789.0,756.0,775.0,189874.0,728.529995727539,,25.788798085901625,
2023-01-11,764.7000122070312,766.4500122070312,757.0,761.9500122070312,52191.0,730.0224975585937,,27.00872835525856,
2023-01-12,757.0,768.5499877929688,750.0,768.5499877929688,35001.0,731.7749969482422,,27.58828152829551,
2023-01-13,760.4000244140625,764.0,755.0,757.0,40097.0,734.5324981689453,,27.553672742749765,
2023-01-16,770.8499755859375,780.0,756.0,764.25,102004.0,738.3624969482422,,26.97737301877732,
2023-01-17,768.7000122070312,806.4000244140625,761.5999755859375,774.75,465856.0,741.7674987792968,,26.248078133094733,
2023-01-18,794.0,798.0,772.5499877929688,772.5499877929688,213125.0,746.3099975585938,,27.061829266916305,
2023-01-19,800.5,825.7999877929688,790.0,798.0,393381.0,751.2224975585938,,27.55580874563967,
2023-01-20,790.5999755859375,808.0,786.5999755859375,804.0,96442.0,756.7399963378906,,23.31902750003194,
2023-01-23,798.5999755859375,803.0,774.0499877929688,794.5999755859375,145124.0,761.4774963378907,,21.567262313030877,
2023-01-24,794.9000244140625,807.9000244140625,782.7000122070312,801.9000244140625,173288.0,765.1374969482422,,20.65339824181968,
2023-01-25,763.5999755859375,796.5999755859375,758.0,788.5,92841.0,766.4299957275391,,19.632910394657948,
2023-01-27,764.3499755859375,772.5,741.0499877929688,760.0,158601.0,767.2749938964844,,19.13027156377116,
2023-01-30,769.5,782.25,754.0999755859375,757.4500122070312,126959.0,768.2024932861328,,18.74288501442156,
2023-01-31,772.9000244140625,783.5,754.0999755859375,771.9500122070312,118704.0,769.7749938964844,743.6430004882812,17.66878816032117,28.8668944048446
2023-02-01,808.7999877929688,815.0,782.0,791.7999877929688,530852.0,773.297494506836,746.02,18.091570569620643,29.246165528031955
2023-02-02,814.3499755859375,849.0,803.3499755859375,810.0,308577.0,776.3624938964844,747.995,19.60968321127776,30.45912220008368
2023-02-03,829.1500244140625,837.4000244140625,798.9500122070312,818.4500122070312,197649.0,780.5024963378906,749.9760009765625,21.58122180311912,32.428834479799065
2023-02-06,888.0499877929688,904.0,821.9500122070312,833.2999877929688,413977.0,787.1749969482422,752.8340002441406,31.50130373648298,37.8403099436959
2023-02-07,899.5,926.9500122070312,883.0999755859375,885.0,354212.0,793.5249969482422,755.8259997558594,40.03249428836495,43.14599515347994
2023-02-08,880.5999755859375,904.0,874.25,904.0,140532.0,799.5524963378906,758.7589990234375,43.63983698470247,46.48395157985775
2023-02-09,882.75,895.75,871.0,883.0,91113.0,805.4549957275391,761.9109985351563,46.5632625991076,49.409695006727134
2023-02-10,838.5,898.9500122070312,833.25,883.0,202483.0,809.529995727539,763.8919982910156,45.6569498082146,50.46513067923598
2023-02-13,898.5999755859375,905.3499755859376,833.25,842.7000122070312,296630.0,816.4399932861328,767.0599975585938,48.21625089418217,53.80859109076083
2023-02-14,890.0499877929688,907.7999877929688,866.0,901.0,164004.0,822.3999938964844,770.0219970703125,49.6306778999739,56.41142841977083
2023-02-15,902.25,917.6500244140624,881.1500244140625,890.0499877929688,230105.0,829.0774932861328,773.2689965820313,50.9909357614391,59.24352626171478
2023-02-16,885.8499755859375,904.7999877929688,865.0999755859375,900.0,473555.0,833.6699920654297,775.7949963378907,51.79529463347594,61.30339516602274
2023-02-17,870.1500244140625,887.2000122070312,859.8499755859375,885.0,166777.0,837.1524932861328,778.2749963378906,51.789191347786726,62.57464663089476
2023-02-20,895.8499755859375,899.0,855.0,874.9500122070312,177031.0,842.4149932861328,781.6489953613282,52.155973502463866,64.28645287965304
2023-02-21,938.0499877929688,951.25,887.0999755859375,900.3499755859375,538767.0,849.3874938964843,785.7939953613281,55.22139505797576,67.54004870603413
2023-02-22,952.75,958.25,927.0999755859376,938.4500122070312,448429.0,857.2799926757813,790.3289953613281,58.22268483956047,70.96879526042606
2023-02-23,944.6500244140624,957.5999755859376,933.0,953.0999755859376,183525.0,866.3324951171875,794.5249963378906,56.95166944716804,73.76862093500748
2023-02-24,923.25,953.9000244140624,920.0,945.0,222303.0,874.2774963378906,798.55099609375,52.91655177719072,75.20600644196496
2023-02-27,875.8499755859375,936.4500122070312,865.7999877929688,923.9500122070312,322988.0,879.5949951171875,801.9629956054688,46.826499849284815,74.75527367480355
2023-02-28,866.8499755859375,884.5499877929688,860.4000244140625,880.25,162528.0,884.2924926757812,805.4149951171875,39.73530165708922,73.65690068185565
2023-03-01,872.5,910.0,858.2999877929688,870.7999877929688,187788.0,887.4774932861328,808.8529956054688,35.715284779021665,72.66990353053139
2023-03-02,874.6500244140625,892.0,870.0,874.6500244140625,96484.0,890.4924957275391,812.2829956054687,31.51537226274081,71.6187062211884
2023-03-03,878.5499877929688,885.0,875.0,878.0,233726.0,892.9624938964844,815.8089953613281,28.218006548781297,70.4207667910882
2023-03-06,899.7000122070312,911.7999877929688,877.0499877929688,882.9500122070312,151329.0,893.5449951171875,820.1979956054688,28.231502804565565,68.61507996085277
2023-03-08,912.5999755859376,929.0,886.1500244140625,908.6500244140624,323226.0,894.1999938964843,824.3729956054688,28.52735251701628,67.7364586355092
2023-03-09,931.1500244140624,959.7999877929688,903.25,903.2999877929688,223091.0,896.7274963378907,828.5619958496094,29.48234607920708,67.73377805709572
2023-03-10,956.75,968.3499755859376,915.2999877929688,929.6500244140624,253444.0,900.4274963378906,832.9419958496094,32.15791334087128,68.81378237936538
2023-03-13,970.2999877929688,992.6500244140624,961.5499877929688,961.5499877929688,333296.0,907.0174957275392,837.3989953613282,32.30372704478043,70.36299353100586
2023-03-14,932.0999755859376,971.0,920.0,970.2999877929688,112062.0,908.692495727539,841.0219946289062,32.71024987370374,70.48449458323071
2023-03-15,974.6500244140624,989.7000122070312,940.25,950.0,234946.0,912.9224975585936,845.6859948730469,35.521855887186646,71.46989670312232
2023-03-16,951.4000244140624,974.6500244140624,945.0,974.0499877929688,192562.0,915.3799987792968,849.9469958496094,36.4331213476441,71.29072257560992
2023-03-17,945.4000244140624,962.1500244140624,937.5,949.0,113098.0,918.3575012207032,853.7939965820312,36.32596834298183,71.14490371444016
2023-03-20,941.9000244140624,987.0,921.75,921.75,164900.0,921.9450012207031,857.7049975585937,34.8265098651029,70.4898207968902
2023-03-21,960.4000244140624,973.0,946.0499877929688,946.6500244140624,342737.0,925.1725036621094,861.8209985351563,35.26914038320567,70.35485518337609
2023-03-22,961.3499755859376,976.0,954.7000122070312,961.0,55518.0,926.3375030517578,865.597998046875,36.09211053149566,70.53078166820883
2023-03-23,953.0,986.0,946.0999755859376,954.25,275786.0,926.3500030517578,869.4569982910157,36.10178158106418,69.913809956105
2023-03-24,944.0499877929688,965.0,938.6500244140624,957.7999877929688,241980.0,926.3200012207031,873.0439978027343,36.0860190954536,69.02467171767758
2023-03-27,946.3499755859376,963.0,933.0499877929688,945.0,85217.0,927.475,876.8309973144532,36.35128987139149,67.70981731316809
2023-03-28,957.5,970.0,940.0,951.0999755859376,71864.0,931.5575012207032,880.7729968261718,34.80012884570162,66.52001343845767
2023-03-29,963.9000244140624,968.0499877929688,948.0,948.0,145208.0,936.4100036621094,884.6339978027344,31.95224209226647,65.60586753480783
2023-03-31,962.7999877929688,987.9500122070312,955.0999755859376,968.75,188618.0,940.9250030517578,888.5159973144531,28.656043749690127,64.33618651341263
2023-04-03,1039.0,1070.0,960.0,972.4000244140624,313837.0,949.1425018310548,893.4159973144531,32.01808250078526,66.29091130723789
2023-04-05,991.0,1048.0,986.0,1040.0,180229.0,954.7650024414064,897.2259973144531,28.6673217462823,66.31606620347081
2023-04-06,964.4000244140624,997.0,960.5,997.0,122040.0,958.000003051758,900.7019982910156,25.6144154580711,65.15794365814297
2023-04-10,939.5499877929688,982.0,932.3499755859376,974.9000244140624,132428.0,959.3475036621094,903.5209985351562,23.74069647935144,63.68278026234778
2023-04-11,973.1500244140624,979.5999755859376,941.0,947.0499877929688,192481.0,961.4475036621094,907.0859985351562,22.959924422593783,62.455462101782295
2023-04-12,959.2999877929688,983.8499755859376,955.0,982.4500122070312,83849.0,961.5750030517578,910.9999987792968,22.939536798653307,59.33399833593111
2023-04-13,954.7999877929688,964.9500122070312,942.5,952.0,71988.0,960.8000030517578,914.8089990234377,22.89103202384941,55.73121174392741
2023-04-17,970.5999755859376,976.25,934.7999877929688,950.0,320712.0,962.7250030517578,918.8309985351564,21.94997060344861,52.17348103161687
2023-04-18,958.5,982.0,954.4000244140624,974.5999755859376,57062.0,961.9175018310548,922.542998046875,21.78462317688679,48.01580680962962
2023-04-19,942.9000244140624,969.7000122070312,939.5499877929688,959.0,58490.0,961.4925018310548,925.2249987792968,22.08150088852536,45.195188298128784
2023-04-20,942.0999755859376,953.0,940.0499877929688,948.5999755859376,44406.0,961.3274993896484,927.7799987792968,22.219975220208287,42.31869853616819
2023-04-21,943.8499755859376,952.8499755859376,935.1500244140624,947.9000244140624,61339.0,961.4249969482422,930.0739978027344,22.13435721351045,39.9029411169258
2023-04-24,961.0,968.0,943.0,951.0999755859376,73246.0,961.4549957275392,931.532998046875,22.13330150061497,39.6679989484779
2023-04-25,960.7999877929688,973.9000244140624,957.0,961.5999755859376,39601.0,961.4274963378906,932.7589978027344,22.133780509082964,39.60500041689855
2023-04-26,969.2999877929688,972.0,960.7999877929688,965.0,36865.0,962.2424957275392,934.532998046875,22.107214230871765,39.20552162034605
2023-04-27,978.2999877929688,986.7000122070312,967.0,971.0,72221.0,963.9549957275392,936.4439978027344,21.94978969018711,38.9578652172577
2023-04-28,987.4500122070312,994.5,970.0999755859376,980.0,85768.0,966.0099975585938,939.422998046875,22.137953235989237,36.959136985549634
2023-05-02,998.75,1014.2999877929688,989.8499755859376,994.1500244140624,78820.0,968.0724975585938,941.4259985351564,23.19947829780262,37.412615459148455
2023-05-03,1003.5999755859376,1014.0,987.0,987.0,77073.0,970.0574951171876,943.6969982910156,24.48639571723897,37.67577116938508
2023-05-04,1021.7000122070312,1034.0,1000.3499755859376,1003.8499755859376,81122.0,973.0024963378906,946.0859985351562,26.98235821715445,38.76537833925855
2023-05-05,999.0,1028.9000244140625,992.9000244140624,1028.9000244140625,57132.0,971.0024963378906,948.3489990234376,23.0252780442087,38.47883803808335
2023-05-08,978.7999877929688,1012.5,964.25,1010.0,53538.0,970.3924957275392,950.5219982910156,22.625746695014957,37.01255017641798
2023-05-09,967.0999755859376,995.3499755859376,951.5499877929688,979.0,81475.0,970.5274932861328,951.9469982910156,22.59614585936482,36.227958160666006
2023-05-10,974.5,979.7000122070312,964.9500122070312,967.9000244140624,38825.0,972.2749938964844,952.6759985351564,21.39383844106476,36.30925040665401
2023-05-11,1009.4500122070312,1015.9500122070312,972.8499755859376,977.9000244140624,178563.0,974.0899932861328,953.8099987792968,22.95483207231969,37.1864323826372
2023-05-12,1018.75,1052.5,1008.9500122070312,1009.4000244140624,158028.0,977.0624938964844,955.2919982910156,24.72013746930304,38.274569117293765
2023-05-15,996.9000244140624,1030.4000244140625,987.7000122070312,1029.5,87957.0,979.1674957275392,956.7649987792968,24.51627442115636,38.43314924301602
2023-05-16,998.9500122070312,1015.5499877929688,991.1500244140624,1005.0,60066.0,980.5849975585936,959.2269995117188,24.81263032201144,37.06241373332151
2023-05-17,1169.300048828125,1190.0,1075.0999755859375,1097.0,2040425.0,991.125,965.2760009765624,48.45043928736869,45.41759832408751
2023-05-18,1136.0,1247.949951171875,1121.0,1180.0,1302237.0,1000.7799987792968,970.5460009765624,56.84706797133418,49.53370448579783
2023-05-19,1186.800048828125,1201.0,1146.0,1156.0,497522.0,1013.0150024414064,976.7890014648438,68.6587293517618,56.39634310418217
2023-05-22,1306.949951171875,1328.0,1190.0,1208.0,795947.0,1031.1700012207032,985.357000732422,93.07277139831903,71.64704397287056
2023-05-23,1276.800048828125,1326.9000244140625,1250.0,1311.0,344071.0,1046.960003662109,992.8990014648438,106.37868860914568,81.60250701933052
2023-05-24,1323.25,1348.4000244140625,1241.8499755859375,1282.0,235843.0,1065.082504272461,1001.112001953125,120.82091915162084,93.19725276948694
2023-05-25,1310.449951171875,1346.0,1253.4000244140625,1299.8499755859375,142113.0,1082.1400024414063,1008.6980004882812,130.29681182174812,102.37173040325884
2023-05-26,1323.1500244140625,1343.199951171875,1298.0,1332.0,103741.0,1099.382504272461,1016.0260009765624,138.39777320016518,111.30167583502778
2023-05-29,1319.300048828125,1344.949951171875,1310.0,1336.4000244140625,53708.0,1115.9750061035156,1023.0060021972656,144.0492514808494,119.04923935053858
2023-05-30,1371.949951171875,1428.0,1303.0,1310.0,392405.0,1134.6350036621093,1031.8030017089843,152.0164656006767,128.101678519681
2023-05-31,1430.699951171875,1454.75,1370.449951171875,1370.550048828125,503298.0,1155.9900024414062,1040.9240002441406,162.29191787842225,139.66319871585202
2023-06-01,1428.0999755859375,1440.0,1405.25,1431.949951171875,164090.0,1176.3100006103516,1050.457999267578,169.85855649245727,149.36125781488184
2023-06-02,1401.1500244140625,1453.0,1390.0,1430.0999755859375,110879.0,1196.4175018310548,1059.572999267578,171.5585864241385,156.55239969332277
2023-06-05,1339.699951171875,1428.0,1330.0,1404.5999755859375,173125.0,1214.4625,1067.5289978027345,166.3659032683786,160.50833300097875
2023-06-06,1418.5,1427.25,1330.0,1350.0,232686.0,1237.0325012207031,1076.6909973144532,161.59234698128304,167.2033003571783
2023-06-07,1436.6500244140625,1446.0,1411.0999755859375,1437.0,126076.0,1260.1400024414063,1086.1969982910157,154.9829115488178,173.88941982549437
2023-06-08,1449.449951171875,1487.0,1425.0,1430.0,150138.0,1282.1399993896484,1096.1259973144531,148.62300288437206,180.1881670885404
2023-06-09,1494.449951171875,1535.0,1455.0,1455.0,295990.0,1305.924996948242,1107.1339965820312,142.17739927196206,187.3770105215979
2023-06-12,1529.550048828125,1562.0,1481.0999755859375,1523.0,155576.0,1332.5574981689454,1118.797998046875,130.66626274278298,195.15448787800776
2023-06-13,1600.5,1619.0,1445.050048828125,1535.0,276382.0,1362.6349975585938,1131.657998046875,118.50069561668448,205.2340240777991
2023-06-14,1537.699951171875,1624.699951171875,1515.0,1617.9000244140625,785095.0,1381.0549926757812,1143.1339965820312,115.46001667284678,211.60569946128072
2023-06-15,1529.449951171875,1588.0,1502.199951171875,1548.5999755859375,352190.0,1400.727490234375,1154.4669958496097,104.50843950299188,216.8592814032129
2023-06-16,1562.1500244140625,1573.9000244140625,1512.199951171875,1542.6500244140625,423825.0,1419.4949890136718,1164.9299963378903,97.53978102492322,223.68748946858864
2023-06-19,1557.699951171875,1597.0,1542.199951171875,1571.1500244140625,99751.0,1432.032489013672,1176.2639953613282,98.423525392413,228.989001223892
2023-06-20,1580.550048828125,1589.0,1550.0,1577.0,230858.0,1447.219989013672,1188.5869958496094,96.62836257512016,233.88162997658767
2023-06-21,1598.25,1615.449951171875,1588.0,1594.949951171875,632154.0,1460.969989013672,1201.76099609375,97.62010811721262,238.0814839353842
2023-06-22,1561.800048828125,1599.800048828125,1550.0,1599.800048828125,65092.0,1473.5374938964844,1213.5339965820312,93.30639969539216,241.08139969844615
2023-06-23,1499.0999755859375,1580.0,1472.199951171875,1577.550048828125,93462.0,1482.334991455078,1224.3299963378906,86.42146738822215,241.55014434200848
2023-06-26,1521.050048828125,1536.75,1461.0999755859375,1513.449951171875,144000.0,1492.4224914550782,1235.6549975585938,77.72693108777874,241.9293504885067
2023-06-27,1541.449951171875,1549.699951171875,1504.0,1511.0,110934.0,1500.897491455078,1247.0719970703126,72.99660657367139,242.63433963988365
2023-06-28,1532.449951171875,1555.3499755859375,1529.0,1543.949951171875,135931.0,1505.9849914550782,1258.55099609375,71.37440082946003,242.2799074488052
2023-06-30,1505.4000244140625,1544.25,1474.0,1533.25,310587.0,1509.8499938964844,1269.80099609375,68.98790832022107,240.3759345647949
2023-07-03,1551.199951171875,1588.800048828125,1510.1500244140625,1512.800048828125,204985.0,1517.352490234375,1281.982995605469,64.5615516056215,238.85894836335092
2023-07-04,1576.050048828125,1582.5,1552.0,1558.5,150349.0,1529.1699951171877,1294.6269970703124,50.4128196338094,237.32240265780655
2023-07-05,1615.4000244140625,1655.0999755859375,1552.199951171875,1584.5,222553.0,1539.0149963378906,1307.7149975585935,46.7563023828298,236.591346272406
2023-07-06,1576.550048828125,1629.800048828125,1570.0,1615.9000244140625,179735.0,1546.0099975585938,1320.0299987792969,40.70986967147651,234.17842009431465
2023-07-07,1605.699951171875,1610.0,1560.0999755859375,1577.0,116732.0,1553.8224975585938,1332.757998046875,35.91431408216378,232.01129336874828
2023-07-10,1591.800048828125,1636.0,1556.949951171875,1605.699951171875,246123.0,1558.6900024414062,1345.027999267578,33.989366931869924,229.0872496128273
2023-07-11,1662.300048828125,1769.0,1599.0,1605.0,595880.0,1565.3275024414063,1358.525,40.36350678184338,227.46421624774524
2023-07-12,1704.1500244140625,1719.800048828125,1665.300048828125,1697.0,447799.0,1570.5100036621093,1372.6330004882811,50.49880798964104,226.5682461033113
2023-07-13,1689.5999755859375,1781.0,1675.300048828125,1718.0,385443.0,1578.1050048828124,1386.3530004882812,56.38434999213446,224.52653617126197
2023-07-14,1774.949951171875,1779.5,1689.6500244140625,1708.800048828125,311222.0,1590.3800048828125,1401.417999267578,70.2521060499461,224.8302845465711
2023-07-17,1844.949951171875,1855.0,1754.800048828125,1788.0,367823.0,1604.520001220703,1418.3369982910156,89.96547452166057,225.75731531271717
2023-07-18,1775.25,1869.699951171875,1764.0,1850.0,167553.0,1615.397503662109,1434.2659985351563,96.89173549069886,222.181179983104
2023-07-19,1816.449951171875,1871.0,1789.449951171875,1789.449951171875,255828.0,1627.1924987792968,1451.252998046875,106.32558316361232,218.1673170508816
2023-07-20,1817.199951171875,1852.699951171875,1811.0,1827.9000244140625,152224.0,1638.1399963378906,1468.1069970703124,114.17107955764004,213.07624487782456
2023-07-21,1799.0999755859375,1830.6500244140625,1780.0999755859375,1824.0,94376.0,1650.0049926757813,1483.8999963378906,118.0834756726108,207.5804246010461
2023-07-24,1805.5999755859373,1829.949951171875,1780.0,1803.0,85393.0,1665.329992675781,1499.636995849609,117.35479254570936,201.32903827952885
2023-07-25,1842.199951171875,1894.949951171875,1811.0999755859373,1811.5999755859373,288351.0,1681.3874877929688,1516.5429943847655,118.53940414554592,193.59382989307852
2023-07-26,1848.9000244140625,1914.949951171875,1831.699951171875,1914.949951171875,123605.0,1696.759991455078,1533.5419946289062,119.36936809779318,184.3112040736071
2023-07-27,1836.449951171875,1865.0,1821.0,1856.800048828125,64458.0,1711.959991455078,1546.8849926757812,116.67015364266884,181.5320083440861
2023-07-28,1787.1500244140625,1843.5999755859373,1761.050048828125,1843.5999755859373,133384.0,1726.0474914550782,1559.9079931640624,107.02777264175847,174.68108046815388
2023-07-31,1813.550048828125,1823.3499755859373,1790.0,1795.0999755859375,132447.0,1739.164996337891,1572.4429931640625,100.3382685910615,169.77950627676137
2023-08-01,1735.0,1829.0,1702.050048828125,1801.0,503268.0,1747.1124938964845,1581.003994140625,92.74617355639106,166.88641163712126
2023-08-02,1769.800048828125,1804.699951171875,1734.9000244140625,1736.949951171875,184271.0,1754.8324951171876,1590.863994140625,87.48226395656535,163.06663061513638
2023-08-03,1756.4000244140625,1799.9000244140625,1721.050048828125,1780.0,472603.0,1763.8249938964843,1599.5269946289063,76.78072312889628,160.03686587874532
2023-08-04,1806.300048828125,1838.949951171875,1772.6500244140625,1790.0,540552.0,1773.854998779297,1609.443996582031,67.58966389195831,157.09417012503403
2023-08-07,1806.3499755859373,1847.9000244140625,1787.0,1837.9000244140625,137849.0,1784.5824951171876,1619.107995605469,52.52028470173832,153.95390366877749
2023-08-08,1815.3499755859373,1825.4000244140625,1790.199951171875,1813.5999755859373,112969.0,1792.2349914550782,1629.028994140625,44.26692538501678,150.17630573775773
2023-08-09,1783.550048828125,1825.75,1771.050048828125,1822.699951171875,68818.0,1796.204992675781,1637.26099609375,39.22465765425675,147.0451857976621
2023-08-10,1719.25,1796.199951171875,1685.0,1788.6500244140625,242823.0,1797.6874938964845,1643.0319970703124,35.35264943945813,144.41165334824615
2023-08-11,1731.949951171875,1758.75,1705.449951171875,1728.0,79731.0,1795.5374938964844,1649.1089965820313,38.01548527952064,141.5472581403074
2023-08-14,1750.25,1772.949951171875,1707.449951171875,1722.050048828125,127847.0,1790.8024963378907,1656.09099609375,37.430164750361975,137.62223679033804
2023-08-16,1719.3499755859375,1766.800048828125,1702.0,1747.0,62727.0,1788.0074951171875,1663.683996582031,40.6050744654429,130.07610372538682
2023-08-17,1749.699951171875,1761.25,1724.9000244140625,1726.0,93096.0,1784.6699951171877,1670.3079956054687,40.8864833322175,125.6947654787744
2023-08-18,1748.3499755859375,1784.949951171875,1734.6500244140625,1736.0,133012.0,1781.227496337891,1676.5419946289062,40.90188239598163,121.53028473797887
2023-08-21,1760.800048828125,1770.25,1717.050048828125,1770.199951171875,185652.0,1779.3125,1682.7689965820311,40.91764936717676,117.56897594612052
2023-08-22,1770.1500244140625,1796.25,1726.550048828125,1760.800048828125,200288.0,1777.5400024414062,1688.282998046875,40.48450723765977,114.99351460852468
2023-08-23,1798.0,1858.1500244140625,1772.800048828125,1789.9000244140625,220656.0,1775.3300048828123,1693.6519970703123,37.892459981357895,113.69061809723574
2023-08-24,1856.800048828125,1888.75,1795.050048828125,1819.5999755859373,298596.0,1775.7250061035156,1698.777998046875,38.731621592612285,115.17320350342622
2023-08-25,1984.300048828125,2149.949951171875,1930.050048828125,1960.0,1139565.0,1783.1175109863282,1707.71,59.48271692280047,119.6564934497296
2023-08-28,2007.550048828125,2054.300048828125,1971.0,2039.949951171875,417351.0,1794.1375122070312,1717.272001953125,77.84957593006266,124.1396482089821
2023-08-29,1988.5,2035.0,1977.9000244140625,2018.449951171875,271986.0,1802.885009765625,1725.7990014648435,89.15395577892387,127.85421174535556
2023-08-30,1981.8499755859373,2010.0,1963.8499755859373,2002.449951171875,121078.0,1815.2275085449216,1734.282001953125,96.07931693395824,130.5166358436332
2023-08-31,2014.25,2049.949951171875,1950.0,1986.6500244140625,342509.0,1827.4500061035155,1742.9560009765626,105.11947508097457,134.44380306381683
2023-09-01,1990.9000244140625,2045.949951171875,1985.0,2016.6500244140625,106828.0,1839.175006103516,1750.8090014648435,109.75337733020474,137.2569915052956
2023-09-04,1975.699951171875,2039.9000244140625,1957.050048828125,2039.9000244140625,287392.0,1847.645001220703,1759.086999511719,113.55354738177051,138.10376878195845
2023-09-05,1960.9000244140625,1990.5,1923.75,1980.0,94892.0,1855.3725036621092,1768.3230004882812,115.831295106154,135.78418916598582
2023-09-06,1911.550048828125,1978.4000244140625,1895.0,1975.0,136533.0,1860.1825073242187,1776.1330004882811,116.0789841616682,132.46102430982268
2023-09-07,1954.8499755859373,2090.0,1940.0,2051.050048828125,360552.0,1868.7475036621092,1784.4010009765625,116.44616857104718,130.39937531519507
2023-09-08,2036.800048828125,2070.0,1963.050048828125,1968.9000244140625,378531.0,1884.625006103516,1794.4880029296876,116.63815977148576,130.0183993639986
2023-09-11,2202.300048828125,2231.89990234375,2050.0,2058.0,362892.0,1908.142510986328,1808.4260034179688,130.79333751664856,135.62853208512226
2023-09-12,2122.10009765625,2238.0,2051.10009765625,2238.0,339935.0,1926.7350158691409,1819.844006347656,133.56749225289897,137.54906308033827
2023-09-13,2008.6500244140625,2140.949951171875,2000.0,2122.10009765625,211716.0,1941.200018310547,1828.496005859375,125.33786182426398,135.49130982880848
2023-09-14,2075.300048828125,2124.699951171875,2014.050048828125,2020.5999755859373,216384.0,1957.4800231933596,1837.6940063476563,120.19540752631003,136.33759379327336
2023-09-15,2119.25,2160.0,2082.300048828125,2095.25,217402.0,1976.0250244140625,1848.5480053710935,114.71878453902656,136.72527055870452
2023-09-18,2086.75,2144.949951171875,2035.1500244140625,2140.0,87588.0,1992.322521972656,1858.169006347656,105.29998564632588,136.21209532177653
2023-09-20,2052.449951171875,2082.050048828125,2020.0,2082.050048828125,75551.0,2006.437518310547,1867.3820043945316,92.03651426515536,133.37699431606933
2023-09-21,2067.85009765625,2141.050048828125,2059.300048828125,2088.949951171875,333953.0,2019.9300231933596,1875.4930053710937,78.68258394390422,132.98159601848914
2023-09-22,2050.14990234375,2127.449951171875,1986.0999755859373,2085.0,216992.0,2029.5975158691408,1882.4130029296875,68.84791613726655,132.88582143067336
2023-09-25,2119.550048828125,2133.300048828125,2055.949951171875,2055.949951171875,140564.0,2036.3600158691409,1891.0120043945312,70.77973435534204,134.06009991275627
2023-09-26,2118.449951171875,2150.0,2100.10009765625,2139.0,36073.0,2041.905010986328,1897.8820043945316,72.72133147301453,136.76519305060742
2023-09-27,2229.25,2244.5,2112.75,2124.949951171875,122661.0,2053.942510986328,1905.5680053710937,82.66211203575934,144.31968476911356
2023-09-28,2244.5,2287.89990234375,2187.050048828125,2245.0,283515.0,2067.0750122070312,1914.9530053710937,91.04453558865976,150.7849260580458
2023-09-29,2300.300048828125,2346.949951171875,2212.35009765625,2253.14990234375,99919.0,2081.3775146484377,1924.6300073242187,103.87372040406332,159.6025597120092
2023-10-03,2398.0,2410.5,2300.300048828125,2328.0,174660.0,2101.7325134277344,1936.246008300781,123.28451230386491,172.2579482086264
2023-10-04,2392.050048828125,2413.60009765625,2340.0,2408.949951171875,143306.0,2122.550018310547,1948.105009765625,135.43595163830577,182.71667197233887
2023-10-05,2491.5,2540.0,2396.0,2410.0,245920.0,2149.080017089844,1961.8230102539064,152.94161161158365,196.9898465419876
2023-10-06,2549.699951171875,2571.5,2516.050048828125,2516.050048828125,207143.0,2180.987512207031,1975.9730102539063,166.72474566956367,212.98287172628963
2023-10-09,2631.14990234375,2965.60009765625,2555.949951171875,2555.949951171875,576967.0,2214.8025085449217,1991.6180078125,185.923666853808,231.3930483123993
2023-10-10,2689.89990234375,2767.0,2612.0,2688.0,217421.0,2247.4575012207038,2008.6870068359376,208.94349211248644,250.4097596880096
2023-10-11,2676.199951171875,2730.0,2633.050048828125,2723.699951171875,197563.0,2271.1524963378906,2026.4680053710936,229.42056440181824,265.46970465662883
2023-10-12,2713.699951171875,2778.85009765625,2665.0,2675.0,151663.0,2300.732489013672,2044.4710034179689,246.68051199154763,280.81449809257714
2023-10-13,2668.550048828125,2745.550048828125,2650.0,2723.0,86297.0,2333.727490234375,2063.142004394532,249.6711957757772,290.6802147005839
2023-10-16,2626.89990234375,2689.89990234375,2601.050048828125,2680.60009765625,230143.0,2361.307482910156,2080.284001464844,250.0874178564839,298.2033080999923
2023-10-17,2571.10009765625,2667.89990234375,2550.0,2667.89990234375,137752.0,2383.8999877929687,2096.5780029296875,247.4653942275728,302.37361403047527
2023-10-18,2509.050048828125,2570.0,2480.0,2570.0,109468.0,2405.014990234375,2110.633002929688,238.63546979415705,304.9273940810168
2023-10-19,2548.85009765625,2557.60009765625,2445.0,2479.0,59819.0,2429.834997558594,2125.483005371094,225.4885500092396,307.8720579796481
2023-10-20,2456.050048828125,2575.0,2430.0,2556.60009765625,106326.0,2449.2449951171875,2138.2970068359373,208.77787725253037,308.03382873214105
2023-10-23,2341.10009765625,2485.64990234375,2323.64990234375,2440.10009765625,142581.0,2463.7925048828124,2149.4480078125,188.6742756480149,305.00664398307947
2023-10-25,2311.85009765625,2400.0,2269.60009765625,2372.0,181625.0,2473.407507324219,2161.300009765625,174.58165404595874,299.4111297456296
2023-10-26,2291.550048828125,2333.949951171875,2215.550048828125,2270.0,170454.0,2482.0625122070314,2172.49201171875,159.71609862002308,293.43374458638993
2023-10-27,2379.25,2399.89990234375,2314.949951171875,2319.0,120792.0,2489.5625122070314,2185.07201171875,150.474102920964,288.40208927798227
2023-10-30,2376.449951171875,2400.14990234375,2326.449951171875,2400.0,45289.0,2496.160009765625,2198.2140112304687,141.8069359229962,281.6389852676392
2023-10-31,2383.39990234375,2400.949951171875,2352.14990234375,2400.0,91597.0,2500.3150024414062,2210.888010253906,136.89861263495698,275.22913729315405
2023-11-01,2331.5,2382.39990234375,2158.0,2325.0,691653.0,2496.9900024414064,2222.5510107421874,140.2802468577306,267.4752463190383
2023-11-02,2363.85009765625,2375.0,2304.0,2354.89990234375,212925.0,2495.5800048828123,2234.61201171875,141.52672874396495,259.71277133710754
2023-11-03,2365.800048828125,2400.0,2352.550048828125,2388.89990234375,84048.0,2489.2950073242187,2246.525012207031,144.47776202911152,251.50464922802715
2023-11-06,2455.35009765625,2502.89990234375,2389.0,2394.199951171875,122049.0,2484.577514648437,2259.6720141601563,143.9409702851682,244.66828386330468
2023-11-07,2453.14990234375,2484.0,2400.10009765625,2484.0,107915.0,2475.6775146484374,2271.599011230469,139.8459840016765,239.10040146740528
2023-11-08,2476.60009765625,2507.949951171875,2450.60009765625,2457.199951171875,101080.0,2465.0125244140627,2281.445012207031,130.4679563446186,237.15656853599376
2023-11-09,2484.050048828125,2497.75,2450.0,2488.89990234375,37265.0,2455.405029296875,2290.975012207032,120.81566731111675,235.49374821150624
2023-11-10,2448.199951171875,2499.85009765625,2369.64990234375,2484.050048828125,44770.0,2442.130029296875,2300.1690112304686,104.4139579984534,232.39700524999813
2023-11-13,2462.85009765625,2529.199951171875,2447.050048828125,2525.0,73105.0,2431.845031738281,2309.789013671875,90.0850155089866,228.88019054124305
2023-11-15,2446.64990234375,2501.0,2415.0,2500.0,114133.0,2422.832531738281,2318.43701171875,77.7103829977765,225.63150110358347
2023-11-16,2494.449951171875,2500.0,2446.699951171875,2456.199951171875,99954.0,2419.0000244140624,2328.5080102539064,71.66853170668324,221.92101768606432
2023-11-17,2492.449951171875,2500.0,2481.050048828125,2497.0,45857.0,2418.17001953125,2338.8430102539064,70.65978420888969,217.1363151570368
2023-11-20,2435.25,2548.64990234375,2400.0,2525.0,116621.0,2412.4900146484374,2348.330009765625,63.8388146198037,210.54904115234515
2023-11-21,2473.199951171875,2500.0,2431.25,2433.89990234375,74659.0,2413.347509765625,2359.5630078125,64.56575784936578,201.5612933319416
2023-11-22,2491.14990234375,2500.949951171875,2450.0,2486.89990234375,52189.0,2420.85,2370.289006347656,64.44654299929381,193.70137513035604
2023-11-23,2440.89990234375,2515.0,2400.10009765625,2508.64990234375,111836.0,2427.302490234375,2378.371003417969,59.20620009104194,187.8447032087636
2023-11-24,2450.14990234375,2490.0,2441.85009765625,2449.64990234375,46704.0,2435.232482910156,2383.3280004882813,49.96719538107958,186.36800504613316
2023-11-28,2464.35009765625,2485.60009765625,2454.0,2485.550048828125,47941.0,2439.4874877929688,2390.173000488281,48.5524065398624,182.8292664968132
2023-11-29,2426.35009765625,2482.550048828125,2412.0,2482.550048828125,56158.0,2441.982495117188,2398.527001953125,46.375893352621,174.38872996278445
2023-11-30,2466.60009765625,2500.0,2370.89990234375,2428.0,259156.0,2446.1425048828123,2406.353002929688,44.53959725820012,168.25976008513746
2023-12-01,2434.5,2494.64990234375,2420.0,2480.0,46134.0,2451.2925048828124,2412.6580029296874,35.65472785411654,163.1096078348772
2023-12-04,2480.050048828125,2488.300048828125,2442.10009765625,2480.0,73102.0,2457.102502441406,2420.52400390625,29.61119371226843,156.41809665796475
2023-12-05,2423.89990234375,2479.949951171875,2420.0,2455.0,62215.0,2460.007495117188,2427.9530029296875,22.07299855235944,147.12467392590298
2023-12-06,2396.39990234375,2440.0,2384.75,2438.60009765625,65386.0,2457.0599853515623,2434.5239990234377,26.265452862838757,137.751655458727
2023-12-07,2371.85009765625,2415.64990234375,2361.050048828125,2390.050048828125,57695.0,2452.9949951171875,2440.958002929688,32.46257729457484,126.48426230251404
2023-12-08,2361.60009765625,2380.39990234375,2275.85009765625,2375.25,133232.0,2447.2449951171875,2445.79900390625,37.80638764153235,118.298998697371
2023-12-11,2377.699951171875,2388.64990234375,2346.64990234375,2374.39990234375,214104.0,2441.927490234375,2450.98400390625,39.78463071314843,108.97236767840668
2023-12-12,2447.199951171875,2479.89990234375,2387.949951171875,2389.25,191466.0,2441.877490234375,2455.3430029296874,39.776960441134015,104.1753012265949
2023-12-13,2454.949951171875,2488.800048828125,2436.800048828125,2479.89990234375,98926.0,2441.482482910156,2459.552001953125,39.59654650939432,99.63523010884153
2023-12-14,2474.25,2500.0,2440.10009765625,2488.0,112212.0,2442.8624877929688,2463.0310009765626,40.26148943374045,96.96216911401558
2023-12-15,2580.449951171875,2645.0,2474.25,2490.0,474092.0,2447.162487792969,2466.68,49.57610141474278,97.8935144928944
2023-12-18,2601.64990234375,2670.0,2585.050048828125,2615.0,183826.0,2452.6224853515623,2470.8719970703123,59.78786280927116,99.11264172787682
2023-12-19,2745.449951171875,2775.0,2648.699951171875,2665.25,362446.0,2468.1324829101563,2475.95099609375,88.4224617964678,106.42811108082353
2023-12-20,2743.800048828125,3000.0,2711.0,2765.0,653054.0,2481.662487792969,2479.832998046875,107.81509763303188,112.53760444536374
2023-12-21,2737.699951171875,2838.0,2668.550048828125,2739.89990234375,253446.0,2493.989990234375,2481.9639990234373,122.10513924366306,116.40380192530638
2023-12-22,2743.5,2862.75,2628.5,2819.0,259499.0,2509.1199951171875,2483.0360009765627,133.40519640918708,118.5842239686788
2023-12-26,2633.14990234375,2725.050048828125,2601.0,2725.050048828125,251352.0,2518.269995117188,2482.175,135.40844220657652,117.30246062218758
2023-12-27,2583.85009765625,2659.0,2572.0,2633.14990234375,196732.0,2524.2449951171875,2479.5780029296875,135.54041156990775,113.44604929325024
2023-12-28,2599.89990234375,2641.199951171875,2585.0,2606.949951171875,114266.0,2532.9224853515625,2478.205,134.49459732946394,111.51123009314244
2023-12-29,2610.550048828125,2630.0,2580.0,2599.0,72626.0,2540.119982910156,2477.878002929688,134.6102439178932,111.08947111330929
2024-01-01,2669.050048828125,2680.10009765625,2600.0,2600.0,74461.0,2551.8474853515627,2479.837001953125,135.14030378257092,113.60216721026651
2024-01-02,2663.300048828125,2692.449951171875,2605.0,2680.0,83254.0,2561.0099853515626,2482.922001953125,136.22406200459938,116.46989569522172
2024-01-03,2555.949951171875,2664.64990234375,2481.050048828125,2660.0,483749.0,2567.6124877929688,2483.0639990234376,132.37456319203127,116.55620987538217
2024-01-04,2521.0,2640.0,2445.050048828125,2625.0,366474.0,2573.842492675781,2484.362998046875,126.70317364250792,116.61091503038736
2024-01-05,2556.25,2588.949951171875,2523.0,2549.64990234375,75701.0,2583.062487792969,2488.66599609375,117.61413090096303,115.17731339458165
2024-01-08,2551.35009765625,2574.60009765625,2505.0,2563.85009765625,77816.0,2592.5499877929688,2493.45599609375,105.87689581532727,112.62572042554942
2024-01-09,2635.35009765625,2655.0,2525.0,2525.0,179700.0,2605.4324951171875,2500.3319970703124,93.28523196467364,110.52260339625806
2024-01-10,2601.60009765625,2639.89990234375,2587.949951171875,2634.949951171875,106953.0,2613.1525024414063,2504.7789990234373,85.57106452550352,110.02343294712306
2024-01-11,2654.85009765625,2675.0,2610.89990234375,2610.89990234375,87775.0,2623.147509765625,2510.347001953125,77.40473716865355,110.4402591640731
2024-01-12,2735.300048828125,2742.5,2675.0,2675.0,97868.0,2636.2000122070312,2517.3850048828126,72.85123290901996,113.35938194785211
2024-01-15,2735.300048828125,2735.300048828125,2735.300048828125,2735.300048828125,0.0,2643.942517089844,2525.461005859375,74.81646346633948,114.22674961502648
2024-01-16,2761.0,2807.39990234375,2712.10009765625,2765.0,64380.0,2651.910021972656,2533.40400390625,78.47115704399366,116.54426655409702
2024-01-17,2737.550048828125,2771.949951171875,2698.60009765625,2724.050048828125,85173.0,2651.515026855469,2540.83900390625,77.99396153785435,117.48784547768244
2024-01-18,2671.699951171875,2767.449951171875,2640.0,2750.0,100538.0,2647.910021972656,2545.1660009765624,75.11713217441465,118.25658605808174
2024-01-19,2733.449951171875,2745.0,2678.85009765625,2694.0,45504.0,2647.6975219726564,2550.772001953125,74.85531038113595,120.42941097026448
2024-01-23,2708.800048828125,2829.10009765625,2685.0,2685.0,117994.0,2645.9625244140625,2555.4160009765624,72.89438358779411,121.97791404060932
2024-01-24,2851.14990234375,2890.0,2686.550048828125,2728.0,226264.0,2656.8625244140626,2562.757998046875,85.99869301075047,128.4699726223671
2024-01-25,2878.449951171875,2899.949951171875,2853.75,2892.949951171875,86093.0,2671.592517089844,2571.362998046875,97.31945452264048,134.88904898955766
2024-01-29,2887.300048828125,2900.0,2856.949951171875,2890.0,64421.0,2685.9625244140625,2579.8519970703123,106.92112547220802,141.13213786740806
2024-01-30,2827.949951171875,2950.89990234375,2773.199951171875,2908.10009765625,122591.0,2696.83251953125,2587.477998046875,109.86131601609588,144.05906801975777
2024-01-31,2831.300048828125,2990.0,2781.0,2985.0,342056.0,2704.94501953125,2594.215,113.62775421033857,147.45620962096487
2024-02-01,2813.949951171875,2900.0,2790.050048828125,2890.0,159593.0,2712.4775146484376,2600.645,115.69630524376744,149.9172174722743
2024-02-02,2907.25,2930.0,2800.550048828125,2850.0,132452.0,2730.042517089844,2610.085,117.3371037922932,154.09239691985695
2024-02-05,2883.449951171875,2978.0,2840.10009765625,2978.0,106183.0,2748.1650146484376,2618.29,111.179913730677,157.53869957487242
2024-02-06,2835.449951171875,2908.800048828125,2820.10009765625,2901.0,108271.0,2762.1250122070314,2625.1760009765626,103.04525009756544,159.38188261644964
2024-02-07,2881.449951171875,2930.0,2840.35009765625,2879.199951171875,198726.0,2778.6300048828125,2633.987001953125,93.50266772896993,161.15423028018546
2024-02-08,2924.64990234375,2939.89990234375,2900.050048828125,2930.0,206876.0,2793.0949951171874,2643.477001953125,92.5430734324883,164.05259537369733
2024-02-09,2903.35009765625,2973.35009765625,2831.050048828125,2950.0,88537.0,2808.1824951171875,2652.257001953125,83.87127578165664,166.006061262638
2024-02-12,2865.39990234375,2950.0,2848.0,2950.0,85573.0,2818.7099853515624,2661.037998046875,76.50245049034476,165.42359222575735
2024-02-13,2905.39990234375,2927.5,2555.5,2848.050048828125,215259.0,2827.214978027344,2669.813994140625,76.1961112001517,166.53362816439267
2024-02-14,2842.449951171875,2896.0,2830.0,2896.0,95189.0,2832.572473144531,2677.9729931640627,73.0971937674675,164.75343672601838
2024-02-15,2773.050048828125,2889.800048828125,2764.75,2853.10009765625,167349.0,2833.1749755859373,2683.8329931640624,72.52362043446865,162.76878714460832
2024-02-16,2795.5,2906.5,2775.0,2782.0,156494.0,2836.072473144531,2691.2649951171875,69.60081753280348,159.10032782701686
2024-02-19,2860.699951171875,2924.800048828125,2827.050048828125,2881.35009765625,109109.0,2845.5224731445314,2700.55099609375,57.96702280189512,155.03680222138948
2024-02-20,2778.199951171875,2904.800048828125,2750.0,2878.0,104384.0,2847.759973144531,2708.6779931640626,54.15148468404476,147.94281628529063
2024-02-21,2811.050048828125,2845.0,2717.75,2807.0,315446.0,2852.872473144532,2717.6669921875,44.26611358622044,139.85733508591235
2024-02-22,2865.35009765625,2890.0,2791.60009765625,2860.0,132917.0,2853.582482910156,2727.419995117188,44.35083160347805,132.47412470072783
2024-02-23,2854.35009765625,2930.0,2820.0,2894.89990234375,179120.0,2852.377490234375,2735.562998046875,43.96534946748189,127.31071143932722
2024-02-26,2874.050048828125,3080.0,2831.550048828125,2849.050048828125,467089.0,2851.714990234375,2743.945,43.50887610254404,122.15036972992426
2024-02-27,2936.449951171875,2953.449951171875,2867.60009765625,2888.949951171875,118140.0,2857.139990234375,2753.1889990234376,47.01290288614588,118.76620110632062
2024-02-28,2899.39990234375,2971.449951171875,2846.050048828125,2949.449951171875,252808.0,2860.544982910156,2759.567998046875,47.506434918713175,117.86098555693492
2024-02-29,2955.64990234375,3050.0,2843.050048828125,2880.050048828125,504707.0,2867.62998046875,2766.647998046875,50.653763160824994,118.8098336605849
2024-03-01,2945.5,3070.0,2930.0,3040.0,186755.0,2869.54248046875,2770.6489990234377,52.90065743987383,121.42112020154804
2024-03-04,3104.25,3115.0,3012.199951171875,3042.64990234375,350606.0,2880.582482910156,2777.857998046875,74.56105957672517,130.17896719508076
2024-03-05,3215.0,3248.85009765625,3080.5,3134.0,583625.0,2899.5599853515623,2787.4039990234373,104.68571984152636,143.94626023237623
2024-03-06,3085.300048828125,3238.0,2905.64990234375,3238.0,473534.0,2909.752490234375,2794.24,112.46439285920378,149.81510480785707
2024-03-07,3112.75,3142.60009765625,3052.300048828125,3098.89990234375,145733.0,2919.1574951171874,2803.832001953125,121.29423280193086,154.5686553266226
2024-03-11,3032.050048828125,3118.949951171875,2984.199951171875,3115.0,282637.0,2925.592492675781,2812.7960009765625,123.79954049452978,154.54711757863012
2024-03-12,2852.35009765625,3031.050048828125,2766.35009765625,3031.050048828125,459065.0,2924.9400024414062,2817.8450048828126,124.16732851355653,151.54449213794865
2024-03-13,2784.050048828125,2839.0,2566.89990234375,2839.0,570802.0,2918.872509765625,2821.3150048828124,128.0758118631282,148.65998576529262
2024-03-14,2721.39990234375,2785.0,2683.949951171875,2700.0,247782.0,2912.8200073242188,2822.362001953125,134.5728575134758,147.7472592203339
2024-03-15,2666.60009765625,2749.89990234375,2565.10009765625,2675.14990234375,1476728.0,2907.497509765625,2822.4280029296874,142.27646338271748,147.6754733370461
2024-03-18,2602.85009765625,2698.0,2583.0,2625.5,258853.0,2897.8650146484374,2823.366005859375,156.1072763550364,146.0887441906974
2024-03-19,2613.050048828125,2661.25,2588.0,2600.0,245464.0,2885.48251953125,2825.2070068359376,168.53735365978596,142.7422590798956
2024-03-20,2589.449951171875,2650.0,2556.5,2620.050048828125,147345.0,2876.04501953125,2825.871005859375,179.77125171566098,141.5377462359787
2024-03-21,2712.199951171875,2725.0,2592.5,2605.0,393059.0,2871.1025146484376,2829.088002929688,182.98240482619187,136.92360994022152
2024-03-22,2798.949951171875,2814.0,2675.300048828125,2695.0,208195.0,2867.782507324219,2832.36,183.69326581156983,134.12561131927137
2024-03-26,2819.60009765625,2850.0,2723.25,2820.0,174442.0,2866.0450073242187,2836.72,183.99110948670216,129.9494802586185
2024-03-27,2787.35009765625,2848.39990234375,2770.050048828125,2844.0,125044.0,2861.710009765625,2839.37,184.81210986101465,127.49278526475446
2024-03-28,2871.949951171875,2900.0,2791.0,2791.0,227809.0,2858.485009765625,2842.102998046875,184.0002271355733,126.67840843349364
2024-04-01,2788.14990234375,2869.949951171875,2768.85009765625,2850.0,127724.0,2852.922509765625,2843.1599951171875,184.37943698986265,125.98766893278246
2024-04-02,2779.800048828125,2838.64990234375,2768.64990234375,2820.0,204316.0,2844.130017089844,2843.53599609375,183.4131914942265,125.76532183137208
2024-04-03,2707.75,2790.0,2690.0,2779.800048828125,102329.0,2832.242517089844,2842.939995117188,184.2002571529549,126.34710429729442
2024-04-04,2686.050048828125,2750.550048828125,2672.0,2710.0,165947.0,2811.33251953125,2843.2269970703123,175.2148406097957,125.96591145140653
2024-04-05,2647.300048828125,2717.0,2634.949951171875,2659.0,154888.0,2782.9475219726564,2841.5039990234377,150.6389238084796,128.0697406206373
2024-04-08,2518.449951171875,2690.0,2509.0,2660.550048828125,269284.0,2754.605017089844,2837.6969970703126,143.93448523553388,134.7499559586096
2024-04-09,2526.699951171875,2609.0,2496.050048828125,2550.0,191408.0,2725.3025146484374,2831.207998046875,125.68250350557116,141.7206801115307
2024-04-10,2546.35009765625,2564.60009765625,2448.0,2551.949951171875,453528.0,2701.017517089844,2824.5660009765625,109.12581771677476,147.1400292667413
2024-04-12,2502.60009765625,2559.0,2490.0,2555.35009765625,173548.0,2683.530017089844,2816.872001953125,111.59421486220788,153.70431616041157
2024-04-15,2457.64990234375,2505.35009765625,2429.199951171875,2479.949951171875,107768.0,2667.210009765625,2809.4660009765626,119.6932051229161,161.86421475385876
2024-04-16,2466.5,2524.550048828125,2430.050048828125,2448.0,90046.0,2654.4650146484373,2802.17,126.96913616911196,168.92750211344165
2024-04-18,2548.800048828125,2627.699951171875,2475.199951171875,2500.0,253554.0,2648.5750122070312,2796.867001953125,129.09116554999855,172.6705027240023
2024-04-19,2631.64990234375,2650.0,2503.10009765625,2539.949951171875,161720.0,2650.015002441406,2791.355,128.71434540215327,173.47194082970336
2024-04-22,2593.25,2683.949951171875,2585.0,2680.0,115450.0,2649.025,2785.5510009765626,129.08922396700186,175.17414013713403
2024-04-23,2628.449951171875,2660.0,2603.449951171875,2640.0,164472.0,2650.975,2781.4110009765627,128.43483363682486,176.41248300766594
2024-04-24,2622.550048828125,2685.0,2614.800048828125,2643.0,101633.0,2646.4925048828127,2776.233002929688,127.74815917690547,177.21399903576904
2024-04-25,2647.25,2675.0,2618.050048828125,2622.550048828125,58254.0,2638.907507324219,2770.6850048828123,122.62027573372166,176.8145169122612
2024-04-26,2728.5,2737.0,2595.0,2675.0,191419.0,2634.352502441406,2767.188002929688,117.12363003806492,175.86366431091628
2024-04-29,2698.949951171875,2758.89990234375,2685.10009765625,2754.0,86327.0,2629.9324951171875,2763.85900390625,112.6276554096948,175.54173500004947
2024-04-30,2664.5,2737.949951171875,2655.0,2698.949951171875,104884.0,2619.5599975585938,2759.041005859375,97.73365410381388,174.88234331023793
2024-05-02,2601.85009765625,2709.449951171875,2590.199951171875,2664.60009765625,127527.0,2610.245007324219,2754.2290087890624,89.33708472702472,175.84791839307275
2024-05-03,2525.449951171875,2639.89990234375,2516.550048828125,2603.14990234375,101847.0,2597.5275024414063,2749.2770068359373,81.7080071714129,178.76912138311943
2024-05-06,2500.449951171875,2576.0,2475.0,2565.0,85053.0,2587.1625,2743.376005859375,80.12298335183733,182.051729985876
2024-05-07,2461.0,2520.0,2455.0,2520.0,57593.0,2575.9099975585937,2735.3820068359373,81.29867275148759,185.53699706273085
2024-05-08,2512.199951171875,2528.0,2451.449951171875,2461.0,44022.0,2569.154992675781,2730.0620068359376,80.6649465390837,188.08034650263528
2024-05-09,2449.75,2559.0,2424.0,2517.0,80995.0,2565.7199951171874,2722.836005859375,84.31782145403976,191.80887723982
2024-05-10,2531.60009765625,2545.0,2424.050048828125,2457.0,63023.0,2565.9650024414063,2716.161005859375,84.20551559688998,192.5539812458433
2024-05-13,2465.64990234375,2530.0,2432.800048828125,2520.050048828125,288606.0,2561.929992675781,2708.387001953125,87.07938212178409,194.6956064850168
2024-05-14,2549.85009765625,2573.0,2455.800048828125,2484.800048828125,161050.0,2564.292492675781,2701.903002929688,86.01952542092322,194.46421279291243
2024-05-15,2619.0,2628.85009765625,2570.0,2585.0,115652.0,2572.359997558594,2695.55400390625,83.00488029513862,191.8143937235035
2024-05-16,2567.35009765625,2654.0,2555.0,2637.949951171875,86848.0,2577.4025024414063,2688.9130078125,79.21211224748576,190.35537496624008
2024-05-17,3080.35009765625,3080.800048828125,2816.39990234375,2950.0,1173930.0,2603.9800048828124,2691.40701171875,137.1183749571093,194.68900851417035
2024-05-21,3396.300048828125,3643.699951171875,3238.60009765625,3420.0,980053.0,2642.212512207031,2700.4230126953125,224.19428401943568,215.97114438618388
2024-05-22,3461.0,3468.0,3305.050048828125,3418.0,361179.0,2685.600012207032,2707.5580126953123,288.86024504598043,234.6681952772028
2024-05-23,3342.5,3464.0,3328.0,3464.0,221743.0,2721.3025146484374,2710.1080126953125,323.4780292764514,240.90466247133676
2024-05-24,3309.800048828125,3394.0,3265.39990234375,3346.199951171875,169029.0,2755.6650146484376,2714.5980126953127,348.0081928233977,249.962088261916
2024-05-27,3345.699951171875,3406.35009765625,3292.35009765625,3299.14990234375,165066.0,2790.587512207031,2719.25701171875,370.85109349443377,259.5227397926157
2024-05-28,3304.89990234375,3446.949951171875,3274.0,3372.10009765625,176230.0,2819.407507324219,2724.7140087890625,387.78254015140993,268.93211879383193
2024-05-29,3304.10009765625,3389.5,3250.0,3294.89990234375,187280.0,2849.6650146484376,2733.7490087890624,401.2636106744471,280.6412281874533
2024-05-30,3301.949951171875,3337.89990234375,3239.39990234375,3270.449951171875,129424.0,2881.537512207032,2744.1070068359377,410.9805782914161,291.86847607840866
2024-05-31,3388.800048828125,3430.0,3205.60009765625,3301.0,264497.0,2920.885009765625,2757.455009765625,420.3583307783768,305.7402594365618
2024-06-03,3517.5,3573.89990234375,3425.449951171875,3556.300048828125,270254.0,2970.487512207031,2774.4730078125,429.6690155088904,323.7317913885475
2024-06-04,2836.800048828125,3529.0,2814.0,3517.5,738367.0,2987.305017089844,2779.1520068359373,416.689601410573,322.890230611229
2024-06-05,2900.5,3170.0,2849.949951171875,2850.0,770474.0,3009.280017089844,2784.901005859375,398.6724273351275,322.4311309375846
2024-06-06,3123.64990234375,3230.0,2976.0,2976.75,524880.0,3039.8525146484376,2795.5850048828124,381.6275884190971,324.6653593968211
2024-06-07,3334.25,3349.949951171875,3150.64990234375,3189.0,346802.0,3084.077514648437,2808.026005859375,360.29845798462327,333.2107309116267
2024-06-10,3379.300048828125,3448.699951171875,3312.050048828125,3424.89990234375,301196.0,3126.462512207031,2819.6330078125,341.2423036137012,342.8564196784796
2024-06-11,3645.5,3775.0,3397.550048828125,3399.300048828125,1034410.0,3185.455017089844,2836.151005859375,322.4580088100628,362.2038487932197
2024-06-12,3636.14990234375,3695.14990234375,3591.050048828125,3653.949951171875,330854.0,3239.7700073242186,2853.127001953125,300.5025688805073,379.3549105434084
2024-06-13,3721.35009765625,3750.0,3625.0,3681.800048828125,232940.0,3294.8875122070312,2870.1150048828126,281.11987316638954,398.7384362812944
2024-06-14,3797.85009765625,3815.85009765625,3730.35009765625,3760.0,319605.0,3356.412512207032,2890.3090087890623,245.9667755680124,419.52862086392486
2024-06-18,3894.449951171875,4030.0,3810.050048828125,3830.0,442154.0,3397.1175048828127,2912.6020068359376,264.5382610282046,442.5216894561525
2024-06-19,3859.699951171875,3937.5,3811.0,3937.5,352937.0,3420.2875,2935.641005859375,284.03800869773005,461.23032525878233
2024-06-20,3790.0,3888.0,3746.050048828125,3888.0,180537.0,3436.7375,2957.7200048828126,295.80327676154377,475.2485229366764
2024-06-21,3902.75,3913.699951171875,3798.699951171875,3823.0,186184.0,3464.75,2982.82900390625,312.4676768916696,491.40354629133634
2024-06-24,3887.39990234375,3988.10009765625,3870.050048828125,3888.050048828125,206151.0,3493.629992675781,3010.208002929688,323.8767882993883,503.0015001069579
2024-06-25,4030.300048828125,4072.0,3831.35009765625,3924.0,244814.0,3527.859997558594,3040.2800048828126,343.0302191144981,518.2211809583569
2024-06-26,4014.75,4098.0,3970.0,4050.0,149502.0,3563.352502441406,3069.648002929688,355.2524088329843,531.1060365314396
2024-06-27,3887.199951171875,4040.949951171875,3856.39990234375,4000.0,183131.0,3592.507495117188,3097.34,356.77991847805663,537.0006081796255
2024-06-28,3853.39990234375,3985.14990234375,3815.0,3915.0,144517.0,3620.079992675781,3125.255,354.44416112284944,539.3415070424392
2024-07-01,3974.050048828125,4024.89990234375,3870.0,3872.0,110432.0,3649.342492675781,3155.4060009765626,358.4807940116212,543.8827631328348
2024-07-02,3962.64990234375,4007.949951171875,3947.35009765625,3999.0,116509.0,3671.599987792969,3183.682998046875,363.64617578723255,548.4357542149407
2024-07-03,3986.5,4108.0,3955.050048828125,3990.0,219028.0,3729.0849853515615,3210.78,311.9305643750108,554.0457741476997
2024-07-04,4008.0,4090.0,3975.0,4008.0,111778.0,3784.4599853515615,3239.075,249.06409635623663,557.9765803904219
2024-07-05,4238.7998046875,4443.9501953125,4001.0,4006.0,902780.0,3840.21748046875,3271.2819970703126,215.96811389595848,568.389733186191
2024-07-08,4334.2001953125,4574.14990234375,4251.60009765625,4340.0,525104.0,3890.214990234375,3305.515,208.2790524112204,579.9476503783154
2024-07-09,4152.10009765625,4434.35009765625,4130.0,4370.0,318030.0,3928.854992675781,3335.612001953125,177.98755813358565,584.1219928287874
2024-07-10,4087.5,4248.0,4063.0,4194.0,289888.0,3950.954992675781,3362.792001953125,168.11991845286798,586.907140405669
2024-07-11,4123.39990234375,4220.64990234375,4100.85009765625,4138.0,159953.0,3975.317492675781,3391.2810009765626,154.8830129786949,588.5956398969989
2024-07-12,4142.89990234375,4210.0,4083.5,4144.0,131620.0,3996.394982910156,3420.848999023437,146.98467891574398,588.4743949498678
2024-07-15,4047.5,4175.0,4025.10009765625,4160.0,158181.0,4008.877478027344,3449.7619970703126,139.65386129313757,582.9015698378203
2024-07-16,4157.10009765625,4297.89990234375,4068.949951171875,4069.0,350212.0,4022.0099853515626,3482.395,140.67279121993795,575.7278720868945
2024-07-18,4076.60009765625,4148.0498046875,4004.0,4148.0498046875,214627.0,4032.854992675781,3513.918002929688,135.77673219225423,563.8939903567926
2024-07-19,3901.85009765625,4076.60009765625,3880.0,4076.60009765625,200834.0,4038.4474975585936,3542.7350048828125,127.28528089659436,545.5044322536783
2024-07-22,3919.10009765625,4037.0,3816.0,3851.0,174024.0,4039.265002441406,3570.8730078125,126.41742398658803,527.2423448607682
2024-07-23,4051.050048828125,4080.0,3726.0,3945.60009765625,247583.0,4047.447509765625,3602.8990087890634,121.2615153140946,505.9565597156237
2024-07-24,4101.14990234375,4157.85009765625,4042.550048828125,4055.0,127859.0,4050.9900024414064,3634.290004882813,121.76804379293182,486.4471957791807
2024-07-25,4175.14990234375,4197.0,4056.0,4060.0,115670.0,4059.0099975585936,3668.480004882813,124.50694544719003,462.09979428886896
2024-07-26,4249.9501953125,4279.0,4125.39990234375,4176.25,144851.0,4077.147509765625,3702.4820068359377,124.5830287345688,440.13547729670086
2024-07-29,4594.14990234375,4729.0,4350.0498046875,4495.0,1298342.0,4114.185009765625,3741.985004882813,159.7186084640862,429.4124299407191
2024-07-30,4524.9501953125,4605.0,4483.0498046875,4600.0,299262.0,4141.730017089843,3781.1370068359374,180.4389860013852,408.8805043663863
2024-07-31,4441.85009765625,4549.14990234375,4405.0,4524.9501953125,241737.0,4165.690026855469,3808.3670068359374,187.1007411751172,406.5872380973597
2024-08-01,4378.2001953125,4509.64990234375,4356.35009765625,4441.0,124025.0,4185.275036621094,3828.005009765625,187.8559237176001,409.9769544009124
2024-08-02,4353.39990234375,4399.0,4225.35009765625,4323.0,152873.0,4202.545031738281,3845.8530078125,186.57319583510412,413.0867779093421
2024-08-05,4252.39990234375,4320.0,4065.0,4200.0,253986.0,4203.225036621094,3864.051005859375,186.73700083089471,410.49376411346447
2024-08-06,4196.7001953125,4364.85009765625,4105.0,4350.0,181234.0,4196.350036621094,3881.7890087890623,184.1747183871734,405.1827733435225
2024-08-07,4278.2998046875,4295.0,4162.89990234375,4235.0,84581.0,4202.660021972656,3900.441005859375,184.73987402659816,401.4492977550888
2024-08-08,4278.64990234375,4348.5,4246.5498046875,4270.0,85444.0,4212.217517089844,3919.916005859375,183.40827580646004,395.5446871446079
2024-08-09,4279.14990234375,4349.0,4260.0,4334.0,45003.0,4220.005017089844,3939.417001953125,182.74396662706204,388.5380682644496
2024-08-12,4298.9501953125,4324.5498046875,4200.75,4245.0,63639.0,4227.807531738281,3959.3570068359377,182.60993043572677,380.6586499311248
2024-08-13,4702.0,4740.0,4298.9501953125,4310.0,895108.0,4260.532531738281,3985.621005859375,205.7733200489855,385.7577454704381
2024-08-14,4868.7998046875,5036.0,4503.85009765625,4690.0,965031.0,4296.117517089844,4012.647001953125,244.7851376752556,399.3870344911227
2024-08-16,5082.2001953125,5210.0,4734.0,4868.7998046875,942607.0,4346.397521972656,4057.5550048828127,295.3723796599615,390.61651172965344
2024-08-19,5236.14990234375,5330.0,5130.60009765625,5130.60009765625,379998.0,4413.112512207032,4104.268002929687,337.3793038081985,389.0775627313259
2024-08-20,5198.25,5380.0,5121.0,5279.0,289724.0,4477.070007324219,4145.760004882813,359.33069972250496,392.9685966743905
2024-08-21,5154.39990234375,5266.10009765625,5130.10009765625,5222.0,129902.0,4532.2375,4182.163002929688,374.8449658603247,400.49302834832
2024-08-22,5024.2998046875,5218.4501953125,4980.14990234375,5171.39990234375,160627.0,4578.394995117187,4215.062998046875,375.8040312322085,400.76008416394274
2024-08-23,5054.85009765625,5169.4501953125,4947.4501953125,5019.60009765625,225740.0,4622.3800048828125,4243.25,377.60003666684094,409.3533630921127
2024-08-26,4999.5,5102.25,4986.0498046875,5088.0,205419.0,4659.857495117188,4270.517001953125,375.8833979546289,413.4747649683629
2024-08-27,4995.5,5125.0,4980.0498046875,5024.89990234375,150121.0,4679.925,4296.0,382.83998007907127,418.1752044988639
2024-08-28,4881.60009765625,5040.0,4860.0,5027.60009765625,216970.0,4697.757495117187,4317.675,383.5470364263009,419.9110316154586
2024-08-29,4749.9501953125,4920.0,4734.10009765625,4886.0,277831.0,4713.1625,4334.785004882812,378.8866968707011,419.7434405491528
2024-08-30,4753.7998046875,4839.4501953125,4700.0,4769.0,248130.0,4731.94248046875,4352.667001953125,370.6285801381206,418.1329380821822
2024-09-02,4662.64990234375,4950.0,4566.0,4791.7998046875,657515.0,4747.40498046875,4370.12,360.31203901278553,412.33994861479925
2024-09-03,4839.25,5050.0,4780.0,4809.0,1987030.0,4776.747485351562,4388.85,341.2713361042073,411.946475197612
2024-09-04,4888.14990234375,5000.2001953125,4767.0,4836.0,515944.0,4811.319970703125,4408.865,313.2937815032082,411.3966556011341
2024-09-05,4768.35009765625,5048.5,4750.0,4949.0,523805.0,4835.822485351562,4423.626000976563,287.5152467509941,410.7766899036
2024-09-06,4700.7001953125,4836.0,4632.0,4810.0,247133.0,4856.925,4437.345004882813,258.49216100212925,408.28953639676274
2024-09-09,4624.10009765625,4700.64990234375,4602.0,4688.0498046875,163770.0,4874.172509765625,4452.0830078125,227.57064704219235,401.2652026253327
2024-09-10,4637.2001953125,4760.0,4625.0,4651.7998046875,197814.0,4891.085009765625,4467.759013671875,192.4268968720461,392.6164050293031
2024-09-11,4663.0,4738.0,4635.0,4679.0498046875,283287.0,4889.135009765625,4481.538012695312,194.62888882205047,386.9849940000428
2024-09-12,5165.85009765625,5325.0,4732.5498046875,4765.5,3925607.0,4903.987524414062,4505.602016601562,204.0992352020428,391.44411433788537
2024-09-13,5333.25,5508.7998046875,5141.10009765625,5260.0,1777052.0,4916.540014648437,4532.537016601563,222.52482712424705,401.208780891875
2024-09-16,5309.25,5449.0,5188.0,5401.0,611407.0,4920.19501953125,4558.562016601562,228.5690205691868,408.6247406006608
2024-09-17,5559.25,5613.9501953125,5261.14990234375,5314.7998046875,945491.0,4938.24501953125,4584.971020507813,263.2981891729784,429.665069999373
2024-09-18,5476.89990234375,5742.0,5450.0,5613.0,738791.0,4954.37001953125,4607.825014648438,286.11909821718405,446.1290976693399
2024-09-19,5428.35009765625,5625.9501953125,5350.0498046875,5550.0,524106.0,4974.572534179688,4633.3500146484375,304.96097563740545,455.9253283876322
2024-09-20,5479.35009765625,5565.0,5400.0,5498.85009765625,332407.0,4995.797534179687,4661.187016601562,324.958995426568,464.3306860917151
2024-09-23,5586.10009765625,5636.39990234375,5440.0498046875,5505.0,350149.0,5025.1275390625,4690.441020507813,350.75910536476863,475.695102708265
2024-09-24,5632.7998046875,5810.0,5563.75,5608.39990234375,490224.0,5056.992529296875,4720.239018554687,375.9680340006341,487.2213693319409
2024-09-25,5564.35009765625,5689.10009765625,5509.7001953125,5638.75,192041.0,5091.130029296875,4750.576020507812,389.941230942187,491.6813618169792
2024-09-26,5483.2001953125,5599.0,5405.0,5590.0498046875,234490.0,5127.792529296875,4777.0980224609375,390.64465384812826,494.7712561041164
2024-09-27,5552.85009765625,5619.7001953125,5475.0498046875,5496.0,181844.0,5167.745043945312,4806.623022460937,391.24235158803054,496.16156963065816
2024-09-30,5425.75,5624.85009765625,5386.7001953125,5580.0,246607.0,5205.900048828125,4837.101020507813,376.3166599927324,486.1531128247249
2024-10-01,5466.39990234375,5621.5,5338.0,5455.7998046875,353149.0,5237.257543945312,4868.047016601562,370.2369375462667,475.65864670253
2024-10-03,5225.2001953125,5445.0,5193.10009765625,5302.2001953125,320388.0,5254.11005859375,4891.53001953125,361.0672409881464,463.3244562750017
2024-10-04,5048.5,5256.35009765625,5020.0,5219.2001953125,434677.0,5268.1175537109375,4910.477021484375,346.3653422507276,449.5076090322408
2024-10-07,4870.7998046875,5099.89990234375,4778.39990234375,5075.7998046875,427602.0,5276.622534179687,4924.39001953125,333.55046151484225,436.8716986263439
2024-10-08,5253.10009765625,5286.5,4801.0,4878.9501953125,761492.0,5308.072534179688,4944.453017578125,296.36819401158016,428.2151427707367
2024-10-09,5391.60009765625,5466.64990234375,5233.7001953125,5255.0,435921.0,5345.792529296875,4960.402021484375,251.02937762471703,429.7496166803708
2024-10-10,5538.2001953125,5742.0,5362.0,5412.25,766364.0,5389.5525390625,4980.667021484375,195.98812033904315,432.6767857240917
2024-10-11,5590.2998046875,5644.64990234375,5455.4501953125,5564.0,331685.0,5410.775024414063,5003.636015625,193.45396945247165,433.9707636790994
2024-10-14,5682.2998046875,5755.5498046875,5580.0,5593.9501953125,391807.0,5428.227514648437,5029.7180078125,201.66257855844145,434.8023623303376
2024-10-15,5714.25,5909.9501953125,5657.7998046875,5714.39990234375,661200.0,5448.477514648437,5056.935009765625,209.27696070552696,434.1950382050319
2024-10-16,5731.25,5814.9501953125,5660.0,5709.5,218713.0,5457.0775146484375,5086.51201171875,217.4433518875356,428.6053616005762
2024-10-17,5582.60009765625,5768.7998046875,5571.0,5748.0,188647.0,5462.362524414062,5114.230009765625,219.2277090088605,414.4666893695766
2024-10-18,5610.5,5638.0,5402.0,5545.5498046875,283762.0,5471.47001953125,5140.874013671875,221.51201900396225,402.2730984600886
2024-10-21,5652.10009765625,5735.85009765625,5588.2998046875,5637.0,205547.0,5480.10751953125,5168.343017578125,225.17325704399357,388.8642022949961
2024-10-22,5394.64990234375,5704.5498046875,5365.64990234375,5653.0,238544.0,5470.535009765625,5190.653017578125,224.49860354995667,368.2616812620535
2024-10-23,5469.35009765625,5534.39990234375,5245.9501953125,5372.35009765625,262702.0,5462.362524414062,5214.061015625,221.2320271535572,347.0093231997894
2024-10-24,5512.2998046875,5695.89990234375,5472.0,5499.39990234375,246682.0,5459.760009765625,5230.26701171875,220.2732026306787,341.48434168244177
2024-10-25,5301.60009765625,5615.0,5155.64990234375,5562.0498046875,345285.0,5450.680004882813,5238.923017578125,222.9823662927635,337.5980513841008
2024-10-28,5343.7998046875,5433.89990234375,5260.0498046875,5348.0,197896.0,5440.227490234375,5244.155009765625,222.84064709537543,337.14643402950423
2024-10-29,5242.60009765625,5401.75,5160.0,5355.0,217256.0,5431.069995117187,5244.284013671875,227.18771744472576,337.1445425160105
2024-10-30,5269.7998046875,5560.0,5233.9501953125,5560.0,775897.0,5421.239990234375,5245.715009765625,229.816656014702,337.09700725015574
2024-10-31,5440.0498046875,5619.0,5222.0,5280.0,769620.0,5431.982470703125,5251.4280078125,225.14467891699925,337.9373468345521
2024-11-01,5512.35009765625,5550.0,5471.7998046875,5480.0,81095.0,5455.174975585937,5261.189013671875,206.69768248119556,338.29132848374445
2024-11-04,5414.0498046875,5549.0,5391.0498046875,5540.0,182289.0,5482.337475585938,5268.3730078125,155.12229778174589,337.63342964910765
2024-11-05,5312.64990234375,5417.0,5230.10009765625,5409.0,242242.0,5485.314965820313,5274.636005859375,151.00756450615168,335.44143318754385
2024-11-06,5872.9501953125,5936.9501953125,5376.35009765625,5439.39990234375,1679703.0,5509.382470703125,5292.185009765625,172.1621183692358,343.3981262496125
2024-11-07,5781.60009765625,6037.9501953125,5735.60009765625,5899.89990234375,983997.0,5521.552465820312,5310.185009765625,182.59329332462957,345.02110378158835
2024-11-08,5544.2998046875,5823.89990234375,5515.10009765625,5813.0,358576.0,5519.252465820313,5326.072001953125,181.9704067033355,336.8905049672184
2024-11-11,5633.0,5746.64990234375,5464.85009765625,5544.7998046875,405984.0,5516.7874755859375,5343.656005859375,179.9684025896807,329.2699058203876
2024-11-12,5728.85009765625,5848.14990234375,5647.14990234375,5655.0,465960.0,5517.51748046875,5364.980009765625,180.8390301478856,318.6189711888098
2024-11-13,5437.89990234375,5720.0,5412.89990234375,5720.0,352496.0,5502.8499755859375,5376.9530078125,174.37210612928692,309.579768650372
2024-11-14,5538.14990234375,5583.14990234375,5351.35009765625,5450.0,398853.0,5500.627465820313,5389.9530078125,173.58362286154076,302.19428767321915
2024-11-18,5622.64990234375,5674.0,5494.60009765625,5551.0,330582.0,5501.2349609375,5407.03900390625,174.00912387311857,290.2465205296153
2024-11-19,5775.85009765625,5980.0,5612.7001953125,5665.9501953125,633187.0,5507.4224609375,5428.542001953125,181.6868053233662,276.34263172754225
2024-11-21,5810.14990234375,5949.9501953125,5675.5498046875,5762.0,457575.0,5528.1974609375,5452.262998046875,191.59799617842825,256.03972845678
2024-11-22,5854.85009765625,5925.0,5800.0498046875,5850.0,308507.0,5547.4724609375,5476.61599609375,204.3338948442681,233.88277019629555
2024-11-25,5895.85009765625,5995.0,5855.0,5985.5,237030.0,5566.649975585938,5501.272998046875,218.37543621726948,210.1381574247424
2024-11-26,5985.64990234375,6145.0,5896.0498046875,5896.0498046875,624296.0,5600.852465820312,5517.668994140625,228.033017667735,215.3504615879905
2024-11-27,5897.39990234375,6027.0,5833.7998046875,6011.7998046875,233240.0,5628.532470703125,5528.9519921875,228.7865868231233,220.2148829518107
2024-11-28,5838.25,5975.75,5828.0,5909.0,179612.0,5658.314965820313,5539.5319921875,214.20851242533104,222.1432986337424
2024-11-29,5987.4501953125,6029.89990234375,5860.0,5860.0,371946.0,5694.197485351562,5548.09599609375,205.638327604378,230.99648464413423
2024-12-02,6319.0498046875,6356.9501953125,5995.35009765625,6015.5498046875,863163.0,5738.147485351563,5564.938994140625,239.59094979076127,255.1400568570944
2024-12-03,6225.5,6485.0,6152.0,6349.64990234375,652777.0,5773.80498046875,5580.8819921875,256.6762773052765,270.85282314676306
2024-12-04,6208.5,6417.25,6131.10009765625,6310.0,548042.0,5813.527490234375,5595.464990234375,259.5289186966163,284.5570774150833
2024-12-05,6249.5,6284.2998046875,6182.0,6229.0,216036.0,5860.369995117188,5608.73298828125,248.68699404156092,299.2008365569034
2024-12-06,6232.7001953125,6342.5,6171.7998046875,6264.0,236565.0,5878.357495117188,5620.73099609375,262.28346583105343,311.94237247254466
2024-12-09,6294.60009765625,6322.75,6191.0,6250.0,247257.0,5904.007495117187,5635.33599609375,276.99488620813565,326.02584104820284
2024-12-10,6355.10009765625,6440.0,6231.0,6304.7998046875,308390.0,5944.547509765625,5652.773994140625,280.88415204033805,340.70935826783693
2024-12-11,6506.9501953125,6524.2001953125,6340.25,6355.10009765625,463465.0,5988.24501953125,5671.85599609375,297.3627691589578,361.1061953414703
2024-12-12,6597.14990234375,6795.5498046875,6476.89990234375,6519.7998046875,795583.0,6031.660009765625,5695.283994140625,320.0205516782942,382.1967553016262
2024-12-13,6752.0498046875,6780.0,6455.60009765625,6584.75,526445.0,6097.367504882813,5720.9969921875,326.5377232663553,408.8049224369819
2024-12-16,7119.75,7245.64990234375,6776.5498046875,6783.85009765625,1361538.0,6176.447509765625,5758.88798828125,372.2887606974116,447.8488470330046
2024-12-17,7242.7998046875,7348.2998046875,7169.10009765625,7206.89990234375,865150.0,6257.455004882812,5802.773984375,418.8047307257045,482.95233744571146
2024-12-18,7101.35009765625,7383.10009765625,7080.60009765625,7280.2001953125,451611.0,6323.730004882813,5847.384990234375,442.773482275954,497.8960224654874
2024-12-19,7242.75,7780.0,6950.0,6975.2001953125,3113161.0,6395.360009765625,5887.17798828125,470.3377763424027,528.0270720567112
2024-12-20,7303.64990234375,7485.0,7270.0,7376.39990234375,986053.0,6467.8,5925.418984375,493.69836163856894,559.6918503662565
2024-12-23,7338.9501953125,7525.0,7021.89990234375,7358.7998046875,665435.0,6539.955004882812,5961.433984375,510.86471846204097,591.3107453956083
2024-12-24,7238.25,7416.85009765625,7216.64990234375,7349.85009765625,234392.0,6602.585009765625,5994.39298828125,516.0877044033017,615.62934854811
2024-12-26,7062.9501953125,7331.75,7030.0,7299.0,299128.0,6660.862524414062,6022.00599609375,497.7480100227805,632.088596288249
2024-12-27,7068.4501953125,7315.64990234375,7031.39990234375,7072.0498046875,487256.0,6722.372534179687,6049.09,465.72384330706,647.4584255803142
2024-12-30,7199.0498046875,7257.4501953125,6860.2998046875,7088.0,473345.0,6782.9525146484375,6078.44599609375,443.3595999002287,665.7696910015106
2024-12-31,7417.2998046875,7440.0,7079.4501953125,7173.0,584671.0,6837.865014648438,6115.139990234375,450.8278974109683,688.0697445789949
2025-01-01,7597.5498046875,7822.0,7402.89990234375,7439.0,1062831.0,6906.467504882812,6154.880986328125,457.0888491495317,715.1775674551493
2025-01-02,7483.60009765625,7690.64990234375,7440.0,7659.0,362449.0,6970.222509765625,6191.510986328125,443.3309019075393,735.5143515623785
2025-01-03,7544.7001953125,7633.35009765625,7483.35009765625,7498.0,291514.0,7034.98251953125,6234.5119921875,426.8002109300282,750.6699841387156
2025-01-06,7166.0,7590.0,7135.0,7547.25,577518.0,7081.647509765625,6268.444990234375,383.2661715688242,753.7171909844299
2025-01-07,7247.5498046875,7455.9501953125,7160.0,7170.0,546544.0,7129.294995117188,6303.149990234375,336.67417424419114,758.1268463153259
2025-01-08,6970.64990234375,7337.9501953125,6901.64990234375,7299.0498046875,552760.0,7160.072485351562,6336.530986328125,286.5847849710481,749.8271751956058
2025-01-09,6731.89990234375,7000.0,6705.7998046875,6967.25,423086.0,7171.319970703125,6364.29298828125,263.05081129339686,737.92405703442
