Date_Ticker,Close_KPIL.NS,High_KPIL.NS,Low_KPIL.NS,Open_KPIL.NS,Volume_KPIL.NS,MA_20_Unnamed: 6_level_1,MA_50_Unnamed: 7_level_1,Volatility_20_Unnamed: 8_level_1,Volatility_50_Unnamed: 9_level_1
Date,,,,,,,,,
2020-01-10,,,,,,,,,
2020-01-13,,,,,,,,,
2020-01-14,,,,,,,,,
2020-01-15,,,,,,,,,
2020-01-16,,,,,,,,,
2020-01-17,,,,,,,,,
2020-01-20,,,,,,,,,
2020-01-21,,,,,,,,,
2020-01-22,,,,,,,,,
2020-01-23,,,,,,,,,
2020-01-24,,,,,,,,,
2020-01-27,,,,,,,,,
2020-01-28,,,,,,,,,
2020-01-29,,,,,,,,,
2020-01-30,,,,,,,,,
2020-01-31,,,,,,,,,
2020-02-03,,,,,,,,,
2020-02-04,,,,,,,,,
2020-02-05,,,,,,,,,
2020-02-06,,,,,,,,,
2020-02-07,,,,,,,,,
2020-02-10,,,,,,,,,
2020-02-11,,,,,,,,,
2020-02-12,,,,,,,,,
2020-02-13,,,,,,,,,
2020-02-14,,,,,,,,,
2020-02-17,,,,,,,,,
2020-02-18,,,,,,,,,
2020-02-19,,,,,,,,,
2020-02-20,,,,,,,,,
2020-02-24,,,,,,,,,
2020-02-25,,,,,,,,,
2020-02-26,,,,,,,,,
2020-02-27,,,,,,,,,
2020-02-28,,,,,,,,,
2020-03-02,,,,,,,,,
2020-03-03,,,,,,,,,
2020-03-04,,,,,,,,,
2020-03-05,,,,,,,,,
2020-03-06,,,,,,,,,
2020-03-09,,,,,,,,,
2020-03-11,,,,,,,,,
2020-03-12,,,,,,,,,
2020-03-13,,,,,,,,,
2020-03-16,,,,,,,,,
2020-03-17,,,,,,,,,
2020-03-18,,,,,,,,,
2020-03-19,,,,,,,,,
2020-03-20,,,,,,,,,
2020-03-23,,,,,,,,,
2020-03-24,,,,,,,,,
2020-03-25,,,,,,,,,
2020-03-26,,,,,,,,,
2020-03-27,,,,,,,,,
2020-03-30,,,,,,,,,
2020-03-31,,,,,,,,,
2020-04-01,,,,,,,,,
2020-04-03,,,,,,,,,
2020-04-07,,,,,,,,,
2020-04-08,,,,,,,,,
2020-04-09,,,,,,,,,
2020-04-13,,,,,,,,,
2020-04-15,,,,,,,,,
2020-04-16,,,,,,,,,
2020-04-17,,,,,,,,,
2020-04-20,,,,,,,,,
2020-04-21,,,,,,,,,
2020-04-22,,,,,,,,,
2020-04-23,,,,,,,,,
2020-04-24,,,,,,,,,
2020-04-27,,,,,,,,,
2020-04-28,,,,,,,,,
2020-04-29,,,,,,,,,
2020-04-30,,,,,,,,,
2020-05-04,,,,,,,,,
2020-05-05,,,,,,,,,
2020-05-06,,,,,,,,,
2020-05-07,,,,,,,,,
2020-05-08,,,,,,,,,
2020-05-11,,,,,,,,,
2020-05-12,,,,,,,,,
2020-05-13,,,,,,,,,
2020-05-14,,,,,,,,,
2020-05-15,,,,,,,,,
2020-05-18,,,,,,,,,
2020-05-19,,,,,,,,,
2020-05-20,,,,,,,,,
2020-05-21,,,,,,,,,
2020-05-22,,,,,,,,,
2020-05-26,,,,,,,,,
2020-05-27,,,,,,,,,
2020-05-28,,,,,,,,,
2020-05-29,,,,,,,,,
2020-06-01,,,,,,,,,
2020-06-02,,,,,,,,,
2020-06-03,,,,,,,,,
2020-06-04,,,,,,,,,
2020-06-05,,,,,,,,,
2020-06-08,,,,,,,,,
2020-06-09,,,,,,,,,
2020-06-10,,,,,,,,,
2020-06-11,,,,,,,,,
2020-06-12,,,,,,,,,
2020-06-15,,,,,,,,,
2020-06-16,,,,,,,,,
2020-06-17,,,,,,,,,
2020-06-18,,,,,,,,,
2020-06-19,,,,,,,,,
2020-06-22,,,,,,,,,
2020-06-23,,,,,,,,,
2020-06-24,,,,,,,,,
2020-06-25,,,,,,,,,
2020-06-26,,,,,,,,,
2020-06-29,,,,,,,,,
2020-06-30,,,,,,,,,
2020-07-01,,,,,,,,,
2020-07-02,,,,,,,,,
2020-07-03,,,,,,,,,
2020-07-06,,,,,,,,,
2020-07-07,,,,,,,,,
2020-07-08,,,,,,,,,
2020-07-09,,,,,,,,,
2020-07-10,,,,,,,,,
2020-07-13,,,,,,,,,
2020-07-14,,,,,,,,,
2020-07-15,,,,,,,,,
2020-07-16,,,,,,,,,
2020-07-17,,,,,,,,,
2020-07-20,,,,,,,,,
2020-07-21,,,,,,,,,
2020-07-22,,,,,,,,,
2020-07-23,,,,,,,,,
2020-07-24,,,,,,,,,
2020-07-27,,,,,,,,,
2020-07-28,,,,,,,,,
2020-07-29,,,,,,,,,
2020-07-30,,,,,,,,,
2020-07-31,,,,,,,,,
2020-08-03,,,,,,,,,
2020-08-04,,,,,,,,,
2020-08-05,,,,,,,,,
2020-08-06,,,,,,,,,
2020-08-07,,,,,,,,,
2020-08-10,,,,,,,,,
2020-08-11,,,,,,,,,
2020-08-12,,,,,,,,,
2020-08-13,,,,,,,,,
2020-08-14,,,,,,,,,
2020-08-17,,,,,,,,,
2020-08-18,,,,,,,,,
2020-08-19,,,,,,,,,
2020-08-20,,,,,,,,,
2020-08-21,,,,,,,,,
2020-08-24,,,,,,,,,
2020-08-25,,,,,,,,,
2020-08-26,,,,,,,,,
2020-08-27,,,,,,,,,
2020-08-28,,,,,,,,,
2020-08-31,,,,,,,,,
2020-09-01,,,,,,,,,
2020-09-02,,,,,,,,,
2020-09-03,,,,,,,,,
2020-09-04,,,,,,,,,
2020-09-07,,,,,,,,,
2020-09-08,,,,,,,,,
2020-09-09,,,,,,,,,
2020-09-10,,,,,,,,,
2020-09-11,,,,,,,,,
2020-09-14,,,,,,,,,
2020-09-15,,,,,,,,,
2020-09-16,,,,,,,,,
2020-09-17,,,,,,,,,
2020-09-18,,,,,,,,,
2020-09-21,,,,,,,,,
2020-09-22,,,,,,,,,
2020-09-23,,,,,,,,,
2020-09-24,,,,,,,,,
2020-09-25,,,,,,,,,
2020-09-28,,,,,,,,,
2020-09-29,,,,,,,,,
2020-09-30,,,,,,,,,
2020-10-01,,,,,,,,,
2020-10-05,,,,,,,,,
2020-10-06,,,,,,,,,
2020-10-07,,,,,,,,,
2020-10-08,,,,,,,,,
2020-10-09,,,,,,,,,
2020-10-12,,,,,,,,,
2020-10-13,,,,,,,,,
2020-10-14,,,,,,,,,
2020-10-15,,,,,,,,,
2020-10-16,,,,,,,,,
2020-10-19,,,,,,,,,
2020-10-20,,,,,,,,,
2020-10-21,,,,,,,,,
2020-10-22,,,,,,,,,
2020-10-23,,,,,,,,,
2020-10-26,,,,,,,,,
2020-10-27,,,,,,,,,
2020-10-28,,,,,,,,,
2020-10-29,,,,,,,,,
2020-10-30,,,,,,,,,
2020-11-02,,,,,,,,,
2020-11-03,,,,,,,,,
2020-11-04,,,,,,,,,
2020-11-05,,,,,,,,,
2020-11-06,,,,,,,,,
2020-11-09,,,,,,,,,
2020-11-10,,,,,,,,,
2020-11-11,,,,,,,,,
2020-11-12,,,,,,,,,
2020-11-13,,,,,,,,,
2020-11-14,,,,,,,,,
2020-11-17,,,,,,,,,
2020-11-18,,,,,,,,,
2020-11-19,,,,,,,,,
2020-11-20,,,,,,,,,
2020-11-23,,,,,,,,,
2020-11-24,,,,,,,,,
2020-11-25,,,,,,,,,
2020-11-26,,,,,,,,,
2020-11-27,,,,,,,,,
2020-12-01,,,,,,,,,
2020-12-02,,,,,,,,,
2020-12-03,,,,,,,,,
2020-12-04,,,,,,,,,
2020-12-07,,,,,,,,,
2020-12-08,,,,,,,,,
2020-12-09,,,,,,,,,
2020-12-10,,,,,,,,,
2020-12-11,,,,,,,,,
2020-12-14,,,,,,,,,
2020-12-15,,,,,,,,,
2020-12-16,,,,,,,,,
2020-12-17,,,,,,,,,
2020-12-18,,,,,,,,,
2020-12-21,,,,,,,,,
2020-12-22,,,,,,,,,
2020-12-23,,,,,,,,,
2020-12-24,,,,,,,,,
2020-12-28,,,,,,,,,
2020-12-29,,,,,,,,,
2020-12-30,,,,,,,,,
2020-12-31,,,,,,,,,
2021-01-01,,,,,,,,,
2021-01-04,,,,,,,,,
2021-01-05,,,,,,,,,
2021-01-06,,,,,,,,,
2021-01-07,,,,,,,,,
2021-01-08,,,,,,,,,
2021-01-11,,,,,,,,,
2021-01-12,,,,,,,,,
2021-01-13,,,,,,,,,
2021-01-14,,,,,,,,,
2021-01-15,,,,,,,,,
2021-01-18,,,,,,,,,
2021-01-19,,,,,,,,,
2021-01-20,,,,,,,,,
2021-01-21,,,,,,,,,
2021-01-22,,,,,,,,,
2021-01-25,,,,,,,,,
2021-01-27,,,,,,,,,
2021-01-28,,,,,,,,,
2021-01-29,,,,,,,,,
2021-02-01,,,,,,,,,
2021-02-02,,,,,,,,,
2021-02-03,,,,,,,,,
2021-02-04,,,,,,,,,
2021-02-05,,,,,,,,,
2021-02-08,,,,,,,,,
2021-02-09,,,,,,,,,
2021-02-10,,,,,,,,,
2021-02-11,,,,,,,,,
2021-02-12,,,,,,,,,
2021-02-15,,,,,,,,,
2021-02-16,,,,,,,,,
2021-02-17,,,,,,,,,
2021-02-18,,,,,,,,,
2021-02-19,,,,,,,,,
2021-02-22,,,,,,,,,
2021-02-23,,,,,,,,,
2021-02-24,,,,,,,,,
2021-02-25,,,,,,,,,
2021-02-26,,,,,,,,,
2021-03-01,,,,,,,,,
2021-03-02,,,,,,,,,
2021-03-03,,,,,,,,,
2021-03-04,,,,,,,,,
2021-03-05,,,,,,,,,
2021-03-08,,,,,,,,,
2021-03-09,,,,,,,,,
2021-03-10,,,,,,,,,
2021-03-12,,,,,,,,,
2021-03-15,,,,,,,,,
2021-03-16,,,,,,,,,
2021-03-17,,,,,,,,,
2021-03-18,,,,,,,,,
2021-03-19,,,,,,,,,
2021-03-22,,,,,,,,,
2021-03-23,,,,,,,,,
2021-03-24,,,,,,,,,
2021-03-25,,,,,,,,,
2021-03-26,,,,,,,,,
2021-03-30,,,,,,,,,
2021-03-31,,,,,,,,,
2021-04-01,,,,,,,,,
2021-04-05,,,,,,,,,
2021-04-06,,,,,,,,,
2021-04-07,,,,,,,,,
2021-04-08,,,,,,,,,
2021-04-09,,,,,,,,,
2021-04-12,,,,,,,,,
2021-04-13,,,,,,,,,
2021-04-15,,,,,,,,,
2021-04-16,,,,,,,,,
2021-04-19,,,,,,,,,
2021-04-20,,,,,,,,,
2021-04-22,,,,,,,,,
2021-04-23,,,,,,,,,
2021-04-26,,,,,,,,,
2021-04-27,,,,,,,,,
2021-04-28,,,,,,,,,
2021-04-29,,,,,,,,,
2021-04-30,,,,,,,,,
2021-05-03,,,,,,,,,
2021-05-04,,,,,,,,,
2021-05-05,,,,,,,,,
2021-05-06,,,,,,,,,
2021-05-07,,,,,,,,,
2021-05-10,,,,,,,,,
2021-05-11,,,,,,,,,
2021-05-12,,,,,,,,,
2021-05-14,,,,,,,,,
2021-05-17,,,,,,,,,
2021-05-18,,,,,,,,,
2021-05-19,,,,,,,,,
2021-05-20,,,,,,,,,
2021-05-21,,,,,,,,,
2021-05-24,,,,,,,,,
2021-05-25,,,,,,,,,
2021-05-26,,,,,,,,,
2021-05-27,,,,,,,,,
2021-05-28,,,,,,,,,
2021-05-31,,,,,,,,,
2021-06-01,,,,,,,,,
2021-06-02,,,,,,,,,
2021-06-03,,,,,,,,,
2021-06-04,,,,,,,,,
2021-06-07,,,,,,,,,
2021-06-08,,,,,,,,,
2021-06-09,,,,,,,,,
2021-06-10,,,,,,,,,
2021-06-11,,,,,,,,,
2021-06-14,,,,,,,,,
2021-06-15,,,,,,,,,
2021-06-16,,,,,,,,,
2021-06-17,,,,,,,,,
2021-06-18,,,,,,,,,
2021-06-21,,,,,,,,,
2021-06-22,,,,,,,,,
2021-06-23,,,,,,,,,
2021-06-24,,,,,,,,,
2021-06-25,,,,,,,,,
2021-06-28,,,,,,,,,
2021-06-29,,,,,,,,,
2021-06-30,,,,,,,,,
2021-07-01,,,,,,,,,
2021-07-02,,,,,,,,,
2021-07-05,,,,,,,,,
2021-07-06,,,,,,,,,
2021-07-07,,,,,,,,,
2021-07-08,,,,,,,,,
2021-07-09,,,,,,,,,
2021-07-12,,,,,,,,,
2021-07-13,,,,,,,,,
2021-07-14,,,,,,,,,
2021-07-15,,,,,,,,,
2021-07-16,,,,,,,,,
2021-07-19,,,,,,,,,
2021-07-20,,,,,,,,,
2021-07-22,,,,,,,,,
2021-07-23,,,,,,,,,
2021-07-26,,,,,,,,,
2021-07-27,,,,,,,,,
2021-07-28,,,,,,,,,
2021-07-29,,,,,,,,,
2021-07-30,,,,,,,,,
2021-08-02,,,,,,,,,
2021-08-03,,,,,,,,,
2021-08-04,,,,,,,,,
2021-08-05,,,,,,,,,
2021-08-06,,,,,,,,,
2021-08-09,,,,,,,,,
2021-08-10,,,,,,,,,
2021-08-11,,,,,,,,,
2021-08-12,,,,,,,,,
2021-08-13,,,,,,,,,
2021-08-16,,,,,,,,,
2021-08-17,,,,,,,,,
2021-08-18,,,,,,,,,
2021-08-20,,,,,,,,,
2021-08-23,,,,,,,,,
2021-08-24,,,,,,,,,
2021-08-25,,,,,,,,,
2021-08-26,,,,,,,,,
2021-08-27,,,,,,,,,
2021-08-30,,,,,,,,,
2021-08-31,,,,,,,,,
2021-09-01,,,,,,,,,
2021-09-02,,,,,,,,,
2021-09-03,,,,,,,,,
2021-09-06,,,,,,,,,
2021-09-07,,,,,,,,,
2021-09-08,,,,,,,,,
2021-09-09,,,,,,,,,
2021-09-13,,,,,,,,,
2021-09-14,,,,,,,,,
2021-09-15,,,,,,,,,
2021-09-16,,,,,,,,,
2021-09-17,,,,,,,,,
2021-09-20,,,,,,,,,
2021-09-21,,,,,,,,,
2021-09-22,,,,,,,,,
2021-09-23,,,,,,,,,
2021-09-24,,,,,,,,,
2021-09-27,,,,,,,,,
2021-09-28,,,,,,,,,
2021-09-29,,,,,,,,,
2021-09-30,,,,,,,,,
2021-10-01,,,,,,,,,
2021-10-04,,,,,,,,,
2021-10-05,,,,,,,,,
2021-10-06,,,,,,,,,
2021-10-07,,,,,,,,,
2021-10-08,,,,,,,,,
2021-10-11,,,,,,,,,
2021-10-12,,,,,,,,,
2021-10-13,,,,,,,,,
2021-10-14,,,,,,,,,
2021-10-18,,,,,,,,,
2021-10-19,,,,,,,,,
2021-10-20,,,,,,,,,
2021-10-21,,,,,,,,,
2021-10-22,,,,,,,,,
2021-10-25,,,,,,,,,
2021-10-26,,,,,,,,,
2021-10-27,,,,,,,,,
2021-10-28,,,,,,,,,
2021-10-29,,,,,,,,,
2021-11-01,,,,,,,,,
2021-11-02,,,,,,,,,
2021-11-03,,,,,,,,,
2021-11-04,,,,,,,,,
2021-11-08,,,,,,,,,
2021-11-09,,,,,,,,,
2021-11-10,,,,,,,,,
2021-11-11,,,,,,,,,
2021-11-12,,,,,,,,,
2021-11-15,,,,,,,,,
2021-11-16,,,,,,,,,
2021-11-17,,,,,,,,,
2021-11-18,,,,,,,,,
2021-11-22,,,,,,,,,
2021-11-23,,,,,,,,,
2021-11-24,,,,,,,,,
2021-11-25,,,,,,,,,
2021-11-26,,,,,,,,,
2021-11-29,,,,,,,,,
2021-11-30,,,,,,,,,
2021-12-01,,,,,,,,,
2021-12-02,,,,,,,,,
2021-12-03,,,,,,,,,
2021-12-06,,,,,,,,,
2021-12-07,,,,,,,,,
2021-12-08,,,,,,,,,
2021-12-09,,,,,,,,,
2021-12-10,,,,,,,,,
2021-12-13,,,,,,,,,
2021-12-14,,,,,,,,,
2021-12-15,,,,,,,,,
2021-12-16,,,,,,,,,
2021-12-17,,,,,,,,,
2021-12-20,,,,,,,,,
2021-12-21,,,,,,,,,
2021-12-22,,,,,,,,,
2021-12-23,,,,,,,,,
2021-12-24,,,,,,,,,
2021-12-27,,,,,,,,,
2021-12-28,,,,,,,,,
2021-12-29,,,,,,,,,
2021-12-30,,,,,,,,,
2021-12-31,,,,,,,,,
2022-01-03,,,,,,,,,
2022-01-04,,,,,,,,,
2022-01-05,,,,,,,,,
2022-01-06,,,,,,,,,
2022-01-07,,,,,,,,,
2022-01-10,,,,,,,,,
2022-01-11,,,,,,,,,
2022-01-12,,,,,,,,,
2022-01-13,,,,,,,,,
2022-01-14,,,,,,,,,
2022-01-17,,,,,,,,,
2022-01-18,,,,,,,,,
2022-01-19,,,,,,,,,
2022-01-20,,,,,,,,,
2022-01-21,,,,,,,,,
2022-01-24,,,,,,,,,
2022-01-25,,,,,,,,,
2022-01-27,,,,,,,,,
2022-01-28,,,,,,,,,
2022-01-31,,,,,,,,,
2022-02-01,,,,,,,,,
2022-02-02,,,,,,,,,
2022-02-03,,,,,,,,,
2022-02-04,,,,,,,,,
2022-02-07,,,,,,,,,
2022-02-08,,,,,,,,,
2022-02-09,,,,,,,,,
2022-02-10,,,,,,,,,
2022-02-11,,,,,,,,,
2022-02-14,,,,,,,,,
2022-02-15,,,,,,,,,
2022-02-16,,,,,,,,,
2022-02-17,,,,,,,,,
2022-02-18,,,,,,,,,
2022-02-21,,,,,,,,,
2022-02-22,,,,,,,,,
2022-02-23,,,,,,,,,
2022-02-24,,,,,,,,,
2022-02-25,,,,,,,,,
2022-02-28,,,,,,,,,
2022-03-02,,,,,,,,,
2022-03-03,,,,,,,,,
2022-03-04,,,,,,,,,
2022-03-07,,,,,,,,,
2022-03-08,,,,,,,,,
2022-03-09,,,,,,,,,
2022-03-10,,,,,,,,,
2022-03-11,,,,,,,,,
2022-03-14,,,,,,,,,
2022-03-15,,,,,,,,,
2022-03-16,,,,,,,,,
2022-03-17,,,,,,,,,
2022-03-21,,,,,,,,,
2022-03-22,,,,,,,,,
2022-03-23,,,,,,,,,
2022-03-24,,,,,,,,,
2022-03-25,,,,,,,,,
2022-03-28,,,,,,,,,
2022-03-29,,,,,,,,,
2022-03-30,,,,,,,,,
2022-03-31,,,,,,,,,
2022-04-01,,,,,,,,,
2022-04-04,,,,,,,,,
2022-04-05,,,,,,,,,
2022-04-06,,,,,,,,,
2022-04-07,,,,,,,,,
2022-04-08,,,,,,,,,
2022-04-11,,,,,,,,,
2022-04-12,,,,,,,,,
2022-04-13,,,,,,,,,
2022-04-18,,,,,,,,,
2022-04-19,,,,,,,,,
2022-04-20,,,,,,,,,
2022-04-21,,,,,,,,,
2022-04-22,,,,,,,,,
2022-04-25,,,,,,,,,
2022-04-26,,,,,,,,,
2022-04-27,,,,,,,,,
2022-04-28,,,,,,,,,
2022-04-29,,,,,,,,,
2022-05-02,,,,,,,,,
2022-05-04,,,,,,,,,
2022-05-05,,,,,,,,,
2022-05-06,,,,,,,,,
2022-05-09,,,,,,,,,
2022-05-10,,,,,,,,,
2022-05-11,,,,,,,,,
2022-05-12,,,,,,,,,
2022-05-13,,,,,,,,,
2022-05-16,,,,,,,,,
2022-05-17,,,,,,,,,
2022-05-18,,,,,,,,,
2022-05-19,,,,,,,,,
2022-05-20,,,,,,,,,
2022-05-23,,,,,,,,,
2022-05-24,,,,,,,,,
2022-05-25,,,,,,,,,
2022-05-26,,,,,,,,,
2022-05-27,,,,,,,,,
2022-05-30,,,,,,,,,
2022-05-31,,,,,,,,,
2022-06-01,,,,,,,,,
2022-06-02,,,,,,,,,
2022-06-03,,,,,,,,,
2022-06-06,,,,,,,,,
2022-06-07,,,,,,,,,
2022-06-08,,,,,,,,,
2022-06-09,,,,,,,,,
2022-06-10,,,,,,,,,
2022-06-13,,,,,,,,,
2022-06-14,,,,,,,,,
2022-06-15,,,,,,,,,
2022-06-16,,,,,,,,,
2022-06-17,,,,,,,,,
2022-06-20,,,,,,,,,
2022-06-21,,,,,,,,,
2022-06-22,,,,,,,,,
2022-06-23,,,,,,,,,
2022-06-24,,,,,,,,,
2022-06-27,,,,,,,,,
2022-06-28,,,,,,,,,
2022-06-29,,,,,,,,,
2022-06-30,,,,,,,,,
2022-07-01,,,,,,,,,
2022-07-04,,,,,,,,,
2022-07-05,,,,,,,,,
2022-07-06,,,,,,,,,
2022-07-07,,,,,,,,,
2022-07-08,,,,,,,,,
2022-07-11,,,,,,,,,
2022-07-12,,,,,,,,,
2022-07-13,,,,,,,,,
2022-07-14,,,,,,,,,
2022-07-15,,,,,,,,,
2022-07-18,,,,,,,,,
2022-07-19,,,,,,,,,
2022-07-20,,,,,,,,,
2022-07-21,,,,,,,,,
2022-07-22,,,,,,,,,
2022-07-25,,,,,,,,,
2022-07-26,,,,,,,,,
2022-07-27,,,,,,,,,
2022-07-28,,,,,,,,,
2022-07-29,,,,,,,,,
2022-08-01,,,,,,,,,
2022-08-02,,,,,,,,,
2022-08-03,,,,,,,,,
2022-08-04,,,,,,,,,
2022-08-05,,,,,,,,,
2022-08-08,,,,,,,,,
2022-08-10,,,,,,,,,
2022-08-11,,,,,,,,,
2022-08-12,,,,,,,,,
2022-08-16,,,,,,,,,
2022-08-17,,,,,,,,,
2022-08-18,,,,,,,,,
2022-08-19,,,,,,,,,
2022-08-22,,,,,,,,,
2022-08-23,,,,,,,,,
2022-08-24,,,,,,,,,
2022-08-25,,,,,,,,,
2022-08-26,,,,,,,,,
2022-08-29,,,,,,,,,
2022-08-30,,,,,,,,,
2022-09-01,,,,,,,,,
2022-09-02,,,,,,,,,
2022-09-05,,,,,,,,,
2022-09-06,,,,,,,,,
2022-09-07,,,,,,,,,
2022-09-08,,,,,,,,,
2022-09-09,,,,,,,,,
2022-09-12,,,,,,,,,
2022-09-13,,,,,,,,,
2022-09-14,,,,,,,,,
2022-09-15,,,,,,,,,
2022-09-16,,,,,,,,,
2022-09-19,,,,,,,,,
2022-09-20,,,,,,,,,
2022-09-21,,,,,,,,,
2022-09-22,,,,,,,,,
2022-09-23,,,,,,,,,
2022-09-26,,,,,,,,,
2022-09-27,,,,,,,,,
2022-09-28,,,,,,,,,
2022-09-29,,,,,,,,,
2022-09-30,,,,,,,,,
2022-10-03,,,,,,,,,
2022-10-04,,,,,,,,,
2022-10-06,,,,,,,,,
2022-10-07,,,,,,,,,
2022-10-10,,,,,,,,,
2022-10-11,,,,,,,,,
2022-10-12,,,,,,,,,
2022-10-13,,,,,,,,,
2022-10-14,,,,,,,,,
2022-10-17,,,,,,,,,
2022-10-18,,,,,,,,,
2022-10-19,,,,,,,,,
2022-10-20,,,,,,,,,
2022-10-21,,,,,,,,,
2022-10-24,,,,,,,,,
2022-10-25,,,,,,,,,
2022-10-27,,,,,,,,,
2022-10-28,,,,,,,,,
2022-10-31,,,,,,,,,
2022-11-01,,,,,,,,,
2022-11-02,,,,,,,,,
2022-11-03,,,,,,,,,
2022-11-04,,,,,,,,,
2022-11-07,,,,,,,,,
2022-11-09,,,,,,,,,
2022-11-10,,,,,,,,,
2022-11-11,,,,,,,,,
2022-11-14,,,,,,,,,
2022-11-15,,,,,,,,,
2022-11-16,,,,,,,,,
2022-11-17,,,,,,,,,
2022-11-18,,,,,,,,,
2022-11-21,,,,,,,,,
2022-11-22,,,,,,,,,
2022-11-23,,,,,,,,,
2022-11-24,,,,,,,,,
2022-11-25,,,,,,,,,
2022-11-28,,,,,,,,,
2022-11-29,,,,,,,,,
2022-11-30,,,,,,,,,
2022-12-01,,,,,,,,,
2022-12-02,,,,,,,,,
2022-12-05,,,,,,,,,
2022-12-06,,,,,,,,,
2022-12-07,,,,,,,,,
2022-12-08,,,,,,,,,
2022-12-09,,,,,,,,,
2022-12-12,,,,,,,,,
2022-12-13,,,,,,,,,
2022-12-14,,,,,,,,,
2022-12-15,,,,,,,,,
2022-12-16,,,,,,,,,
2022-12-19,,,,,,,,,
2022-12-20,,,,,,,,,
2022-12-21,,,,,,,,,
2022-12-22,,,,,,,,,
2022-12-23,,,,,,,,,
2022-12-26,,,,,,,,,
2022-12-27,,,,,,,,,
2022-12-28,,,,,,,,,
2022-12-29,,,,,,,,,
2022-12-30,,,,,,,,,
2023-01-02,,,,,,,,,
2023-01-03,,,,,,,,,
2023-01-04,,,,,,,,,
2023-01-05,,,,,,,,,
2023-01-06,,,,,,,,,
2023-01-09,,,,,,,,,
2023-01-10,,,,,,,,,
2023-01-11,,,,,,,,,
2023-01-12,,,,,,,,,
2023-01-13,,,,,,,,,
2023-01-16,,,,,,,,,
2023-01-17,,,,,,,,,
2023-01-18,,,,,,,,,
2023-01-19,,,,,,,,,
2023-01-20,,,,,,,,,
2023-01-23,,,,,,,,,
2023-01-24,,,,,,,,,
2023-01-25,,,,,,,,,
2023-01-27,,,,,,,,,
2023-01-30,,,,,,,,,
2023-01-31,,,,,,,,,
2023-02-01,,,,,,,,,
2023-02-02,,,,,,,,,
2023-02-03,,,,,,,,,
2023-02-06,,,,,,,,,
2023-02-07,,,,,,,,,
2023-02-08,,,,,,,,,
2023-02-09,,,,,,,,,
2023-02-10,,,,,,,,,
2023-02-13,,,,,,,,,
2023-02-14,,,,,,,,,
2023-02-15,,,,,,,,,
2023-02-16,,,,,,,,,
2023-02-17,,,,,,,,,
2023-02-20,,,,,,,,,
2023-02-21,,,,,,,,,
2023-02-22,,,,,,,,,
2023-02-23,,,,,,,,,
2023-02-24,,,,,,,,,
2023-02-27,,,,,,,,,
2023-02-28,,,,,,,,,
2023-03-01,,,,,,,,,
2023-03-02,,,,,,,,,
2023-03-03,,,,,,,,,
2023-03-06,,,,,,,,,
2023-03-08,,,,,,,,,
2023-03-09,,,,,,,,,
2023-03-10,,,,,,,,,
2023-03-13,,,,,,,,,
2023-03-14,,,,,,,,,
2023-03-15,,,,,,,,,
2023-03-16,,,,,,,,,
2023-03-17,,,,,,,,,
2023-03-20,,,,,,,,,
2023-03-21,,,,,,,,,
2023-03-22,,,,,,,,,
2023-03-23,,,,,,,,,
2023-03-24,,,,,,,,,
2023-03-27,,,,,,,,,
2023-03-28,,,,,,,,,
2023-03-29,,,,,,,,,
2023-03-31,,,,,,,,,
2023-04-03,,,,,,,,,
2023-04-05,,,,,,,,,
2023-04-06,,,,,,,,,
2023-04-10,,,,,,,,,
2023-04-11,,,,,,,,,
2023-04-12,,,,,,,,,
2023-04-13,,,,,,,,,
2023-04-17,,,,,,,,,
2023-04-18,,,,,,,,,
2023-04-19,,,,,,,,,
2023-04-20,,,,,,,,,
2023-04-21,,,,,,,,,
2023-04-24,,,,,,,,,
2023-04-25,,,,,,,,,
2023-04-26,,,,,,,,,
2023-04-27,,,,,,,,,
2023-04-28,,,,,,,,,
2023-05-02,,,,,,,,,
2023-05-03,,,,,,,,,
2023-05-04,,,,,,,,,
2023-05-05,,,,,,,,,
2023-05-08,,,,,,,,,
2023-05-09,,,,,,,,,
2023-05-10,,,,,,,,,
2023-05-11,,,,,,,,,
2023-05-12,,,,,,,,,
2023-05-15,,,,,,,,,
2023-05-16,,,,,,,,,
2023-05-17,,,,,,,,,
2023-05-18,,,,,,,,,
2023-05-19,,,,,,,,,
2023-05-22,,,,,,,,,
2023-05-23,,,,,,,,,
2023-05-24,,,,,,,,,
2023-05-25,,,,,,,,,
2023-05-26,,,,,,,,,
2023-05-29,,,,,,,,,
2023-05-30,517.3765869140625,526.3653593780434,482.51397163964896,500.4915468787639,4901592.0,,,,
2023-05-31,533.4669189453125,536.3473269873132,517.4758469636855,520.4555543358373,856110.0,,,,
2023-06-01,535.2548217773438,542.0584630750346,529.3450563678686,530.3879418819395,399521.0,,,,
2023-06-02,532.2750854492188,538.3337995345429,527.3585561518876,537.2909140768792,364862.0,,,,
2023-06-05,519.3133544921875,535.3044884991796,506.5502977105599,533.3676664128836,1339701.0,,,,
2023-06-06,522.1937255859375,525.9183598625847,513.5029122737607,521.2004897788315,94784.0,,,,
2023-06-07,525.1734619140625,532.7220302146377,521.5481267696576,522.6407225909949,225040.0,,,,
2023-06-08,526.9612426757812,535.8507152289707,524.4285035049055,524.4285035049055,145610.0,,,,
2023-06-09,531.4308471679688,533.3180195949229,526.4150180823998,527.0109353633815,124648.0,,,,
2023-06-12,531.1328735351562,538.8304514124774,527.5075384149795,533.3676542092172,189801.0,,,,
2023-06-13,530.9342041015625,534.8574977789049,526.6136524631338,531.1328633932579,186118.0,,,,
2023-06-14,529.9906005859375,535.056139558003,524.4285043343427,535.056139558003,233260.0,,,,
2023-06-15,524.5775146484375,533.0696686565451,519.6113356235438,528.3021489171077,321153.0,,,,
2023-06-16,530.8348999023438,533.367639136913,520.852891964745,525.4217525203483,170104.0,,,,
2023-06-19,540.1712646484375,545.3857525894343,530.4375659497038,531.4804514134428,491804.0,,,,
2023-06-20,535.1554565429688,543.9952797361001,529.394700816147,540.1712853924695,131452.0,,,,
2023-06-21,530.63623046875,538.2841583154556,528.8980678046034,536.3473363652316,131300.0,,,,
2023-06-22,527.4578857421875,535.6520815004021,524.5278278617589,533.3676511710579,87503.0,,,,
2023-06-23,517.6744995117188,531.2321315052532,516.283945173884,531.0831825119643,186497.0,,,,
2023-06-26,519.7603149414062,530.387950799108,512.5097052665539,518.0718018499815,174776.0,528.088589477539,,6.352516432533983,
2023-06-27,534.3609008789062,537.340608504625,520.554897964153,522.442070376031,117262.0,528.9378051757812,,5.96880654931447,
2023-06-28,525.2230834960938,539.8236620078882,521.448799547638,536.3969863435432,180889.0,528.5256134033203,,5.924057221524957,
2023-06-30,532.920654296875,536.3473299180339,523.4849142335022,525.7196947748273,809632.0,528.4089050292969,,5.806332058681528,
2023-07-03,,,,,,,,,
2023-07-04,,,,,,,,,
2023-07-05,,,,,,,,,
2023-07-06,,,,,,,,,
2023-07-07,550.1533203125,556.01337501472,546.2796765390302,551.1962057523416,109170.0,,,,
2023-07-10,539.97265625,555.2684508944004,537.3405571830848,551.2955077728988,93764.0,,,,
2023-07-11,,,,,,,,,
2023-07-12,,,,,,,,,
2023-07-13,,,,,,,,,
2023-07-14,560.8803100585938,563.0654411054122,551.2459099582849,557.10602586262,138095.0,,,,
2023-07-17,558.79443359375,565.1015172605918,554.2255731891403,563.1646953373522,165507.0,,,,
2023-07-18,,,,,,,,,
2023-07-19,558.2481689453125,561.07892734707,555.9140890655723,560.1849908786619,138231.0,,,,
2023-07-20,560.3836669921875,566.0947730104247,554.225592726323,554.225592726323,227765.0,,,,
2023-07-21,561.1286010742188,564.8532354817975,549.5077295981123,558.0992438805157,225466.0,,,,
2023-07-24,571.2595825195312,573.4943630221982,560.5325876088893,561.1782151141357,366675.0,,,,
2023-07-25,,,,,,,,,
2023-07-26,597.7293090820312,607.01610044591,589.6344734583499,597.679659415099,1035164.0,,,,
2023-07-27,,,,,,,,,
2023-07-28,619.3322143554688,621.7656543604141,610.8897094639935,617.5940515836944,207426.0,,,,
2023-07-31,,,,,,,,,
2023-08-01,,,,,,,,,
2023-08-02,,,,,,,,,
2023-08-03,626.433837890625,629.711503941253,621.2689995508734,628.1720005592325,396349.0,,,,
2023-08-04,602.0995483398438,642.5739068036789,570.0676940954589,629.7114911919384,2246582.0,,,,
2023-08-07,628.8175659179688,632.6912098188419,595.2462077255111,595.2462077255111,376919.0,,,,
2023-08-08,619.7791748046875,639.5942422774716,617.8920024273534,634.6777126605693,144878.0,,,,
2023-08-09,634.7769775390625,635.6709140108112,613.8197263416895,623.6527850417152,170962.0,,,,
2023-08-10,640.5377807617188,645.4542493901583,633.5851302801099,639.64384430802,310694.0,,,,
2023-08-11,637.21044921875,650.5198338947613,625.6889375755652,644.6100684463315,257745.0,,,,
2023-08-14,637.9057006835938,650.5694572950625,615.8062038518149,637.2104234902682,167222.0,,,,
2023-08-16,633.6348266601562,646.2985838281633,629.7611825716083,639.1472735382393,94464.0,,,,
2023-08-17,631.8966674804688,638.4519999202444,622.8085350949424,634.5784164321246,98274.0,,,,
2023-08-18,632.542236328125,636.6641894164834,623.8017728412523,631.8966693893079,211740.0,,,,
2023-08-21,634.1314086914062,635.670912057084,626.7814395218253,634.5783769259069,76193.0,,,,
2023-08-22,630.1088256835938,635.0252944731119,624.7949776965997,634.0817689461074,76494.0,,,,
2023-08-23,631.10205078125,640.6370902004285,628.7679102807818,631.6483183461078,61244.0,,,,
2023-08-24,628.9169311523438,637.3594355928634,607.6616604296437,631.1020620731742,498981.0,,,,
2023-08-25,619.630126953125,633.1381701492165,608.8535428177512,622.8084936241055,324521.0,,,,
2023-08-28,631.1517333984375,633.2871541038788,619.9778300790068,622.709228668201,101919.0,,,,
2023-08-29,642.1766357421875,644.8087350306995,624.7950081222565,630.7544233062329,189502.0,,,,
2023-08-30,637.4091186523438,647.5897863051471,630.257808274206,643.6168428308824,148252.0,,,,
2023-08-31,655.9826049804688,662.7862460522587,633.684448848714,633.684448848714,504848.0,631.8122100830078,,10.537030623320994,
2023-09-01,651.6619873046875,660.4025108850958,647.6393944195578,658.5153386069844,79367.0,633.073617553711,,11.338836533991188,
2023-09-04,676.1949462890625,685.2334287869503,655.2873440266188,655.3369936940508,227526.0,636.7783874511719,,12.707984836151075,
2023-09-05,677.7841796875,683.2469769543701,664.5244444936224,679.3733328253034,242122.0,639.2267181396485,,15.503104184177454,
2023-09-06,665.964599609375,684.0911528425906,663.9781280221733,680.714126895427,288091.0,641.5359893798828,,15.88880976309436,
2023-09-07,666.312255859375,675.450037942838,656.5289068369749,672.4206806787172,115608.0,643.1127532958984,,16.72547173236038,
2023-09-08,658.3167114257812,672.6193319618542,655.5356631610741,669.4409651069152,327309.0,644.0016998291015,,17.05071696164326,
2023-09-11,665.3687133789062,670.384542245797,658.4657121673378,658.5153618348704,116044.0,645.4096130371094,,17.613684602685314,
2023-09-12,634.8267211914062,670.2355430610012,631.7476536664595,667.4544947905018,142762.0,645.2556640625,,17.695986333283745,
2023-09-13,642.6235961914062,651.4634195224049,626.9304818555516,639.6438886356501,154627.0,645.7051025390625,,17.498352906412254,
2023-09-14,651.8606567382812,655.5852910644054,645.6529328614076,647.5897548354529,127504.0,646.7033020019531,,17.236657173299676,
2023-09-15,656.87646484375,673.1159063682085,628.6189551429272,652.5559134102738,651671.0,647.9200134277344,,17.042198997908756,
2023-09-18,653.5491943359375,657.6711473941215,647.6394288584387,649.576250905324,57241.0,648.890902709961,,16.766200216283938,
2023-09-20,637.6077270507812,650.1224737467498,633.3864749463544,645.6032630300002,90779.0,649.2658477783203,,16.404004459123055,
2023-09-21,628.3209838867188,648.9306280833905,625.7385948869016,637.6574252656998,147448.0,649.1267944335938,,16.57695446766382,
2023-09-22,619.2825317382812,632.4925559764816,612.9257982622148,628.7182719973249,172255.0,648.6450744628906,,17.318553070127308,
2023-09-25,625.7882080078125,629.7611512353803,619.0838663112918,619.2825255971308,42154.0,648.952978515625,,16.82320827317605,
2023-09-26,627.8740234375,635.8199096884035,616.0544933903607,625.7385422586492,79386.0,648.7890930175781,,17.02055606393346,
2023-09-27,625.0432739257812,632.691201674883,622.9575030043452,627.7250226978432,48811.0,647.9324249267578,,17.78489745845794,
2023-09-28,623.9507446289062,638.4519631284171,616.7994347106985,622.7588495388212,71749.0,647.2595062255859,,18.44632840081691,
2023-09-29,627.278076171875,634.6280455611543,621.020702568734,623.9507603910401,46663.0,645.8242797851562,,18.84429439594889,
2023-10-03,645.5039672851562,672.9172509725336,635.5716093372222,655.4363252330903,1815132.0,645.5163787841797,,18.79413248978554,
2023-10-04,648.0863647460938,650.5694542661937,636.6641529536339,650.5694542661937,176657.0,644.1109497070313,,17.37677610869646,
2023-10-05,642.4745483398438,657.2241362366741,636.8131528185835,650.5694443002872,111189.0,642.3454681396485,,15.463960647983274,
2023-10-06,631.9959716796875,656.479260113385,628.867315063942,642.5243082704594,89733.0,640.6470367431641,,14.573051591251636,
2023-10-09,632.0952758789062,662.9352347838474,621.7655994977547,631.995915927331,607478.0,638.9361877441406,,13.35938833415324,
2023-10-10,633.287109375,647.5897288626037,628.8175483629115,633.6844279361061,102000.0,637.6847076416016,,12.599029235570637,
2023-10-11,644.759033203125,648.5829667212439,634.6776657501913,634.6776657501913,105784.0,636.6542236328125,,10.95055677156094,
2023-10-12,654.8403930664062,657.5221420238954,643.1698716634141,646.4475378904316,135017.0,637.6549072265625,,11.665849437645443,
2023-10-13,654.443115234375,657.4724724034422,636.6641695578625,653.4995290676677,96289.0,638.245883178711,,12.217157532917447,
2023-10-16,695.0167846679688,704.8498438125148,655.4860100403253,655.4860100403253,1646644.0,640.4036895751954,640.7046472167968,17.44219091354849,17.263127549478718
2023-10-17,680.6148681640625,698.2448045521137,675.8969978630347,698.2448045521137,289126.0,641.590609741211,641.7882678222657,19.327892882508028,18.03240910201245
2023-10-18,697.0529174804688,702.5653644031825,673.8608842966823,685.1837367769552,366715.0,643.7657958984375,643.6873352050782,22.868287119893115,18.75289655153774
2023-10-19,697.6985473632812,702.068748807608,687.1205611237637,694.2718714953878,117764.0,646.7703369140625,645.0649548339844,25.77890518121993,20.11857428541497
2023-10-20,697.9964599609375,708.0778276016813,690.3485321599218,697.698501344753,245504.0,650.2541107177734,646.6293005371094,27.78440546277887,21.12794320614417
2023-10-23,696.95361328125,719.0531111090091,688.362098865581,697.2019222456069,640027.0,654.1376647949219,647.8728332519531,28.642492854307783,22.21777622281004
2023-10-25,661.7930297851562,700.2312690173798,654.04580233751,685.3327313787122,617590.0,655.9379058837891,648.2979382324219,27.88845365183554,22.27782946518978
2023-10-26,644.8583374023438,670.384509359288,634.9756291559684,663.4815084863544,350711.0,656.7871215820312,648.4508959960938,27.239969750789,22.2263454796662
2023-10-27,635.3233032226562,657.2737901365894,632.5919047747898,651.4633849600489,229758.0,657.301123046875,648.399248046875,26.701116449039212,22.2543324871608
2023-10-30,645.5039672851562,649.8245187435867,627.7746719747128,635.6709086677807,186301.0,658.3787841796875,648.636630859375,25.700441165555024,22.156717961214287
2023-10-31,658.6146240234375,669.9871858730048,645.4542498873965,645.5039601744302,257012.0,659.9456115722656,649.1709899902344,24.63784366233225,22.06675603774818
2023-11-01,654.5424194335938,676.3936079427577,647.6394182119196,661.3957709876626,523389.0,660.3975341796875,649.6109936523437,24.441113099136672,21.947433034887027
2023-11-02,647.2421264648438,660.3527903881644,641.133702110609,654.5423852686155,182463.0,660.355322265625,649.8732080078125,24.464212749258174,21.836758555804288
2023-11-03,627.4767456054688,649.5762431752696,622.7588753377585,642.6235922544333,426607.0,659.6054321289063,649.82056640625,25.25812889061998,21.888487958131936
2023-11-06,611.0883178710938,634.6776678092302,599.7157559869845,631.6979604486235,944536.0,658.5600494384765,649.4202917480469,26.84385649236193,22.414455343461213
2023-11-07,605.9235229492188,613.2238428777068,597.1830595247112,613.2238428777068,359883.0,657.2514617919921,648.9604235839844,28.770627972760025,23.069986585924557
2023-11-08,601.8016357421875,612.727230273341,598.9212274805063,612.528570975586,202260.0,655.6771881103516,648.6038537597656,30.931212233707036,23.6627312416608
2023-11-09,610.5917358398438,615.4586157302708,598.0272781490771,602.7948587039056,154351.0,653.9688232421875,648.1926538085937,32.47118528633331,24.14590343190365
2023-11-10,625.9868774414062,630.4067889781863,610.591722185013,610.591722185013,203744.0,652.5261474609375,647.8688586425782,33.065949247185614,24.33602764686315
2023-11-13,654.1450805664062,659.4092788600598,620.8716809136375,629.6122045441475,319698.0,652.5112457275391,648.2035778808594,33.065107010303855,24.304300783583315
2023-11-15,653.5491943359375,659.5086094818579,634.777012377366,659.4589598134364,233831.0,650.4378662109375,648.1549096679687,31.5236779636431,24.29083841542354
2023-11-16,649.1788940429688,654.3933819882448,634.6776756250267,651.8606428249997,601099.0,648.8660675048828,648.1052478027344,30.71312570028425,24.286059808757987
2023-11-17,661.4950561523438,669.3416433796488,649.1789077348201,649.1789077348201,398010.0,647.0881744384766,647.81125,28.74289521724804,24.026667336600564
2023-11-20,645.0073852539062,661.5447257834072,636.9621384953361,661.4950761153672,374199.0,644.4536163330079,647.1557141113282,26.15845278675938,23.636168756272877
2023-11-21,648.3346557617188,657.4227874027797,645.0073401457571,650.3707769874103,812724.0,641.9705261230469,646.803115234375,22.97130935389146,23.480845268487727
2023-11-22,636.7634887695312,652.5559632711341,632.0953287021185,650.5694915412373,248371.0,638.9610198974609,646.2121398925781,18.98582688180142,23.351300960352685
2023-11-23,638.89892578125,641.5806745549282,627.2284051781724,636.763444570915,325777.0,637.8163146972656,645.8237841796876,18.211140323250497,23.307308572221352
2023-11-24,632.1449584960938,641.1337306668065,629.1652509949312,640.6371127499461,158814.0,637.1806457519531,645.1593090820312,18.174243925213904,23.212123269860964
2023-11-28,628.3706665039062,635.1246579633132,622.212592288272,633.6348042315777,601553.0,636.8330139160156,645.0301879882812,18.277839268277926,23.288603327493533
2023-11-29,633.4361572265625,638.6009957211969,626.7814649713011,632.691230346249,235359.0,636.229623413086,644.8464392089844,18.17543217336233,23.34415754677067
2023-11-30,658.763671875,661.4950704391256,632.8898903283811,633.4361579167452,480347.0,636.2370758056641,644.9844995117187,18.185121645653,23.40681567059624
2023-12-01,663.4815063476562,673.4138642271122,657.5220916199827,668.4476852873843,236316.0,636.6840301513672,645.1166003417969,18.759492141249936,23.49377679778866
2023-12-04,691.441162109375,717.066634947637,679.3733222675426,685.3327373751525,777369.0,638.8939819335938,645.8744396972656,22.331998198786508,24.36627822821507
2023-12-05,696.4569702148438,703.1613120104942,688.3620740200629,695.2650751044896,208390.0,642.3429931640625,647.0514245605468,25.56814989560519,25.359878889496706
2023-12-06,698.1455078125,700.2312788623166,687.2695630589008,696.7053036960525,131793.0,646.6958526611328,648.4479150390625,27.3178115117072,26.21547917092524
2023-12-07,703.5089111328125,709.0710680345588,690.5968456205372,699.2380092801359,216572.0,651.5751220703125,650.1324426269531,28.34764357923958,26.99755397383469
2023-12-08,679.4725952148438,708.6241026907859,666.5108799836514,706.389322112225,107222.0,655.4586700439453,651.2061303710938,26.42508696668469,27.0770219001311
2023-12-11,674.5064086914062,684.8360852780969,669.0436117820088,683.246932244284,292763.0,658.6544036865234,652.1387780761719,24.5087948716598,27.06006727399468
2023-12-12,680.31689453125,684.7368061034226,677.3371870384105,679.3236587003036,101350.0,661.3709045410156,653.2442504882813,23.69482310318593,27.05959079357779
2023-12-13,677.7344360351562,683.991870185215,660.7501277994909,683.0979337002628,316821.0,662.5503723144532,654.3199243164063,23.902408975941665,26.94009122116867
2023-12-14,673.1655883789062,681.2604846976002,666.9578643990196,680.3168985281965,200754.0,663.5311920166016,655.2376745605469,23.91608069847349,26.781215417463734
2023-12-15,667.7027587890625,675.2016768674396,660.799757934838,673.1159059606041,212253.0,664.4573852539063,655.681650390625,23.68861178476697,26.800555508714847
2023-12-18,663.8788452148438,670.3348780339319,661.5447046684068,670.3348780339319,81982.0,664.5765747070312,655.9975,23.67891737151618,26.80227548723438
2023-12-19,663.9285278320312,667.4545030376049,660.5018519642965,666.1136588652466,92721.0,665.5226318359375,656.4265795898438,23.229629148241223,26.753051364983616
2023-12-20,637.1607666015625,675.3010456244507,625.9372141701419,665.4679869416163,271556.0,664.9639373779297,656.5298754882813,23.792329397505075,26.6666288261546
2023-12-21,626.8807983398438,643.5671476266604,622.709195862564,630.7047319143405,257410.0,664.4698028564453,656.4255859375,24.500913649775235,26.77411934061396
2023-12-22,626.8807983398438,639.2962458184725,624.5963075059343,631.6979677126309,233145.0,663.868896484375,656.2974597167969,25.29556062631871,26.902129654315388
2023-12-26,636.266845703125,648.9803127701005,626.8808156479759,631.3503768636864,353496.0,664.0749908447266,656.1276159667968,25.03897785530913,27.00308080810553
2023-12-27,644.759033203125,648.5333170565219,637.7070227658533,640.5874307873489,131035.0,664.8944091796875,655.9259887695313,24.05797421532414,27.05048467567222
2023-12-28,653.15185546875,655.5356457020425,645.6032874338298,646.5468735937708,166371.0,665.8801940917969,655.9001635742187,23.08538710436351,27.052545578990173
2023-12-29,704.40283203125,723.8205795362,676.6418796693465,685.3326928027142,6204398.0,668.1621520996093,656.0878845214844,24.55388162664609,27.360334665284576
2024-01-01,711.3058471679688,712.646691258,689.9015670372208,699.5359664860056,620474.0,670.553369140625,656.7017041015625,26.33796594923989,28.25157372723456
2024-01-02,696.010009765625,716.321694668833,691.4907988512938,713.0936782125528,219390.0,670.7818115234375,656.6808459472657,26.54765079792503,28.221543444500792
2024-01-03,706.7369384765625,711.9514265528121,691.8384011158495,695.9603540345682,329281.0,671.2958099365235,656.8616137695312,27.16329856325701,28.517036413513186
2024-01-04,733.8026123046875,748.7507992837171,701.2741391725075,704.2041969684165,916722.0,673.0786651611328,657.5777368164063,30.03653354370425,29.98300436885468
2024-01-05,747.5589599609375,750.8862756902734,732.8590214098991,733.8026075580447,550525.0,675.2811676025391,658.58984375,33.76853697764444,32.11744705052323
2024-01-08,732.7597045898438,756.2497552888489,728.737111761964,753.8659651422453,171330.0,677.945523071289,660.0091772460937,36.13585917653055,33.78659688508431
2024-01-09,729.1343994140625,737.8749232262148,722.0824492616666,734.0012792357244,152017.0,680.6769226074218,661.6946984863281,37.88449810389262,35.092260796863826
2024-01-10,734.696533203125,737.9741992178556,723.0756622215329,727.0982550860796,112826.0,683.3959045410156,663.6821630859375,39.7621879287111,36.35937075156852
2024-01-11,738.5205078125,743.4866870871753,730.8229299367533,736.9810043618118,113571.0,686.4352081298828,665.5424938964844,41.58790469581419,37.762814485016136
2024-01-12,729.9290161132812,744.9268524945845,725.5587543297254,744.9268524945845,87857.0,689.2733795166016,666.9687817382812,42.56020300142514,38.82756010074486
2024-01-15,725.9561157226562,736.2360826445549,719.5993819574772,729.9290591703166,161752.0,692.1860473632812,668.3970556640625,42.99737169948995,39.665562227812345
2024-01-16,742.8907470703125,748.0555854822503,723.0260305800164,726.0057380535608,256186.0,696.1366424560547,670.3100280761719,43.880357873717394,40.91137518902597
2024-01-17,731.5181884765625,748.7011562036217,726.6016589957419,737.9245717017346,314114.0,699.5161254882812,672.3908569335938,43.87200484618487,41.33204191361588
2024-01-18,,,,,,,,,
2024-01-19,721.8837890625,741.8975152843403,702.6647000024402,718.0598553662238,184466.0,,,,
2024-01-23,717.215576171875,729.6807344679198,710.1636259532887,722.0824560392181,103448.0,,,,
2024-01-24,732.312744140625,738.9674361334919,705.9423457417734,717.1162485058887,161171.0,,,,
2024-01-25,739.7620239257812,754.8592204594305,732.7100738783053,732.7100738783053,402293.0,,,,
2024-01-29,753.6673583984375,759.8254328545302,738.4212121972722,746.9133666753029,301439.0,,,,
2024-01-30,760.6199951171875,765.7848336162327,748.8998243147074,753.6673442283242,261671.0,,,,
2024-01-31,789.9204711914062,792.9995387458276,764.0963387052847,764.1956986651534,384124.0,,,,
2024-02-01,797.3696899414062,823.0945214692335,784.705933462408,794.2906832032767,495821.0,,,,
2024-02-02,828.0110473632812,833.8711021988902,793.6450523744656,799.4555181669305,290676.0,,,,
2024-02-05,849.7628784179688,854.1827898620643,827.9116907703345,831.2390670809693,173379.0,,,,
2024-02-06,875.537353515625,884.4764756729031,833.3744818826697,857.11284163814,184493.0,,,,
2024-02-07,843.2572021484375,893.9122284259055,835.4106150055557,879.0136912854737,257064.0,,,,
2024-02-08,844.0518188476562,881.9934406957404,840.4761940126768,862.0790738945826,344064.0,,,,
2024-02-09,871.7631225585938,878.9640825114791,839.780915884766,850.2098923682552,516327.0,,,,
2024-02-12,860.291259765625,877.0272596677811,840.3271827135073,873.0543162491275,179109.0,,,,
2024-02-13,893.9619140625,923.7093398743112,843.157936742796,864.0158895786676,193967.0,,,,
2024-02-14,985.2402954101562,1033.9585008321071,893.912248558018,893.912248558018,3972711.0,,,,
2024-02-15,958.0752563476562,986.4321877617676,954.549281279376,983.3034706516816,284549.0,,,,
2024-02-16,953.1588134765624,983.2538477894458,943.5740632170669,960.4590727693724,196009.0,,,,
2024-02-19,942.8291015625,961.4522731761916,929.6687269554913,948.5402075240322,120453.0,835.9345855712891,,83.57085262716478,
2024-02-20,917.20361328125,940.5446546231576,913.9755969254544,937.8629058338822,119072.0,845.7005767822266,,80.9116606526381,
2024-02-21,906.3276977539062,935.6281548319778,901.7588371703152,919.6370821671044,149915.0,855.1561828613281,,76.00772898746115,
2024-02-22,932.5988159179688,952.5131826380252,886.5126481086667,908.2148878612376,387033.0,865.1704864501953,,72.06263646133569,
2024-02-23,979.6284790039062,1018.0667174354415,924.007272978165,938.9554599731224,1229095.0,877.1638092041015,,70.02405664616258,
2024-02-26,986.9784545898438,997.2087714956672,974.4636467813564,984.296705729289,233588.0,888.8293640136719,,67.76514446147758,
2024-02-27,978.2379760742188,993.7324305017872,966.4184456554112,980.7707152718766,428601.0,899.7102630615234,,63.4277706196424,
2024-02-28,974.463623046875,1004.0620985036556,965.524500810954,981.2673246775964,324591.0,908.9374206542968,,59.94296294029056,
2024-02-29,959.6644897460938,978.13865229469,945.7591878554884,975.6555626713678,268337.0,917.0521606445312,,54.81015763293556,
2024-03-01,964.4816284179688,972.675823911996,949.5830911561012,960.4590354817252,114297.0,923.8756896972656,,51.53891621076999,
2024-03-04,992.1929321289062,1031.1773773479108,955.4928565436476,976.3508087135192,494185.0,930.9971923828124,,50.590803515831816,
2024-03-05,996.5631713867188,1036.6402139080144,988.3689755786816,1023.0329311852396,410993.0,937.0484832763672,,50.84543143228591,
2024-03-06,979.0822143554688,1007.8860532764006,974.4139938541672,996.5631406240784,171620.0,943.8397338867188,,46.54794273758614,
2024-03-07,1044.0399169921875,1064.7488607913044,979.0822663479744,984.2967547053944,675564.0,953.8391387939452,,45.45106983019927,
2024-03-11,1099.958984375,1155.1332838783849,1055.015062538803,1068.7217656518849,3667314.0,965.2489318847656,,51.94180168811524,
2024-03-12,1056.3062744140625,1089.5796737491553,1041.258727779271,1087.59320214706,426837.0,975.0496826171876,,49.53217820823234,
2024-03-13,987.47509765625,1086.89804296318,958.4725986101148,1057.7961839583131,449095.0,979.725341796875,,45.74369432380939,
2024-03-14,1017.2720947265624,1059.0874204175705,988.5179657723982,1013.100552713234,981281.0,981.3269317626952,,46.50142497604163,
2024-03-15,1023.4797973632812,1048.36040303403,1011.5610282021564,1026.5589253863518,528242.0,984.5971588134764,,47.07642383497153,
2024-03-18,1023.7280883789062,1050.297145972244,1014.0937496372948,1035.2000103422824,190177.0,988.1256225585936,,47.24040582284075,
2024-03-19,1000.0394897460938,1041.9044050064772,994.2290842816814,1020.4008246389752,230457.0,990.9861419677734,,46.07087040352698,
2024-03-20,1074.432861328125,1084.6135286067135,979.5291896994984,1003.1681903780044,526051.0,998.8476043701172,,46.2324894337483,
2024-03-21,1076.9656982421875,1121.3135826733026,1046.9203132889768,1079.7963962119973,694860.0,1007.3795043945312,,43.9485677959521,
2024-03-22,1057.6968994140625,1104.5279948096056,1052.830019415014,1072.694736762467,417003.0,1013.634408569336,,41.58394677782309,
2024-03-26,1056.1573486328125,1085.0108994414818,1051.8865070960512,1065.5435004445478,282104.0,1017.4608520507812,,41.81049462470976,
2024-03-27,1058.5411376953125,1075.4758579245258,1043.5433001762792,1066.3877253857488,346915.0,1021.0389862060548,,42.125491836892486,
2024-03-28,1062.61328125,1091.566128656647,1051.737397892709,1086.5999497273629,265117.0,1025.2577514648438,,41.83748012527447,
2024-04-01,1109.891357421875,1113.4173932041751,1050.8932446438548,1071.7014873035723,560229.0,1032.0291381835937,,44.082990116772415,
2024-04-02,1097.9228515625,1120.8168634634485,1087.444165622866,1119.9726373023664,266703.0,1038.942056274414,,42.96415931291438,
2024-04-03,1104.18017578125,1117.39026024465,1095.0921653269424,1105.471430802041,268696.0,1045.926983642578,,41.5542343382318,
2024-04-04,1117.9862060546875,1148.180598996954,1104.5775225888926,1122.3564678776456,619079.0,1052.2166473388672,947.0960473632812,42.50221003022418,114.71274780046848
2024-04-05,1149.422119140625,1167.8466915616104,1096.7806222173558,1117.9861821063937,695606.0,1059.8595947265626,955.6468139648438,45.59871925650454,113.51087410346966
2024-04-08,1153.693115234375,1177.9776825358592,1135.268542275284,1156.1762047844084,315205.0,1068.590139770508,964.3763647460936,46.032549590836354,111.56711514397377
2024-04-09,1141.476318359375,1166.058906029068,1133.2324121783602,1163.0791984327414,174786.0,1073.4619598388672,972.5596362304688,48.39307572809468,109.1784170612343
2024-04-10,1189.05224609375,1197.8423585556232,1139.340746480064,1144.1579157958156,390933.0,1077.9166229248046,981.545440673828,54.655883919353016,108.11119545981632
2024-04-12,1161.291259765625,1212.6416238545207,1147.3859584350669,1181.9506130974391,283527.0,1083.1658721923827,989.6979187011718,57.44163071337792,105.92358554916136
2024-04-15,1149.5711669921875,1156.1264991819264,1103.6340101303626,1109.0968071625796,231219.0,1091.2706756591797,997.476942138672,54.59441840693849,102.99867177342992
2024-04-16,1152.05419921875,1169.3365259458797,1127.1735945669357,1148.1308451622806,204849.0,1098.009780883789,1004.7196166992188,53.28226518139722,100.81496649522808
2024-04-18,1169.833251953125,1189.3999500235166,1097.5256323807814,1097.5256323807814,390824.0,1105.3274536132812,1012.1688879394532,52.55269122445005,98.92412618398916
2024-04-19,1198.23974609375,1212.7409651629105,1150.7630242668422,1175.9415286558233,307831.0,1114.0530364990234,1019.5734619140624,52.77830669643662,98.71418467467942
2024-04-22,1192.528564453125,1214.7273599048367,1179.4674896868305,1211.6979422755896,184916.0,1123.677490234375,1026.4287756347655,48.24944010994127,98.58261732149909
2024-04-23,1171.6209716796875,1201.3187475208997,1153.6931375287663,1192.578223638034,101919.0,1128.5368957519531,1032.3504479980468,47.92177202419019,98.22582600295816
2024-04-24,1167.00244140625,1181.950689804565,1154.4876936454773,1177.630138002521,498506.0,1133.0387329101563,1038.825352783203,47.043153469499416,96.1552757749234
2024-04-25,1175.49462890625,1189.8468384461712,1157.7653932261678,1167.0521241781528,92488.0,1138.9286193847656,1045.454208984375,44.41455632379099,93.8508032970625
2024-04-26,1178.9212646484375,1187.910097748813,1163.3772203148894,1177.9777390719837,182165.0,1145.0668151855468,1051.597371826172,40.70121097051626,92.28932209384324
2024-04-29,1162.5328369140625,1200.7724166384064,1160.1491679009594,1183.9371176991688,181490.0,1150.2664001464843,1057.6422033691406,35.35745160010361,89.35486226824975
2024-04-30,1217.3594970703125,1290.014720957699,1191.8829742468647,1191.8829742468647,2147459.0,1158.0037109375,1064.110155029297,31.93243947563214,88.96880168657735
2024-05-02,1211.30078125,1251.4771212887692,1184.980032270514,1223.6665185934633,313408.0,1163.0741821289062,1068.6313647460938,31.941985822539277,90.60786725646204
2024-05-03,1233.2513427734375,1242.7863828806824,1196.054586678912,1216.713941281787,222685.0,1169.8406066894531,1074.1348864746094,31.74733033313473,92.10044885886008
2024-05-06,1241.2467041015625,1245.4679561608948,1215.7703033744508,1242.5379591116696,125872.0,1176.693933105469,1079.8966442871094,31.621231694468413,93.38021881361271
2024-05-07,1198.785888671875,1247.2558437390703,1191.8829484267446,1246.2128976613558,142102.0,1180.733917236328,1085.0157800292968,28.757764565561367,92.72631020887816
2024-05-08,1235.138427734375,1240.2534951092982,1185.9235453406943,1198.885321030074,140685.0,1185.0197326660157,1091.3744763183597,30.19692317714005,91.88107850370363
2024-05-09,1179.7655029296875,1237.5717765803008,1168.144571606691,1235.138397427562,175421.0,1186.3233520507813,1096.843232421875,29.3235047793645,88.72564861960598
2024-05-10,1156.47412109375,1189.8965312152882,1142.9164276869913,1186.9168237080712,145923.0,1187.0732421875,1101.3207385253909,28.289819790525662,85.87092911793073
2024-05-13,1148.1806640625,1190.8898064108455,1139.4401399212725,1158.1130227481617,435127.0,1185.0296630859375,1104.6917822265625,29.585875041709546,84.29003096977502
2024-05-14,1149.3228759765625,1186.9168282543585,1146.3431684579325,1152.1535738703394,200601.0,1184.4312438964844,1107.9386706542969,30.205834902199456,82.77632136117039
2024-05-15,1169.1378173828125,1196.849120012096,1153.5440640680476,1157.0699783553466,387788.0,1185.4095764160156,1111.7566674804686,29.321249724766083,81.05657635179075
2024-05-16,1191.1380615234375,1199.3322570686269,1180.7587956640405,1180.808384708459,290313.0,1187.36376953125,1116.09015625,28.264572358939933,79.34056395528465
2024-05-17,1193.6708984375,1202.3617121643863,1186.9168461290467,1196.8492046740598,177473.0,1188.5556518554688,1120.770284423828,27.987670331423725,76.78567199724908
2024-05-21,1231.711669921875,1333.5183376523053,1221.680012765163,1301.1388753840351,971161.0,1190.229248046875,1126.1148852539063,29.554166017601364,74.963874414968
2024-05-22,1217.806396484375,1236.5785774512303,1204.7950316854156,1231.711697756919,162136.0,1191.4931396484376,1130.6271545410157,30.191310767487185,73.51436842685847
2024-05-23,1219.4949951171875,1235.585366993374,1213.5355801638432,1227.639480388915,103888.0,1193.8868408203125,1135.085791015625,30.429724400943865,71.9614587099651
2024-05-24,1219.2962646484375,1243.0346249226495,1205.341374166945,1221.6800548580577,248980.0,1196.501531982422,1139.8900720214845,30.24420788844382,69.3032904927751
2024-05-27,1202.6099853515625,1227.5897693534575,1192.876225769175,1219.69359304292,131674.0,1197.8572998046875,1143.061473388672,29.85825390877988,68.4504891174628
2024-05-28,1196.9981689453125,1236.5785919985124,1191.8829802395298,1203.255481844806,238345.0,1198.761145019531,1145.0022570800782,29.5266312959826,68.57901952955649
2024-05-29,1205.093017578125,1222.17662445668,1193.9687041211528,1196.4517935653964,176718.0,1200.8891540527345,1147.9779919433597,28.285807312515832,67.87626592489487
2024-05-30,1187.01611328125,1210.8041840983417,1181.9506348095592,1201.8153513609802,193866.0,1199.371984863281,1151.9688122558591,28.169416062961808,64.00233570740494
2024-05-31,1187.01611328125,1221.6800679124017,1155.2325667989762,1184.1357051323723,475807.0,1198.1577514648438,1155.363692626953,28.1515524014639,61.15011585475696
2024-06-03,1214.628173828125,1255.301134345954,1191.8830480783731,1202.8086426857583,564976.0,1197.226593017578,1159.18666015625,27.222341531260263,58.661195957853984
2024-06-04,1063.3087158203125,1214.727476657211,971.7322952830332,1214.4294573964896,439869.0,1188.3296936035156,1159.978272705078,38.725208001169925,57.04060184261798
2024-06-05,1097.0787353515625,1102.0945037786762,1036.6899455919308,1061.5705527839823,186373.0,1183.2443359375,1161.9190576171875,43.64532957151052,52.995087926197954
2024-06-06,1175.2960205078125,1183.9868341265797,1109.444435675767,1115.5031500639284,220495.0,1180.252215576172,1163.9363208007812,41.91752826702721,51.49541864473344
2024-06-07,1255.9964599609375,1277.3510310308488,1173.0612653405838,1175.2960460339466,829452.0,1184.0637634277343,1167.5169360351565,45.207649604235485,51.54892043239962
2024-06-10,1269.4547119140625,1300.2947334639844,1241.793117821588,1261.0619175040142,313883.0,1189.71279296875,1171.7520922851563,48.5164622610444,51.03846308185408
2024-06-11,1226.5965576171875,1280.0824048370096,1221.6800886849578,1272.136518081335,280347.0,1193.6335876464843,1175.1608764648438,48.150606292994645,48.80324744808089
2024-06-12,1248.1497802734375,1265.3823969882103,1213.7838461740128,1221.6800222099675,222017.0,1198.574932861328,1178.9530493164064,48.43409797178857,46.88550513014894
2024-06-13,1218.501708984375,1259.770583085686,1211.151739929781,1248.1497729042865,142466.0,1201.0431274414063,1182.0708178710938,48.11174931986632,44.09114163979192
2024-06-14,1211.9462890625,1240.303219987279,1208.3706643889354,1230.619170822213,299822.0,1202.083538818359,1184.1119165039063,48.111267700681424,43.03102223873958
2024-06-18,1157.1197509765625,1246.4612660841624,1149.1738642745777,1223.6665521056866,4369315.0,1200.2559814453125,1185.2958544921876,49.13105883109985,41.394496207412985
2024-06-19,1140.9796142578125,1181.9505906130985,1135.268508462833,1165.0655821757684,1515465.0,1195.7193786621094,1186.031843261719,50.24988607926146,40.23370587651598
2024-06-20,1147.7833251953125,1158.311600967253,1137.3047597137677,1150.8623320845672,618417.0,1192.2182250976562,1186.6277856445313,51.06282884769414,39.41764506072341
2024-06-21,1149.02490234375,1170.0815757247967,1137.2550814268145,1157.1197990063222,527597.0,1188.6947204589844,1186.6198413085938,51.51094751179703,39.42533589763709
2024-06-24,1165.4132080078125,1172.0182503625904,1142.4694851521776,1149.024817218844,544855.0,1186.0005676269532,1186.8542431640626,51.23453896865772,39.26007038780867
2024-06-25,1176.2891845703125,1204.79500300254,1152.2528059103925,1200.822059876398,1365039.0,1184.684527587891,1187.5505004882812,51.12337021431132,38.74419743424443
2024-06-26,1181.354736328125,1191.8830120187015,1159.404248439036,1188.7542948632306,477864.0,1183.9023559570312,1187.3965502929686,51.04466906361891,38.75340041088029
2024-06-27,1174.699951171875,1185.923564391344,1150.216785301357,1180.9573853109785,483482.0,1182.3827026367187,1187.6647241210935,50.8325733457575,38.61521263686245
2024-06-28,1175.699951171875,1188.0,1163.0,1174.050048828125,362402.0,1181.81689453125,1188.1872998046874,50.8412636198405,38.26438108531112
2024-07-01,1169.449951171875,1181.0,1145.0,1179.9000244140625,590427.0,1180.9385864257813,1188.53521484375,50.89841717767553,38.00736103901927
2024-07-02,1212.1500244140625,1223.300048828125,1162.0,1173.8499755859375,1384320.0,1180.814678955078,1189.3815502929688,50.81503458281006,38.053532860426174
2024-07-03,1245.3499755859375,1252.800048828125,1201.4000244140625,1220.0,1061244.0,1189.9167419433593,1190.3237548828124,44.580730543200055,38.85218096399472
2024-07-04,1228.25,1256.449951171875,1216.800048828125,1245.4000244140625,353152.0,1196.4753051757812,1191.03818359375,39.571146686341926,39.22023758672214
2024-07-05,1228.0,1237.0,1212.6500244140625,1224.9000244140625,173093.0,1199.1105041503906,1192.1657641601562,39.84046882212359,39.46031347518527
2024-07-08,1272.6500244140625,1284.699951171875,1229.949951171875,1237.949951171875,1494325.0,1199.943182373047,1194.2787158203123,41.24138071036449,40.88809909664795
2024-07-09,1303.5999755859375,1311.949951171875,1262.25,1284.949951171875,793543.0,1201.6504455566403,1196.8408227539062,44.821729494999154,43.610069998333415
2024-07-10,1345.5,1384.949951171875,1290.8499755859375,1316.0,1700753.0,1207.595617675781,1200.1723974609374,55.02833989463315,48.321530033275614
2024-07-11,1393.449951171875,1410.0,1356.050048828125,1389.9000244140625,1604466.0,1214.8606262207031,1204.7907397460938,68.58564827308629,55.19659944979978
2024-07-12,1357.699951171875,1402.949951171875,1346.0,1402.949951171875,414763.0,1221.820538330078,1207.597548828125,75.6713251569474,59.26693495469711
2024-07-15,1330.6500244140625,1375.449951171875,1326.0,1372.0,308066.0,1227.7557250976563,1209.9845336914063,79.41850075211032,61.76968782202176
2024-07-16,1327.199951171875,1341.25,1294.9000244140625,1326.0,443439.0,1236.259735107422,1211.863505859375,80.55466156823566,63.88459065229152
2024-07-18,1316.699951171875,1360.0,1304.0,1334.949951171875,496841.0,1245.045751953125,1213.3725708007812,79.18680831067721,65.46447070267429
2024-07-19,1336.300048828125,1427.8499755859375,1304.5999755859375,1344.9000244140625,1748709.0,1254.4715881347656,1216.1228540039062,78.2139107573031,67.68993533971533
2024-07-22,1316.0,1363.5999755859375,1307.0,1341.4000244140625,297332.0,1262.820343017578,1217.740085449219,75.22024106216676,69.10470026529958
2024-07-23,1281.0,1346.6500244140625,1250.0,1313.0,302432.0,1268.5996826171877,1219.764775390625,71.7003792460772,69.4515393729848
2024-07-24,1329.4000244140625,1337.199951171875,1285.0,1293.0,199929.0,1276.255224609375,1223.223293457031,69.46458785281453,70.53272699481167
2024-07-25,1320.300048828125,1344.199951171875,1312.5,1329.0,118015.0,1283.202490234375,1226.6656811523435,66.3522514657154,70.99416645244546
2024-07-26,1361.1500244140625,1369.699951171875,1320.300048828125,1320.300048828125,252602.0,1292.5249938964844,1230.9022241210937,63.33479954217584,72.58705204398488
2024-07-29,1355.8499755859375,1395.699951171875,1338.3499755859375,1384.0,175578.0,1301.5324951171874,1234.6364672851562,58.46902056980244,74.13101972023658
2024-07-30,1325.949951171875,1355.0999755859375,1290.0,1301.0,491933.0,1309.3574951171877,1237.332705078125,49.672454617362455,74.96360372346828
2024-07-31,1370.949951171875,1379.699951171875,1315.0,1329.9000244140625,644642.0,1317.2974914550782,1240.8782861328125,45.86201825613778,77.02056578272155
2024-08-01,1363.199951171875,1374.300048828125,1342.0999755859375,1370.949951171875,305543.0,1323.189990234375,1243.5080517578126,43.64891605516835,78.9224612559416
2024-08-02,1350.949951171875,1360.0,1325.050048828125,1336.0,205621.0,1329.3249877929688,1246.1709228515624,37.8387015520108,80.27219410649816
2024-08-05,1255.4000244140625,1345.0,1236.199951171875,1271.050048828125,301421.0,1330.6949890136718,1246.8890234375,34.30834512578808,80.18924300085772
2024-08-06,1204.75,1280.0,1190.800048828125,1253.5999755859375,290273.0,1327.2999877929688,1246.5980981445311,42.69018748133932,80.3176760276761
2024-08-07,1233.75,1239.9000244140625,1189.0,1229.0,272295.0,1323.8074890136718,1247.2208984375,47.33561512146927,80.09003232210668
2024-08-08,1244.75,1259.25,1222.949951171875,1232.75,359283.0,1318.769989013672,1248.1759350585935,50.181010316277415,79.76296882901596
2024-08-09,1240.949951171875,1260.8499755859375,1236.0,1253.550048828125,89980.0,1311.144989013672,1248.8930737304688,49.8210435208555,79.52855876405211
2024-08-12,1238.0999755859375,1244.25,1212.0,1222.0999755859375,96653.0,1305.164990234375,1249.9147509765626,51.10031050978424,79.04407615809393
2024-08-13,1252.699951171875,1269.9000244140625,1230.050048828125,1238.050048828125,348846.0,1301.2674865722656,1251.228427734375,52.018658398743234,78.52148597074508
2024-08-14,1230.449951171875,1249.449951171875,1206.0,1249.0,136957.0,1296.4299865722655,1251.54486328125,53.94318555347365,78.40277016700261
2024-08-16,1221.1500244140625,1239.0,1210.75,1222.0,162011.0,1291.652490234375,1254.701689453125,56.2359642830164,73.70590284117262
2024-08-19,1231.9000244140625,1265.6500244140625,1208.0,1226.1500244140625,240103.0,1286.4324890136718,1257.398115234375,56.716828620379125,70.20477776594886
2024-08-20,1217.5999755859375,1234.0,1200.0,1233.0,455131.0,1281.5124877929688,1258.2441943359374,58.26379361640871,69.44593782008273
2024-08-21,1239.5999755859375,1260.949951171875,1214.949951171875,1219.6500244140625,217622.0,1279.4424865722656,1257.9162646484374,59.013567226718585,69.49546357163842
2024-08-22,1251.949951171875,1259.9000244140625,1224.0,1239.5999755859375,279271.0,1275.5699829101563,1257.5661694335938,58.0968245544464,69.48024035549867
2024-08-23,1298.25,1317.3499755859375,1259.0,1260.9000244140625,770184.0,1274.46748046875,1258.99923828125,57.408450500452886,69.56733034136803
2024-08-26,1307.0999755859375,1327.0,1275.550048828125,1302.0,163398.0,1271.7649780273437,1260.1782421875,54.30121618887224,69.87854284692538
2024-08-27,,,,,,,,,
2024-08-28,1337.5999755859375,1354.0,1320.0,1330.050048828125,129786.0,,,,
2024-08-29,1329.5999755859375,1339.9000244140625,1315.0,1335.050048828125,108280.0,,,,
2024-08-30,1347.550048828125,1370.949951171875,1307.0,1324.949951171875,325720.0,,,,
2024-09-02,1385.0999755859375,1416.75,1357.550048828125,1360.0,620085.0,,,,
2024-09-03,1395.0999755859375,1399.5,1375.699951171875,1392.1500244140625,260823.0,,,,
2024-09-04,1400.050048828125,1425.1500244140625,1373.0,1395.0,590672.0,,,,
2024-09-05,1398.699951171875,1414.949951171875,1381.0,1414.0,225775.0,,,,
2024-09-06,1397.9000244140625,1449.0,1390.0999755859375,1408.0,484844.0,,,,
2024-09-09,1367.0999755859375,1404.449951171875,1362.449951171875,1398.9000244140625,104839.0,,,,
2024-09-10,1386.0999755859375,1404.550048828125,1372.1500244140625,1372.1500244140625,161652.0,,,,
2024-09-11,1355.75,1392.949951171875,1342.5999755859375,1386.199951171875,100647.0,,,,
2024-09-12,1373.6500244140625,1380.3499755859375,1340.0,1355.0,480705.0,,,,
2024-09-13,1380.800048828125,1397.0,1377.0,1386.550048828125,89543.0,,,,
2024-09-16,1394.3499755859375,1404.9000244140625,1365.550048828125,1391.0,72589.0,,,,
2024-09-17,1398.949951171875,1408.0,1371.3499755859375,1396.0999755859375,112454.0,,,,
2024-09-18,1378.300048828125,1408.5999755859375,1371.0,1408.5999755859375,49533.0,,,,
2024-09-19,1374.300048828125,1395.699951171875,1330.5999755859375,1384.0,191325.0,,,,
2024-09-20,1335.050048828125,1386.5,1328.4000244140625,1386.0,260926.0,,,,
2024-09-23,1326.449951171875,1355.550048828125,1322.0,1342.0,96083.0,,,,
2024-09-24,1306.300048828125,1341.0,1293.4000244140625,1329.050048828125,245413.0,1368.4350036621097,,28.83245525509916,
2024-09-25,1331.1500244140625,1337.0,1287.25,1311.0,254218.0,1368.1125061035157,,29.22885170896765,
2024-09-26,1321.050048828125,1348.4000244140625,1315.0,1322.0,154543.0,1367.685009765625,,29.87711189436876,
2024-09-27,1407.550048828125,1438.050048828125,1310.4000244140625,1333.1500244140625,398516.0,1370.685009765625,,30.748555101118573,
2024-09-30,1367.25,1407.449951171875,1355.9000244140625,1407.0,392677.0,1369.792510986328,,30.56664517375987,
2024-10-01,1349.199951171875,1426.949951171875,1342.0,1393.0,788761.0,1367.497509765625,,30.288369567057988,
2024-10-03,1313.800048828125,1342.300048828125,1310.0999755859375,1336.0,195787.0,1363.185009765625,,31.52452485246651,
2024-10-04,1347.9000244140625,1360.0,1269.550048828125,1314.9000244140625,195436.0,1360.6450134277345,,30.54367516789857,
2024-10-07,1305.699951171875,1359.699951171875,1279.25,1357.75,238849.0,1356.035009765625,,31.56562679969566,
2024-10-08,1323.550048828125,1337.949951171875,1278.5,1286.0999755859375,234388.0,1353.8575134277344,,32.25669781315219,
2024-10-09,1323.75,1364.300048828125,1320.0,1340.0,178568.0,1350.7400146484374,,31.98840789079616,
2024-10-10,1323.050048828125,1345.0,1313.0999755859375,1330.0,671292.0,1349.1050170898438,,32.54961917632032,
2024-10-11,1320.050048828125,1330.0999755859375,1308.5,1312.199951171875,73956.0,1346.4250183105469,,32.628823541987494,
2024-10-14,1300.0,1328.0,1295.050048828125,1320.050048828125,80601.0,1342.3850158691407,,33.1466991263382,
2024-10-15,1300.949951171875,1327.0,1296.5999755859375,1313.699951171875,149822.0,1337.7150146484375,,31.999752397511383,
2024-10-16,1288.9000244140625,1306.449951171875,1282.6500244140625,1302.0,144297.0,1332.2125183105468,,30.33439546656861,
2024-10-17,1299.25,1303.0,1266.6500244140625,1288.0,1238095.0,1328.2600158691407,,29.13973327488681,
2024-10-18,1294.6500244140625,1337.9000244140625,1279.0,1297.050048828125,315378.0,1324.2775146484375,,27.934225020655184,
2024-10-21,1277.1500244140625,1303.5,1270.0999755859375,1300.0,76839.0,1321.3825134277345,,29.703295780601845,
2024-10-22,1250.3499755859375,1282.9000244140625,1231.1500244140625,1273.3499755859375,92521.0,1317.5775146484375,,33.63410864076355,
2024-10-23,1230.050048828125,1247.300048828125,1210.1500244140625,1235.0,79873.0,1313.7650146484375,,38.89052443767645,
2024-10-24,1216.0999755859375,1241.949951171875,1210.0999755859375,1234.4000244140625,63402.0,1308.0125122070312,,44.31429645365962,
2024-10-25,1183.6500244140625,1222.449951171875,1171.050048828125,1216.0999755859375,114915.0,1301.142510986328,,52.14528954198646,
2024-10-28,1178.1500244140625,1199.0,1156.5,1166.0,90473.0,1289.672509765625,,52.73412072820011,
2024-10-29,1241.5999755859375,1264.8499755859375,1191.199951171875,1204.9000244140625,1134608.0,1283.3900085449218,,50.44025512800227,
2024-10-30,,,,,,,,,
2024-10-31,1274.1500244140625,1283.0,1250.0,1261.0,173632.0,,,,
2024-11-01,1293.6500244140625,1320.0,1272.449951171875,1310.0,62221.0,,,,
2024-11-04,1264.0999755859375,1289.050048828125,1259.699951171875,1289.050048828125,80980.0,,,,
2024-11-05,,,,,,,,,
2024-11-06,1276.3499755859375,1281.8499755859375,1222.0,1228.75,188540.0,,,,
2024-11-07,1270.5999755859375,1298.0,1260.449951171875,1282.0,181461.0,,,,
2024-11-08,1246.9000244140625,1270.4000244140625,1241.050048828125,1256.0,148180.0,,,,
2024-11-11,1250.0,1266.0,1221.9000244140625,1225.0,55447.0,,,,
2024-11-12,1241.6500244140625,1270.75,1235.050048828125,1262.5,64067.0,,,,
2024-11-13,1186.699951171875,1270.199951171875,1180.0,1257.9000244140625,201072.0,,,,
2024-11-14,1199.0,1210.0999755859375,1183.9000244140625,1208.050048828125,89785.0,,,,
2024-11-18,1196.8499755859375,1217.800048828125,1186.5,1199.8499755859375,89433.0,,,,
2024-11-19,1194.8499755859375,1215.0,1188.1500244140625,1190.0,78994.0,,,,
2024-11-21,1144.949951171875,1196.949951171875,1137.75,1194.8499755859375,127033.0,,,,
2024-11-22,1122.0999755859375,1150.0,1118.0,1145.0,172367.0,,,,
2024-11-25,1119.6500244140625,1142.300048828125,1114.5,1138.5,690804.0,,,,
2024-11-26,1134.25,1146.449951171875,1118.0,1121.25,169604.0,,,,
2024-11-27,1152.6500244140625,1162.75,1124.5999755859375,1139.949951171875,402107.0,,,,
2024-11-28,1143.25,1170.050048828125,1137.050048828125,1152.6500244140625,260628.0,,,,
2024-11-29,1140.050048828125,1150.949951171875,1131.0,1150.0,124275.0,,,,
2024-12-02,1132.800048828125,1154.9000244140625,1120.050048828125,1154.9000244140625,665164.0,,,,
2024-12-03,1149.6500244140625,1158.050048828125,1132.9000244140625,1142.0,784281.0,,,,
2024-12-04,1166.25,1179.9000244140625,1141.0,1150.050048828125,728022.0,,,,
2024-12-05,1249.1500244140625,1268.800048828125,1175.800048828125,1180.949951171875,2817718.0,1185.882501220703,,52.82378670021018,
2024-12-06,1271.25,1284.9000244140625,1230.0,1247.75,600353.0,1185.6275024414062,,52.37448245085165,
2024-12-09,1282.9000244140625,1299.0,1250.0,1260.0,532721.0,1186.2425048828125,,53.48521665226801,
2024-12-10,1284.4000244140625,1308.050048828125,1274.050048828125,1282.9000244140625,366627.0,1188.1175048828125,,56.306469232558776,
2024-12-11,1311.699951171875,1325.699951171875,1278.5,1294.800048828125,326697.0,1191.2025024414063,,61.34062992032984,
2024-12-12,1282.6500244140625,1308.699951171875,1280.0,1305.050048828125,196236.0,1193.2525024414062,,63.75299023046612,
2024-12-13,1303.9000244140625,1317.0,1262.0,1290.0,585046.0,1199.1125061035157,,68.34031592557602,
2024-12-16,1323.25,1339.0,1300.0,1303.9000244140625,387992.0,1205.3250061035155,,73.76198508988922,
2024-12-17,1339.4000244140625,1352.8499755859375,1312.75,1334.0,403155.0,1212.4525085449218,,79.5593247752811,
2024-12-18,1314.3499755859375,1334.0,1303.0,1330.0,166653.0,1218.427508544922,,82.59707817505836,
2024-12-19,1299.449951171875,1302.949951171875,1267.0,1286.0,205287.0,1226.1525085449218,,82.58821166352533,
2024-12-20,1275.949951171875,1318.0,1272.0,1311.0,220619.0,1233.8450073242188,,79.49339805007992,
2024-12-23,1272.050048828125,1294.199951171875,1241.199951171875,1270.0999755859375,173841.0,1241.4650085449218,,75.15690570918761,
2024-12-24,1259.800048828125,1277.050048828125,1251.050048828125,1272.050048828125,103092.0,1247.7425109863282,,70.85033296607733,
2024-12-26,1287.300048828125,1307.0,1250.0,1250.0,186590.0,1254.475012207031,,67.6645403094715,
2024-12-27,1314.75,1325.050048828125,1276.0,1285.0,179306.0,1263.0500122070312,,63.57042038208209,
2024-12-30,1275.699951171875,1326.699951171875,1268.8499755859375,1311.8499755859375,254699.0,1269.8325073242188,,56.61214011882996,
2024-12-31,1297.199951171875,1304.25,1264.699951171875,1270.0,175774.0,1278.0525024414062,,46.74312202407064,
2025-01-01,1313.6500244140625,1340.0,1290.5,1324.0,830975.0,1286.2525024414062,,36.236545148449935,
2025-01-02,1276.0999755859375,1312.0,1268.5,1312.0,201062.0,1291.7450012207032,,22.996314617961588,
2025-01-03,1281.8499755859375,1312.5,1275.800048828125,1290.0,371263.0,1293.3799987792968,,20.87291669652263,
2025-01-06,1237.75,1294.8499755859375,1226.0,1294.75,231712.0,1291.7049987792968,,23.871081155583205,
2025-01-07,1259.300048828125,1284.0,1226.1500244140625,1237.949951171875,272493.0,1290.525,,24.890758230584723,
2025-01-08,1245.4000244140625,1262.949951171875,1234.1500244140625,1261.199951171875,208005.0,1288.575,,26.84668474708512,
2025-01-09,1247.0,1260.0,1232.0999755859375,1243.550048828125,143760.0,1285.3400024414063,,27.794886154503345,
