Date_Ticker,Close_NETWEB.NS,High_NETWEB.NS,Low_NETWEB.NS,Open_NETWEB.NS,Volume_NETWEB.NS,MA_20_Unnamed: 6_level_1,MA_50_Unnamed: 7_level_1,Volatility_20_Unnamed: 8_level_1,Volatility_50_Unnamed: 9_level_1
Date,,,,,,,,,
2020-01-10,,,,,,,,,
2020-01-13,,,,,,,,,
2020-01-14,,,,,,,,,
2020-01-15,,,,,,,,,
2020-01-16,,,,,,,,,
2020-01-17,,,,,,,,,
2020-01-20,,,,,,,,,
2020-01-21,,,,,,,,,
2020-01-22,,,,,,,,,
2020-01-23,,,,,,,,,
2020-01-24,,,,,,,,,
2020-01-27,,,,,,,,,
2020-01-28,,,,,,,,,
2020-01-29,,,,,,,,,
2020-01-30,,,,,,,,,
2020-01-31,,,,,,,,,
2020-02-03,,,,,,,,,
2020-02-04,,,,,,,,,
2020-02-05,,,,,,,,,
2020-02-06,,,,,,,,,
2020-02-07,,,,,,,,,
2020-02-10,,,,,,,,,
2020-02-11,,,,,,,,,
2020-02-12,,,,,,,,,
2020-02-13,,,,,,,,,
2020-02-14,,,,,,,,,
2020-02-17,,,,,,,,,
2020-02-18,,,,,,,,,
2020-02-19,,,,,,,,,
2020-02-20,,,,,,,,,
2020-02-24,,,,,,,,,
2020-02-25,,,,,,,,,
2020-02-26,,,,,,,,,
2020-02-27,,,,,,,,,
2020-02-28,,,,,,,,,
2020-03-02,,,,,,,,,
2020-03-03,,,,,,,,,
2020-03-04,,,,,,,,,
2020-03-05,,,,,,,,,
2020-03-06,,,,,,,,,
2020-03-09,,,,,,,,,
2020-03-11,,,,,,,,,
2020-03-12,,,,,,,,,
2020-03-13,,,,,,,,,
2020-03-16,,,,,,,,,
2020-03-17,,,,,,,,,
2020-03-18,,,,,,,,,
2020-03-19,,,,,,,,,
2020-03-20,,,,,,,,,
2020-03-23,,,,,,,,,
2020-03-24,,,,,,,,,
2020-03-25,,,,,,,,,
2020-03-26,,,,,,,,,
2020-03-27,,,,,,,,,
2020-03-30,,,,,,,,,
2020-03-31,,,,,,,,,
2020-04-01,,,,,,,,,
2020-04-03,,,,,,,,,
2020-04-07,,,,,,,,,
2020-04-08,,,,,,,,,
2020-04-09,,,,,,,,,
2020-04-13,,,,,,,,,
2020-04-15,,,,,,,,,
2020-04-16,,,,,,,,,
2020-04-17,,,,,,,,,
2020-04-20,,,,,,,,,
2020-04-21,,,,,,,,,
2020-04-22,,,,,,,,,
2020-04-23,,,,,,,,,
2020-04-24,,,,,,,,,
2020-04-27,,,,,,,,,
2020-04-28,,,,,,,,,
2020-04-29,,,,,,,,,
2020-04-30,,,,,,,,,
2020-05-04,,,,,,,,,
2020-05-05,,,,,,,,,
2020-05-06,,,,,,,,,
2020-05-07,,,,,,,,,
2020-05-08,,,,,,,,,
2020-05-11,,,,,,,,,
2020-05-12,,,,,,,,,
2020-05-13,,,,,,,,,
2020-05-14,,,,,,,,,
2020-05-15,,,,,,,,,
2020-05-18,,,,,,,,,
2020-05-19,,,,,,,,,
2020-05-20,,,,,,,,,
2020-05-21,,,,,,,,,
2020-05-22,,,,,,,,,
2020-05-26,,,,,,,,,
2020-05-27,,,,,,,,,
2020-05-28,,,,,,,,,
2020-05-29,,,,,,,,,
2020-06-01,,,,,,,,,
2020-06-02,,,,,,,,,
2020-06-03,,,,,,,,,
2020-06-04,,,,,,,,,
2020-06-05,,,,,,,,,
2020-06-08,,,,,,,,,
2020-06-09,,,,,,,,,
2020-06-10,,,,,,,,,
2020-06-11,,,,,,,,,
2020-06-12,,,,,,,,,
2020-06-15,,,,,,,,,
2020-06-16,,,,,,,,,
2020-06-17,,,,,,,,,
2020-06-18,,,,,,,,,
2020-06-19,,,,,,,,,
2020-06-22,,,,,,,,,
2020-06-23,,,,,,,,,
2020-06-24,,,,,,,,,
2020-06-25,,,,,,,,,
2020-06-26,,,,,,,,,
2020-06-29,,,,,,,,,
2020-06-30,,,,,,,,,
2020-07-01,,,,,,,,,
2020-07-02,,,,,,,,,
2020-07-03,,,,,,,,,
2020-07-06,,,,,,,,,
2020-07-07,,,,,,,,,
2020-07-08,,,,,,,,,
2020-07-09,,,,,,,,,
2020-07-10,,,,,,,,,
2020-07-13,,,,,,,,,
2020-07-14,,,,,,,,,
2020-07-15,,,,,,,,,
2020-07-16,,,,,,,,,
2020-07-17,,,,,,,,,
2020-07-20,,,,,,,,,
2020-07-21,,,,,,,,,
2020-07-22,,,,,,,,,
2020-07-23,,,,,,,,,
2020-07-24,,,,,,,,,
2020-07-27,,,,,,,,,
2020-07-28,,,,,,,,,
2020-07-29,,,,,,,,,
2020-07-30,,,,,,,,,
2020-07-31,,,,,,,,,
2020-08-03,,,,,,,,,
2020-08-04,,,,,,,,,
2020-08-05,,,,,,,,,
2020-08-06,,,,,,,,,
2020-08-07,,,,,,,,,
2020-08-10,,,,,,,,,
2020-08-11,,,,,,,,,
2020-08-12,,,,,,,,,
2020-08-13,,,,,,,,,
2020-08-14,,,,,,,,,
2020-08-17,,,,,,,,,
2020-08-18,,,,,,,,,
2020-08-19,,,,,,,,,
2020-08-20,,,,,,,,,
2020-08-21,,,,,,,,,
2020-08-24,,,,,,,,,
2020-08-25,,,,,,,,,
2020-08-26,,,,,,,,,
2020-08-27,,,,,,,,,
2020-08-28,,,,,,,,,
2020-08-31,,,,,,,,,
2020-09-01,,,,,,,,,
2020-09-02,,,,,,,,,
2020-09-03,,,,,,,,,
2020-09-04,,,,,,,,,
2020-09-07,,,,,,,,,
2020-09-08,,,,,,,,,
2020-09-09,,,,,,,,,
2020-09-10,,,,,,,,,
2020-09-11,,,,,,,,,
2020-09-14,,,,,,,,,
2020-09-15,,,,,,,,,
2020-09-16,,,,,,,,,
2020-09-17,,,,,,,,,
2020-09-18,,,,,,,,,
2020-09-21,,,,,,,,,
2020-09-22,,,,,,,,,
2020-09-23,,,,,,,,,
2020-09-24,,,,,,,,,
2020-09-25,,,,,,,,,
2020-09-28,,,,,,,,,
2020-09-29,,,,,,,,,
2020-09-30,,,,,,,,,
2020-10-01,,,,,,,,,
2020-10-05,,,,,,,,,
2020-10-06,,,,,,,,,
2020-10-07,,,,,,,,,
2020-10-08,,,,,,,,,
2020-10-09,,,,,,,,,
2020-10-12,,,,,,,,,
2020-10-13,,,,,,,,,
2020-10-14,,,,,,,,,
2020-10-15,,,,,,,,,
2020-10-16,,,,,,,,,
2020-10-19,,,,,,,,,
2020-10-20,,,,,,,,,
2020-10-21,,,,,,,,,
2020-10-22,,,,,,,,,
2020-10-23,,,,,,,,,
2020-10-26,,,,,,,,,
2020-10-27,,,,,,,,,
2020-10-28,,,,,,,,,
2020-10-29,,,,,,,,,
2020-10-30,,,,,,,,,
2020-11-02,,,,,,,,,
2020-11-03,,,,,,,,,
2020-11-04,,,,,,,,,
2020-11-05,,,,,,,,,
2020-11-06,,,,,,,,,
2020-11-09,,,,,,,,,
2020-11-10,,,,,,,,,
2020-11-11,,,,,,,,,
2020-11-12,,,,,,,,,
2020-11-13,,,,,,,,,
2020-11-14,,,,,,,,,
2020-11-17,,,,,,,,,
2020-11-18,,,,,,,,,
2020-11-19,,,,,,,,,
2020-11-20,,,,,,,,,
2020-11-23,,,,,,,,,
2020-11-24,,,,,,,,,
2020-11-25,,,,,,,,,
2020-11-26,,,,,,,,,
2020-11-27,,,,,,,,,
2020-12-01,,,,,,,,,
2020-12-02,,,,,,,,,
2020-12-03,,,,,,,,,
2020-12-04,,,,,,,,,
2020-12-07,,,,,,,,,
2020-12-08,,,,,,,,,
2020-12-09,,,,,,,,,
2020-12-10,,,,,,,,,
2020-12-11,,,,,,,,,
2020-12-14,,,,,,,,,
2020-12-15,,,,,,,,,
2020-12-16,,,,,,,,,
2020-12-17,,,,,,,,,
2020-12-18,,,,,,,,,
2020-12-21,,,,,,,,,
2020-12-22,,,,,,,,,
2020-12-23,,,,,,,,,
2020-12-24,,,,,,,,,
2020-12-28,,,,,,,,,
2020-12-29,,,,,,,,,
2020-12-30,,,,,,,,,
2020-12-31,,,,,,,,,
2021-01-01,,,,,,,,,
2021-01-04,,,,,,,,,
2021-01-05,,,,,,,,,
2021-01-06,,,,,,,,,
2021-01-07,,,,,,,,,
2021-01-08,,,,,,,,,
2021-01-11,,,,,,,,,
2021-01-12,,,,,,,,,
2021-01-13,,,,,,,,,
2021-01-14,,,,,,,,,
2021-01-15,,,,,,,,,
2021-01-18,,,,,,,,,
2021-01-19,,,,,,,,,
2021-01-20,,,,,,,,,
2021-01-21,,,,,,,,,
2021-01-22,,,,,,,,,
2021-01-25,,,,,,,,,
2021-01-27,,,,,,,,,
2021-01-28,,,,,,,,,
2021-01-29,,,,,,,,,
2021-02-01,,,,,,,,,
2021-02-02,,,,,,,,,
2021-02-03,,,,,,,,,
2021-02-04,,,,,,,,,
2021-02-05,,,,,,,,,
2021-02-08,,,,,,,,,
2021-02-09,,,,,,,,,
2021-02-10,,,,,,,,,
2021-02-11,,,,,,,,,
2021-02-12,,,,,,,,,
2021-02-15,,,,,,,,,
2021-02-16,,,,,,,,,
2021-02-17,,,,,,,,,
2021-02-18,,,,,,,,,
2021-02-19,,,,,,,,,
2021-02-22,,,,,,,,,
2021-02-23,,,,,,,,,
2021-02-24,,,,,,,,,
2021-02-25,,,,,,,,,
2021-02-26,,,,,,,,,
2021-03-01,,,,,,,,,
2021-03-02,,,,,,,,,
2021-03-03,,,,,,,,,
2021-03-04,,,,,,,,,
2021-03-05,,,,,,,,,
2021-03-08,,,,,,,,,
2021-03-09,,,,,,,,,
2021-03-10,,,,,,,,,
2021-03-12,,,,,,,,,
2021-03-15,,,,,,,,,
2021-03-16,,,,,,,,,
2021-03-17,,,,,,,,,
2021-03-18,,,,,,,,,
2021-03-19,,,,,,,,,
2021-03-22,,,,,,,,,
2021-03-23,,,,,,,,,
2021-03-24,,,,,,,,,
2021-03-25,,,,,,,,,
2021-03-26,,,,,,,,,
2021-03-30,,,,,,,,,
2021-03-31,,,,,,,,,
2021-04-01,,,,,,,,,
2021-04-05,,,,,,,,,
2021-04-06,,,,,,,,,
2021-04-07,,,,,,,,,
2021-04-08,,,,,,,,,
2021-04-09,,,,,,,,,
2021-04-12,,,,,,,,,
2021-04-13,,,,,,,,,
2021-04-15,,,,,,,,,
2021-04-16,,,,,,,,,
2021-04-19,,,,,,,,,
2021-04-20,,,,,,,,,
2021-04-22,,,,,,,,,
2021-04-23,,,,,,,,,
2021-04-26,,,,,,,,,
2021-04-27,,,,,,,,,
2021-04-28,,,,,,,,,
2021-04-29,,,,,,,,,
2021-04-30,,,,,,,,,
2021-05-03,,,,,,,,,
2021-05-04,,,,,,,,,
2021-05-05,,,,,,,,,
2021-05-06,,,,,,,,,
2021-05-07,,,,,,,,,
2021-05-10,,,,,,,,,
2021-05-11,,,,,,,,,
2021-05-12,,,,,,,,,
2021-05-14,,,,,,,,,
2021-05-17,,,,,,,,,
2021-05-18,,,,,,,,,
2021-05-19,,,,,,,,,
2021-05-20,,,,,,,,,
2021-05-21,,,,,,,,,
2021-05-24,,,,,,,,,
2021-05-25,,,,,,,,,
2021-05-26,,,,,,,,,
2021-05-27,,,,,,,,,
2021-05-28,,,,,,,,,
2021-05-31,,,,,,,,,
2021-06-01,,,,,,,,,
2021-06-02,,,,,,,,,
2021-06-03,,,,,,,,,
2021-06-04,,,,,,,,,
2021-06-07,,,,,,,,,
2021-06-08,,,,,,,,,
2021-06-09,,,,,,,,,
2021-06-10,,,,,,,,,
2021-06-11,,,,,,,,,
2021-06-14,,,,,,,,,
2021-06-15,,,,,,,,,
2021-06-16,,,,,,,,,
2021-06-17,,,,,,,,,
2021-06-18,,,,,,,,,
2021-06-21,,,,,,,,,
2021-06-22,,,,,,,,,
2021-06-23,,,,,,,,,
2021-06-24,,,,,,,,,
2021-06-25,,,,,,,,,
2021-06-28,,,,,,,,,
2021-06-29,,,,,,,,,
2021-06-30,,,,,,,,,
2021-07-01,,,,,,,,,
2021-07-02,,,,,,,,,
2021-07-05,,,,,,,,,
2021-07-06,,,,,,,,,
2021-07-07,,,,,,,,,
2021-07-08,,,,,,,,,
2021-07-09,,,,,,,,,
2021-07-12,,,,,,,,,
2021-07-13,,,,,,,,,
2021-07-14,,,,,,,,,
2021-07-15,,,,,,,,,
2021-07-16,,,,,,,,,
2021-07-19,,,,,,,,,
2021-07-20,,,,,,,,,
2021-07-22,,,,,,,,,
2021-07-23,,,,,,,,,
2021-07-26,,,,,,,,,
2021-07-27,,,,,,,,,
2021-07-28,,,,,,,,,
2021-07-29,,,,,,,,,
2021-07-30,,,,,,,,,
2021-08-02,,,,,,,,,
2021-08-03,,,,,,,,,
2021-08-04,,,,,,,,,
2021-08-05,,,,,,,,,
2021-08-06,,,,,,,,,
2021-08-09,,,,,,,,,
2021-08-10,,,,,,,,,
2021-08-11,,,,,,,,,
2021-08-12,,,,,,,,,
2021-08-13,,,,,,,,,
2021-08-16,,,,,,,,,
2021-08-17,,,,,,,,,
2021-08-18,,,,,,,,,
2021-08-20,,,,,,,,,
2021-08-23,,,,,,,,,
2021-08-24,,,,,,,,,
2021-08-25,,,,,,,,,
2021-08-26,,,,,,,,,
2021-08-27,,,,,,,,,
2021-08-30,,,,,,,,,
2021-08-31,,,,,,,,,
2021-09-01,,,,,,,,,
2021-09-02,,,,,,,,,
2021-09-03,,,,,,,,,
2021-09-06,,,,,,,,,
2021-09-07,,,,,,,,,
2021-09-08,,,,,,,,,
2021-09-09,,,,,,,,,
2021-09-13,,,,,,,,,
2021-09-14,,,,,,,,,
2021-09-15,,,,,,,,,
2021-09-16,,,,,,,,,
2021-09-17,,,,,,,,,
2021-09-20,,,,,,,,,
2021-09-21,,,,,,,,,
2021-09-22,,,,,,,,,
2021-09-23,,,,,,,,,
2021-09-24,,,,,,,,,
2021-09-27,,,,,,,,,
2021-09-28,,,,,,,,,
2021-09-29,,,,,,,,,
2021-09-30,,,,,,,,,
2021-10-01,,,,,,,,,
2021-10-04,,,,,,,,,
2021-10-05,,,,,,,,,
2021-10-06,,,,,,,,,
2021-10-07,,,,,,,,,
2021-10-08,,,,,,,,,
2021-10-11,,,,,,,,,
2021-10-12,,,,,,,,,
2021-10-13,,,,,,,,,
2021-10-14,,,,,,,,,
2021-10-18,,,,,,,,,
2021-10-19,,,,,,,,,
2021-10-20,,,,,,,,,
2021-10-21,,,,,,,,,
2021-10-22,,,,,,,,,
2021-10-25,,,,,,,,,
2021-10-26,,,,,,,,,
2021-10-27,,,,,,,,,
2021-10-28,,,,,,,,,
2021-10-29,,,,,,,,,
2021-11-01,,,,,,,,,
2021-11-02,,,,,,,,,
2021-11-03,,,,,,,,,
2021-11-04,,,,,,,,,
2021-11-08,,,,,,,,,
2021-11-09,,,,,,,,,
2021-11-10,,,,,,,,,
2021-11-11,,,,,,,,,
2021-11-12,,,,,,,,,
2021-11-15,,,,,,,,,
2021-11-16,,,,,,,,,
2021-11-17,,,,,,,,,
2021-11-18,,,,,,,,,
2021-11-22,,,,,,,,,
2021-11-23,,,,,,,,,
2021-11-24,,,,,,,,,
2021-11-25,,,,,,,,,
2021-11-26,,,,,,,,,
2021-11-29,,,,,,,,,
2021-11-30,,,,,,,,,
2021-12-01,,,,,,,,,
2021-12-02,,,,,,,,,
2021-12-03,,,,,,,,,
2021-12-06,,,,,,,,,
2021-12-07,,,,,,,,,
2021-12-08,,,,,,,,,
2021-12-09,,,,,,,,,
2021-12-10,,,,,,,,,
2021-12-13,,,,,,,,,
2021-12-14,,,,,,,,,
2021-12-15,,,,,,,,,
2021-12-16,,,,,,,,,
2021-12-17,,,,,,,,,
2021-12-20,,,,,,,,,
2021-12-21,,,,,,,,,
2021-12-22,,,,,,,,,
2021-12-23,,,,,,,,,
2021-12-24,,,,,,,,,
2021-12-27,,,,,,,,,
2021-12-28,,,,,,,,,
2021-12-29,,,,,,,,,
2021-12-30,,,,,,,,,
2021-12-31,,,,,,,,,
2022-01-03,,,,,,,,,
2022-01-04,,,,,,,,,
2022-01-05,,,,,,,,,
2022-01-06,,,,,,,,,
2022-01-07,,,,,,,,,
2022-01-10,,,,,,,,,
2022-01-11,,,,,,,,,
2022-01-12,,,,,,,,,
2022-01-13,,,,,,,,,
2022-01-14,,,,,,,,,
2022-01-17,,,,,,,,,
2022-01-18,,,,,,,,,
2022-01-19,,,,,,,,,
2022-01-20,,,,,,,,,
2022-01-21,,,,,,,,,
2022-01-24,,,,,,,,,
2022-01-25,,,,,,,,,
2022-01-27,,,,,,,,,
2022-01-28,,,,,,,,,
2022-01-31,,,,,,,,,
2022-02-01,,,,,,,,,
2022-02-02,,,,,,,,,
2022-02-03,,,,,,,,,
2022-02-04,,,,,,,,,
2022-02-07,,,,,,,,,
2022-02-08,,,,,,,,,
2022-02-09,,,,,,,,,
2022-02-10,,,,,,,,,
2022-02-11,,,,,,,,,
2022-02-14,,,,,,,,,
2022-02-15,,,,,,,,,
2022-02-16,,,,,,,,,
2022-02-17,,,,,,,,,
2022-02-18,,,,,,,,,
2022-02-21,,,,,,,,,
2022-02-22,,,,,,,,,
2022-02-23,,,,,,,,,
2022-02-24,,,,,,,,,
2022-02-25,,,,,,,,,
2022-02-28,,,,,,,,,
2022-03-02,,,,,,,,,
2022-03-03,,,,,,,,,
2022-03-04,,,,,,,,,
2022-03-07,,,,,,,,,
2022-03-08,,,,,,,,,
2022-03-09,,,,,,,,,
2022-03-10,,,,,,,,,
2022-03-11,,,,,,,,,
2022-03-14,,,,,,,,,
2022-03-15,,,,,,,,,
2022-03-16,,,,,,,,,
2022-03-17,,,,,,,,,
2022-03-21,,,,,,,,,
2022-03-22,,,,,,,,,
2022-03-23,,,,,,,,,
2022-03-24,,,,,,,,,
2022-03-25,,,,,,,,,
2022-03-28,,,,,,,,,
2022-03-29,,,,,,,,,
2022-03-30,,,,,,,,,
2022-03-31,,,,,,,,,
2022-04-01,,,,,,,,,
2022-04-04,,,,,,,,,
2022-04-05,,,,,,,,,
2022-04-06,,,,,,,,,
2022-04-07,,,,,,,,,
2022-04-08,,,,,,,,,
2022-04-11,,,,,,,,,
2022-04-12,,,,,,,,,
2022-04-13,,,,,,,,,
2022-04-18,,,,,,,,,
2022-04-19,,,,,,,,,
2022-04-20,,,,,,,,,
2022-04-21,,,,,,,,,
2022-04-22,,,,,,,,,
2022-04-25,,,,,,,,,
2022-04-26,,,,,,,,,
2022-04-27,,,,,,,,,
2022-04-28,,,,,,,,,
2022-04-29,,,,,,,,,
2022-05-02,,,,,,,,,
2022-05-04,,,,,,,,,
2022-05-05,,,,,,,,,
2022-05-06,,,,,,,,,
2022-05-09,,,,,,,,,
2022-05-10,,,,,,,,,
2022-05-11,,,,,,,,,
2022-05-12,,,,,,,,,
2022-05-13,,,,,,,,,
2022-05-16,,,,,,,,,
2022-05-17,,,,,,,,,
2022-05-18,,,,,,,,,
2022-05-19,,,,,,,,,
2022-05-20,,,,,,,,,
2022-05-23,,,,,,,,,
2022-05-24,,,,,,,,,
2022-05-25,,,,,,,,,
2022-05-26,,,,,,,,,
2022-05-27,,,,,,,,,
2022-05-30,,,,,,,,,
2022-05-31,,,,,,,,,
2022-06-01,,,,,,,,,
2022-06-02,,,,,,,,,
2022-06-03,,,,,,,,,
2022-06-06,,,,,,,,,
2022-06-07,,,,,,,,,
2022-06-08,,,,,,,,,
2022-06-09,,,,,,,,,
2022-06-10,,,,,,,,,
2022-06-13,,,,,,,,,
2022-06-14,,,,,,,,,
2022-06-15,,,,,,,,,
2022-06-16,,,,,,,,,
2022-06-17,,,,,,,,,
2022-06-20,,,,,,,,,
2022-06-21,,,,,,,,,
2022-06-22,,,,,,,,,
2022-06-23,,,,,,,,,
2022-06-24,,,,,,,,,
2022-06-27,,,,,,,,,
2022-06-28,,,,,,,,,
2022-06-29,,,,,,,,,
2022-06-30,,,,,,,,,
2022-07-01,,,,,,,,,
2022-07-04,,,,,,,,,
2022-07-05,,,,,,,,,
2022-07-06,,,,,,,,,
2022-07-07,,,,,,,,,
2022-07-08,,,,,,,,,
2022-07-11,,,,,,,,,
2022-07-12,,,,,,,,,
2022-07-13,,,,,,,,,
2022-07-14,,,,,,,,,
2022-07-15,,,,,,,,,
2022-07-18,,,,,,,,,
2022-07-19,,,,,,,,,
2022-07-20,,,,,,,,,
2022-07-21,,,,,,,,,
2022-07-22,,,,,,,,,
2022-07-25,,,,,,,,,
2022-07-26,,,,,,,,,
2022-07-27,,,,,,,,,
2022-07-28,,,,,,,,,
2022-07-29,,,,,,,,,
2022-08-01,,,,,,,,,
2022-08-02,,,,,,,,,
2022-08-03,,,,,,,,,
2022-08-04,,,,,,,,,
2022-08-05,,,,,,,,,
2022-08-08,,,,,,,,,
2022-08-10,,,,,,,,,
2022-08-11,,,,,,,,,
2022-08-12,,,,,,,,,
2022-08-16,,,,,,,,,
2022-08-17,,,,,,,,,
2022-08-18,,,,,,,,,
2022-08-19,,,,,,,,,
2022-08-22,,,,,,,,,
2022-08-23,,,,,,,,,
2022-08-24,,,,,,,,,
2022-08-25,,,,,,,,,
2022-08-26,,,,,,,,,
2022-08-29,,,,,,,,,
2022-08-30,,,,,,,,,
2022-09-01,,,,,,,,,
2022-09-02,,,,,,,,,
2022-09-05,,,,,,,,,
2022-09-06,,,,,,,,,
2022-09-07,,,,,,,,,
2022-09-08,,,,,,,,,
2022-09-09,,,,,,,,,
2022-09-12,,,,,,,,,
2022-09-13,,,,,,,,,
2022-09-14,,,,,,,,,
2022-09-15,,,,,,,,,
2022-09-16,,,,,,,,,
2022-09-19,,,,,,,,,
2022-09-20,,,,,,,,,
2022-09-21,,,,,,,,,
2022-09-22,,,,,,,,,
2022-09-23,,,,,,,,,
2022-09-26,,,,,,,,,
2022-09-27,,,,,,,,,
2022-09-28,,,,,,,,,
2022-09-29,,,,,,,,,
2022-09-30,,,,,,,,,
2022-10-03,,,,,,,,,
2022-10-04,,,,,,,,,
2022-10-06,,,,,,,,,
2022-10-07,,,,,,,,,
2022-10-10,,,,,,,,,
2022-10-11,,,,,,,,,
2022-10-12,,,,,,,,,
2022-10-13,,,,,,,,,
2022-10-14,,,,,,,,,
2022-10-17,,,,,,,,,
2022-10-18,,,,,,,,,
2022-10-19,,,,,,,,,
2022-10-20,,,,,,,,,
2022-10-21,,,,,,,,,
2022-10-24,,,,,,,,,
2022-10-25,,,,,,,,,
2022-10-27,,,,,,,,,
2022-10-28,,,,,,,,,
2022-10-31,,,,,,,,,
2022-11-01,,,,,,,,,
2022-11-02,,,,,,,,,
2022-11-03,,,,,,,,,
2022-11-04,,,,,,,,,
2022-11-07,,,,,,,,,
2022-11-09,,,,,,,,,
2022-11-10,,,,,,,,,
2022-11-11,,,,,,,,,
2022-11-14,,,,,,,,,
2022-11-15,,,,,,,,,
2022-11-16,,,,,,,,,
2022-11-17,,,,,,,,,
2022-11-18,,,,,,,,,
2022-11-21,,,,,,,,,
2022-11-22,,,,,,,,,
2022-11-23,,,,,,,,,
2022-11-24,,,,,,,,,
2022-11-25,,,,,,,,,
2022-11-28,,,,,,,,,
2022-11-29,,,,,,,,,
2022-11-30,,,,,,,,,
2022-12-01,,,,,,,,,
2022-12-02,,,,,,,,,
2022-12-05,,,,,,,,,
2022-12-06,,,,,,,,,
2022-12-07,,,,,,,,,
2022-12-08,,,,,,,,,
2022-12-09,,,,,,,,,
2022-12-12,,,,,,,,,
2022-12-13,,,,,,,,,
2022-12-14,,,,,,,,,
2022-12-15,,,,,,,,,
2022-12-16,,,,,,,,,
2022-12-19,,,,,,,,,
2022-12-20,,,,,,,,,
2022-12-21,,,,,,,,,
2022-12-22,,,,,,,,,
2022-12-23,,,,,,,,,
2022-12-26,,,,,,,,,
2022-12-27,,,,,,,,,
2022-12-28,,,,,,,,,
2022-12-29,,,,,,,,,
2022-12-30,,,,,,,,,
2023-01-02,,,,,,,,,
2023-01-03,,,,,,,,,
2023-01-04,,,,,,,,,
2023-01-05,,,,,,,,,
2023-01-06,,,,,,,,,
2023-01-09,,,,,,,,,
2023-01-10,,,,,,,,,
2023-01-11,,,,,,,,,
2023-01-12,,,,,,,,,
2023-01-13,,,,,,,,,
2023-01-16,,,,,,,,,
2023-01-17,,,,,,,,,
2023-01-18,,,,,,,,,
2023-01-19,,,,,,,,,
2023-01-20,,,,,,,,,
2023-01-23,,,,,,,,,
2023-01-24,,,,,,,,,
2023-01-25,,,,,,,,,
2023-01-27,,,,,,,,,
2023-01-30,,,,,,,,,
2023-01-31,,,,,,,,,
2023-02-01,,,,,,,,,
2023-02-02,,,,,,,,,
2023-02-03,,,,,,,,,
2023-02-06,,,,,,,,,
2023-02-07,,,,,,,,,
2023-02-08,,,,,,,,,
2023-02-09,,,,,,,,,
2023-02-10,,,,,,,,,
2023-02-13,,,,,,,,,
2023-02-14,,,,,,,,,
2023-02-15,,,,,,,,,
2023-02-16,,,,,,,,,
2023-02-17,,,,,,,,,
2023-02-20,,,,,,,,,
2023-02-21,,,,,,,,,
2023-02-22,,,,,,,,,
2023-02-23,,,,,,,,,
2023-02-24,,,,,,,,,
2023-02-27,,,,,,,,,
2023-02-28,,,,,,,,,
2023-03-01,,,,,,,,,
2023-03-02,,,,,,,,,
2023-03-03,,,,,,,,,
2023-03-06,,,,,,,,,
2023-03-08,,,,,,,,,
2023-03-09,,,,,,,,,
2023-03-10,,,,,,,,,
2023-03-13,,,,,,,,,
2023-03-14,,,,,,,,,
2023-03-15,,,,,,,,,
2023-03-16,,,,,,,,,
2023-03-17,,,,,,,,,
2023-03-20,,,,,,,,,
2023-03-21,,,,,,,,,
2023-03-22,,,,,,,,,
2023-03-23,,,,,,,,,
2023-03-24,,,,,,,,,
2023-03-27,,,,,,,,,
2023-03-28,,,,,,,,,
2023-03-29,,,,,,,,,
2023-03-31,,,,,,,,,
2023-04-03,,,,,,,,,
2023-04-05,,,,,,,,,
2023-04-06,,,,,,,,,
2023-04-10,,,,,,,,,
2023-04-11,,,,,,,,,
2023-04-12,,,,,,,,,
2023-04-13,,,,,,,,,
2023-04-17,,,,,,,,,
2023-04-18,,,,,,,,,
2023-04-19,,,,,,,,,
2023-04-20,,,,,,,,,
2023-04-21,,,,,,,,,
2023-04-24,,,,,,,,,
2023-04-25,,,,,,,,,
2023-04-26,,,,,,,,,
2023-04-27,,,,,,,,,
2023-04-28,,,,,,,,,
2023-05-02,,,,,,,,,
2023-05-03,,,,,,,,,
2023-05-04,,,,,,,,,
2023-05-05,,,,,,,,,
2023-05-08,,,,,,,,,
2023-05-09,,,,,,,,,
2023-05-10,,,,,,,,,
2023-05-11,,,,,,,,,
2023-05-12,,,,,,,,,
2023-05-15,,,,,,,,,
2023-05-16,,,,,,,,,
2023-05-17,,,,,,,,,
2023-05-18,,,,,,,,,
2023-05-19,,,,,,,,,
2023-05-22,,,,,,,,,
2023-05-23,,,,,,,,,
2023-05-24,,,,,,,,,
2023-05-25,,,,,,,,,
2023-05-26,,,,,,,,,
2023-05-29,,,,,,,,,
2023-05-30,,,,,,,,,
2023-05-31,,,,,,,,,
2023-06-01,,,,,,,,,
2023-06-02,,,,,,,,,
2023-06-05,,,,,,,,,
2023-06-06,,,,,,,,,
2023-06-07,,,,,,,,,
2023-06-08,,,,,,,,,
2023-06-09,,,,,,,,,
2023-06-12,,,,,,,,,
2023-06-13,,,,,,,,,
2023-06-14,,,,,,,,,
2023-06-15,,,,,,,,,
2023-06-16,,,,,,,,,
2023-06-19,,,,,,,,,
2023-06-20,,,,,,,,,
2023-06-21,,,,,,,,,
2023-06-22,,,,,,,,,
2023-06-23,,,,,,,,,
2023-06-26,,,,,,,,,
2023-06-27,,,,,,,,,
2023-06-28,,,,,,,,,
2023-06-30,,,,,,,,,
2023-07-03,,,,,,,,,
2023-07-04,,,,,,,,,
2023-07-05,,,,,,,,,
2023-07-06,,,,,,,,,
2023-07-07,,,,,,,,,
2023-07-10,,,,,,,,,
2023-07-11,,,,,,,,,
2023-07-12,,,,,,,,,
2023-07-13,,,,,,,,,
2023-07-14,,,,,,,,,
2023-07-17,,,,,,,,,
2023-07-18,,,,,,,,,
2023-07-19,,,,,,,,,
2023-07-20,,,,,,,,,
2023-07-21,,,,,,,,,
2023-07-24,,,,,,,,,
2023-07-25,,,,,,,,,
2023-07-26,,,,,,,,,
2023-07-27,909.5968627929688,951.1601385734,875.2771300277158,946.1645496103042,17045692.0,,,,
2023-07-28,897.6574096679688,933.4258151126292,884.4190986695826,915.991197110945,1687691.0,,,,
2023-07-31,874.777587890625,899.2060305844311,856.2439646787304,899.2060305844311,752821.0,,,,
2023-08-01,880.3726806640625,898.1569654451972,871.3806203945921,878.2245529849422,432785.0,,,,
2023-08-02,855.894287109375,887.2166057229479,849.1002372895108,880.6224526405044,389813.0,,,,
2023-08-03,889.5145874023438,910.7458411836202,844.25456212605,844.9040131048258,670122.0,,,,
2023-08-04,892.0123291015625,904.2015780404691,884.2192227246578,898.0070356963059,491660.0,,,,
2023-08-07,887.1666259765625,899.1060953885172,879.2236275991495,893.0114404720562,225091.0,,,,
2023-08-08,857.8925170898438,888.2157177056042,853.6962101642638,885.3182517142653,168235.0,,,,
2023-08-09,851.2982788085938,866.1352141960671,849.0502638390956,860.2403949946371,181125.0,,,,
2023-08-10,860.0405883789062,869.1825406237341,839.2589503753967,849.3000720496973,197721.0,,,,
2023-08-11,870.2315673828125,882.0211447331836,855.9441956369683,864.2368608336772,254524.0,,,,
2023-08-14,848.4508666992188,878.2245656006813,810.2845536998323,810.2845536998323,352837.0,,,,
2023-08-16,825.4212036132812,855.4946253195822,822.5736812643064,848.4508569511694,175004.0,,,,
2023-08-17,822.3738403320312,835.8119869962139,810.2845392924489,829.2677775742695,137513.0,,,,
2023-08-18,814.380859375,832.2151479270415,809.3353268981836,824.2721495622706,302005.0,,,,
2023-08-21,795.5974731445312,823.1731603617308,782.0094957781265,815.72972073135,306496.0,,,,
2023-08-22,791.8008422851562,811.2836390353904,788.3039300479347,799.1943382649486,102884.0,,,,
2023-08-23,806.13818359375,827.968944411948,791.3512521472078,794.2487181994713,426957.0,,,,
2023-08-24,886.717041015625,886.717041015625,809.3353557752388,809.3852994686114,575497.0,855.8667816162109,,35.72182649201225,
2023-08-25,864.4866943359375,919.8877896884296,850.299209086141,899.206038604269,471683.0,853.6112731933594,,33.50613751924043,
2023-08-28,862.9879760742188,891.2130531498734,852.3473474036164,867.2342266077243,142393.0,851.8778015136719,,31.969002844858803,
2023-08-29,846.5025634765625,875.2272004785704,842.2563127893092,875.2272004785704,67557.0,850.4640502929688,,31.5251318562808,
2023-08-30,836.4114990234375,859.0414808308641,831.266017909478,855.2448453491744,192994.0,848.2659912109375,,30.85548964592679,
2023-08-31,845.4534912109375,874.1281841537385,834.4631954544244,856.194007518439,509353.0,847.7439514160156,,30.807921342522704,
2023-09-01,845.0538330078125,854.1957853781302,843.355320531523,849.2501400135536,83479.0,845.5209136962891,,29.19719264061957,
2023-09-04,839.3588256835938,850.7487928101586,824.1222794823548,845.2536449998757,281958.0,842.8882385253906,,27.081694298000546,
2023-09-05,844.454345703125,857.7425997582135,840.4578746500873,841.2571566644331,101280.0,840.7526245117188,,25.01116098976717,
2023-09-06,846.0529174804688,865.3858829653866,842.2562821415729,848.2509887760325,123145.0,840.16064453125,,24.722580440480307,
2023-09-07,841.6568603515625,852.2474846546289,838.4097274967822,848.750572349481,58831.0,839.6785736083984,,24.587606640740866,
2023-09-08,838.1099243164062,849.0003324973635,836.7111960149346,841.806672294063,62780.0,838.5820404052735,,24.116230524877967,
2023-09-11,844.5542602539062,854.195771372024,831.3658931583867,842.2063578272446,120552.0,837.2981750488282,,23.00030613846703,
2023-09-12,835.0126953125,848.3508934535347,824.1222869787179,848.2510060667813,179673.0,836.6262664794922,,22.85316888180581,
2023-09-13,820.0259399414062,839.2090140284696,806.1381780341871,833.2642508816726,200708.0,836.3565032958984,,23.023604814804287,
2023-09-14,815.47998046875,836.4115110861209,811.283673410022,824.4720408883193,60957.0,836.0118103027344,,23.293978520885386,
2023-09-15,815.8296508789062,823.2730908994417,810.3844465158937,821.724470461124,64170.0,836.0842498779297,,23.22532175566324,
2023-09-18,807.6368408203125,819.7262026631042,805.2889384073067,815.8296188911899,46670.0,836.6862182617188,,22.256547842633577,
2023-09-20,810.4344482421875,814.2810274763915,802.6912850974734,807.6368695467892,44678.0,837.6178985595703,,20.607640898475893,
2023-09-21,809.68505859375,814.2809759057251,803.4905162740337,809.2853870964875,46112.0,837.7952423095703,,20.33594753751637,
2023-09-22,809.185546875,817.27837682512,802.3914969134088,810.2346083898211,49956.0,833.918667602539,,17.743909463254123,
2023-09-25,803.3406372070312,813.5815944315617,799.2942224023811,813.5815944315617,30410.0,830.8613647460937,,17.465378997706942,
2023-09-26,803.4905395507812,807.2871749595269,794.2986436792374,806.3380008620129,62246.0,827.8864929199219,,16.75802317813339,
2023-09-27,814.5807495117188,829.2677937171893,789.4029681568138,789.4029681568138,127099.0,826.2904022216796,,16.40816563446559,
2023-09-28,809.135498046875,822.2739210565229,805.9883136741439,822.2739210565229,33288.0,824.9266021728515,,16.65435807605801,
2023-09-29,826.9697875976562,833.5639404645856,806.887483900537,810.2845086994454,64345.0,824.0024169921875,,15.953426102450596,
2023-10-03,829.5175170898438,834.7129416183755,819.4264521446887,829.2177939592436,34716.0,823.2256011962891,,15.23657241627216,
2023-10-04,829.917236328125,859.1414323783463,819.4264992844559,819.4264992844559,131596.0,822.7535217285156,,14.851810998612788,
2023-10-05,824.3720703125,840.50784713441,821.874275818787,834.2134172065156,27077.0,821.7494079589844,,13.959487545130283,
2023-10-06,812.032958984375,831.8654221167237,810.284502905356,823.4728695262179,44377.0,820.0484100341797,,12.87257281105397,
2023-10-09,812.2328491210938,814.231084773778,792.1006005277749,811.2836749898062,51152.0,818.5772094726562,839.2259765625,11.919088472222484,29.42515210673804
2023-10-10,819.276611328125,824.222256726917,809.3353768358688,824.222256726917,35778.0,817.6355438232422,837.4195715332031,11.00348332418598,27.7411136117674
2023-10-11,880.3726806640625,884.2192598312558,819.2766023295252,823.2231298662772,485232.0,819.42646484375,837.073876953125,16.93274520399125,27.074838473654967
2023-10-12,879.0737915039062,888.0159082092022,870.2815668644711,884.9186673527881,269934.0,821.6295196533204,837.1598010253906,21.35593511775496,27.203447746996726
2023-10-13,866.1851806640625,874.2280666812682,855.2448286619034,874.2280666812682,93422.0,823.9374816894531,836.8760510253907,23.554578295981013,26.81472520007951
2023-10-16,898.3568115234375,918.0893884525768,852.1975560802772,854.2457354133685,250102.0,828.0813232421875,837.7253015136719,28.713488380977644,28.07227340724801
2023-10-17,879.2736206054688,909.0973239622028,873.2789137174392,898.3568074544833,96743.0,831.2535217285156,837.5204821777344,30.722968310187,27.72187278945789
2023-10-18,868.8328247070312,892.4120416531659,864.2369071654967,881.221909965281,40123.0,834.3133209228515,837.0568920898437,31.289248049890777,26.97578844219008
2023-10-19,894.0105590820312,898.6564810566334,861.239508763845,871.130798976278,87576.0,838.4921264648438,837.1937707519531,33.4393679076521,27.25119840355431
2023-10-20,886.966796875,912.0946330854974,879.7731367626583,889.2148118487751,122871.0,842.3562133789062,837.7752563476563,34.387083218816,28.001739254163112
2023-10-23,837.660400390625,909.097324154776,830.2669041679643,889.2148552460749,119440.0,843.7799560546875,837.5024987792968,33.5199665814653,27.933665550219988
2023-10-25,778.6624145507812,854.2456987188373,769.5704671791631,851.2483453899993,303451.0,842.546044921875,835.8749353027343,35.48363596290064,28.94609196709641
2023-10-26,748.5390625,783.2584057969233,737.9483773084112,779.3118783194282,162887.0,839.798471069336,833.4410852050781,40.44728668577072,31.038794344500317
2023-10-27,750.9368896484375,777.0138999685548,747.3400900780188,762.7764717819081,216810.0,836.6162780761719,831.4908056640625,44.804603341813845,33.073326139078375
2023-10-30,752.4356079101562,767.0227647108932,749.3383670521988,761.327780925034,74854.0,833.781283569336,830.03109375,48.29299023626156,34.90650675337344
2023-10-31,748.4891357421875,758.3304218306,742.0448136370879,752.685381781497,115287.0,829.8572509765625,828.5533996582031,51.92729663524331,36.75234960331116
2023-11-01,756.7817993164062,764.3251266049377,750.3374772291611,750.3374772291611,52881.0,826.2204650878906,827.4014184570312,54.43867654007713,38.08421751157724
2023-11-02,816.77880859375,832.4150266920755,799.294246941896,813.2818962633792,527106.0,825.5635437011719,827.8250451660156,54.47098136712307,37.840252154698206
2023-11-03,796.197021484375,823.922541209935,788.4538583177772,822.2739724012956,171885.0,824.1547912597656,827.91296875,54.866320682902256,37.75986197289717
2023-11-06,781.4099731445312,808.0864294454335,778.1128967435902,800.2933231392159,81742.0,822.6236419677734,827.4184045410157,55.64419015173515,38.21013576351363
2023-11-07,774.8657836914062,788.7036015619203,772.1182097907022,781.4099929677305,61755.0,820.7552886962891,825.1813793945313,56.63004206780615,37.94086291912819
2023-11-08,779.8613891601562,787.7544441986557,776.1146973978264,779.261942870708,35694.0,818.7845275878906,823.4888732910156,57.36527382210341,38.03910709483248
2023-11-09,771.1190795898438,789.2031477429315,769.3206798073352,789.2031477429315,120324.0,813.3218475341797,821.6514953613281,56.38532612356254,38.310047717259074
2023-11-10,769.2208251953125,775.7650346450539,765.0744618973047,769.320712583643,25369.0,807.82919921875,820.1058605957031,54.97606817341193,38.84224459533527
2023-11-13,788.2539672851562,794.2986175241412,771.8184679715711,774.3162623663011,38584.0,803.9326385498047,819.1427099609375,53.36029412756175,39.02630316579977
2023-11-15,800.6929931640625,811.0338375346855,786.4055604840408,794.7482303261854,83117.0,799.049447631836,818.2475,48.51302515703898,38.92369023050316
2023-11-16,829.1178588867188,837.710308316622,794.2986289172715,800.6930070520224,178030.0,796.5416595458985,817.9287805175782,45.34033291746957,38.764631340275166
2023-11-17,814.5807495117188,834.2633828359675,811.9331238675537,834.2633828359675,43078.0,793.8290557861328,817.4332189941406,42.3092635219109,38.643271431380455
2023-11-20,823.6727294921875,849.2501204933453,821.2748224065057,849.2501204933453,220589.0,790.3121643066406,817.0175866699219,35.99586420661516,38.45802684460388
2023-11-21,819.5762939453125,830.2668662728859,817.278335272227,829.7673073882452,52179.0,786.9426391601562,816.4880541992187,28.93326245723827,38.23169107653272
2023-11-22,820.4755249023438,826.2703957719554,803.2906870624572,819.3265150743451,49810.0,786.0833953857422,816.0644274902344,27.5709009232366,38.06409901732783
2023-11-23,820.0758666992188,824.2721735974313,815.8296161079592,823.2231121182057,30355.0,788.1540679931641,815.7037463378906,28.52293668460127,37.93616798705957
2023-11-24,810.584228515625,822.0241390924501,809.2853876206437,817.2783297206007,24295.0,791.2563262939453,815.024345703125,27.33696527136276,37.71246404798731
2023-11-28,878.6741333007812,891.6127205931867,860.2403982841449,887.0666859635485,913804.0,797.6431884765625,815.8975744628906,31.953304395785104,38.67786958913224
2023-11-29,900.4548950195312,916.1410562885328,884.2192311703581,889.2148200470267,404292.0,805.0441528320313,817.5061535644531,37.57819620343621,40.48341129744762
2023-11-30,899.3558959960938,915.1419447578236,874.278003075308,913.1936528863664,278325.0,812.5874908447265,819.183671875,40.645121246240855,42.1031276404367
2023-12-01,896.7081909179688,909.1472192445132,889.3146950905784,906.1498659601076,142561.0,819.5838104248047,820.8012426757813,42.53267410371089,43.50204530248249
2023-12-04,896.558349609375,911.645065250292,875.3771006523617,909.1972143998762,187458.0,823.572787475586,822.5796728515625,45.866231042599054,44.75253188817227
2023-12-05,964.4483642578124,986.0293445235976,901.1542783754312,901.1542783754312,963199.0,831.9853546142579,825.659951171875,55.08442405878562,48.99843391992804
2023-12-06,972.0916748046876,993.1230922789196,947.2136172152364,986.129267685406,330619.0,841.5194396972656,828.9080834960937,61.944592339898506,53.12692044396005
2023-12-07,998.8180541992188,1019.1001328828808,960.2520714052572,975.089006987485,471908.0,852.7170532226562,832.7007336425781,69.09106544987294,58.21533286594906
2023-12-08,994.1221923828124,1017.0519576596628,962.6999259650032,1014.1045480085976,190176.0,863.4300933837891,836.5163647460937,73.65996276633089,62.35663460718808
2023-12-11,1093.534423828125,1093.534423828125,996.2203264517184,1018.7504814563412,404786.0,879.5508605957032,842.3172424316406,86.54755586307292,71.97139632584675
2023-12-12,1196.2437744140625,1202.8878101233722,1120.01103852846,1128.7533191592574,973648.0,900.9020080566406,849.9505029296874,107.92867139797256,87.52790298837402
2023-12-13,1186.20263671875,1216.925509811276,1138.9943195277954,1203.9369780973625,278083.0,920.7994415283204,857.491845703125,121.85238579074634,99.38089955157773
2023-12-14,1245.500244140625,1245.500244140625,1164.0721421949715,1208.932556493752,234391.0,943.0398040771483,865.8624548339844,138.26451618610423,113.3953858394597
2023-12-15,1289.4114990234375,1307.745285883383,1249.8963420620862,1288.8619354597054,347634.0,966.0544860839844,875.0603344726562,155.53406836037215,128.08717947889832
2023-12-18,1225.018310546875,1297.8040179057043,1224.9684278344334,1297.554238455631,269269.0,986.5763641357422,882.9623559570313,161.4606195962521,137.1146206294109
2023-12-19,1200.340087890625,1286.264214293852,1175.9615904255584,1198.9412986496773,279507.0,1005.409732055664,890.4817163085937,163.4149581501413,143.9734459982251
2023-12-20,1140.343017578125,1230.9130658499485,1140.343017578125,1230.9130658499485,121400.0,1021.4480682373048,897.0479174804688,159.91986194892496,147.75945820291295
2023-12-21,1177.9598388671875,1188.7503594586517,1083.343435794115,1089.0383582402328,189618.0,1039.322283935547,904.3624572753906,156.20989626042007,152.4529237521456
2023-12-22,1219.623046875,1236.8578288854333,1191.947532663585,1203.9369462360603,185126.0,1059.299642944336,912.369385986328,152.19215317804037,158.2942814129023
2023-12-26,1227.765869140625,1262.5850996527925,1198.9413453552338,1248.847230070597,94918.0,1080.158724975586,919.3172497558594,144.71497653209997,164.36857592071254
2023-12-27,1219.3233642578125,1243.901637276536,1199.9404549149554,1235.6589155837396,198227.0,1097.1911865234374,926.1222412109375,139.71300008036144,169.62763216680014
2023-12-28,1203.0877685546875,1253.8928862048028,1199.4409640548731,1229.9140581020815,86529.0,1112.3228302001953,932.86029296875,133.5357847410258,173.83727619597215
2023-12-29,1186.50244140625,1213.8781726920456,1178.9590529182055,1208.9325881618888,72097.0,1126.680157470703,938.6232055664062,124.56859303611918,177.40958158777
2024-01-01,1181.956298828125,1203.9368893388762,1176.9607100756816,1203.9368893388762,44682.0,1140.942562866211,944.6768591308594,112.60769705834228,180.48065684616827
2024-01-02,1180.8572998046875,1213.9280731244432,1137.9951236944369,1181.956304943388,63310.0,1155.1575103759765,950.9173486328124,96.9963708437972,183.17894701371372
2024-01-03,1193.895751953125,1213.828225000756,1173.9634008681146,1173.9634008681146,49306.0,1166.629879760742,956.9150524902344,86.22369650533582,186.16282669050983
2024-01-04,1185.4031982421875,1237.7071096956088,1180.9571730677146,1208.8325825098057,67795.0,1177.2954559326172,962.883780517578,73.08546724989037,188.64209133835857
2024-01-05,1189.699462890625,1208.9324796117205,1172.9642405488923,1188.200786263007,55897.0,1186.8395263671875,969.924561767578,59.809397162314326,190.4340863744544
2024-01-08,1201.938720703125,1238.9060795277433,1181.157021551804,1206.9343097334788,197794.0,1197.2303527832032,978.390087890625,38.997128888151785,191.16495845809504
2024-01-09,1262.03564453125,1262.03564453125,1224.9183947196125,1233.81056732829,104581.0,1205.6554138183594,988.66001953125,33.18369309150588,192.3542522145368
2024-01-10,1325.1300048828125,1325.1300048828125,1278.8207966551463,1293.857568533969,154270.0,1212.0997253417968,1000.1438818359376,42.47414581412614,194.9941688712253
2024-01-11,1391.3714599609375,1391.3714599609375,1363.795832358521,1391.3714599609375,59785.0,1222.3581665039062,1012.9225988769532,57.874633804834254,199.31763273569777
2024-01-12,1449.81982421875,1460.9100074753092,1323.8310932464606,1452.5175154731278,326481.0,1232.5741455078123,1026.9492126464845,77.03584844108043,204.9273266726473
2024-01-15,1449.81982421875,1449.81982421875,1449.81982421875,1449.81982421875,0.0,1240.5945617675782,1040.809973144531,90.44759331121342,209.66388750537803
2024-01-16,1418.697265625,1447.7216863834365,1385.7763830323163,1410.3546564210428,118050.0,1250.2785095214845,1052.848342285156,98.68529251515936,213.77802081615104
2024-01-17,1397.9156494140625,1413.651754259211,1374.6361566358753,1393.7692862845631,67596.0,1260.1572875976562,1064.88271484375,103.20853346307192,215.9606590617045
2024-01-18,1389.722900390625,1423.7429113737642,1341.8652537819164,1402.7614368903614,93175.0,1272.6262817382812,1077.0489733886718,103.03558369317903,216.79835290842453
2024-01-19,1414.900634765625,1422.4439006469945,1401.8122165525715,1418.7472137342827,38744.0,1284.473321533203,1089.8496704101562,105.17742096054492,217.486144907719
2024-01-23,1359.699462890625,1453.7164251706486,1341.6653374909154,1413.8017171271297,103612.0,1291.4771423339844,1101.4464318847656,105.29553692306516,216.07410247548435
2024-01-24,1427.639404296875,1427.639404296875,1427.639404296875,1427.639404296875,19761.0,1301.4708190917968,1114.5768383789064,108.37056688451554,215.5381583296404
2024-01-25,1498.9764404296875,1498.9764404296875,1440.1283793325915,1498.9764404296875,249276.0,1315.4534729003906,1129.1719506835936,115.04904893229777,216.38116407546136
2024-01-29,1449.3702392578125,1531.3977850169035,1443.725199379824,1495.229769983578,162756.0,1327.767596435547,1142.394276123047,115.56822673301072,215.3203583020101
2024-01-30,1407.5072021484375,1498.6767014890197,1395.7675679867734,1463.7075784542758,81080.0,1338.8178344726562,1154.5305603027343,111.856273158742,212.753599233394
2024-01-31,1395.517822265625,1434.4834174461223,1387.8745465107718,1419.696424848986,70840.0,1349.4959106445312,1165.8585595703123,106.14131892772254,210.13629499157895
2024-02-01,1414.251220703125,1420.6954816132627,1395.617649672584,1395.617649672584,28235.0,1361.1656066894532,1177.8519689941406,99.22972949299026,206.76401721608335
2024-02-02,1372.8876953125,1408.756047437656,1352.305893763736,1408.756047437656,39985.0,1370.115203857422,1188.836268310547,91.08715963543816,202.10018940018972
2024-02-05,1374.1365966796875,1393.7692851970296,1323.8310414953864,1373.7369251802977,43160.0,1379.5518737792968,1199.9274743652345,80.05168532895811,196.5629349110873
2024-02-06,1420.4456787109375,1435.732229311198,1349.9079888450265,1378.782516666286,83519.0,1391.0891845703125,1211.9268774414063,66.77666970144432,191.16493543479083
2024-02-07,1393.2197265625,1428.7384120958031,1371.7886991661103,1428.688407422221,21890.0,1400.653234863281,1223.3897546386718,49.79989895349052,184.2473713871359
2024-02-08,1392.6702880859375,1427.689292849721,1378.8824140343938,1427.689292849721,33495.0,1407.1849670410156,1235.031475830078,37.77787528834789,175.82915016165572
2024-02-09,1370.689697265625,1415.649997053721,1348.8089936428942,1407.756942253954,32259.0,1409.4629516601562,1244.871787109375,33.725902108359946,169.11833940588335
2024-02-12,1336.7197265625,1398.7649174362552,1306.84608000473,1393.669441058119,68334.0,1406.7303649902344,1253.5970837402344,37.29415582477094,162.09446299869364
2024-02-13,1325.6295166015625,1367.6923506617634,1293.8575224769268,1338.717935100504,52746.0,1400.520849609375,1262.1225561523438,39.98401759809958,154.09537201224182
2024-02-14,1391.8709716796875,1391.8709716796875,1309.0940870028105,1324.880196901879,31633.0,1397.6234069824218,1272.025811767578,38.28716949961357,145.82118414500707
2024-02-15,1432.73486328125,1461.4594987898524,1403.7604483334424,1447.7216296335644,173265.0,1398.3252868652344,1282.7493420410156,38.81880564032813,137.10036161176706
2024-02-16,1456.3140869140625,1468.703172077856,1420.6456300915063,1427.7393421083375,53791.0,1401.2452087402344,1292.5866564941407,40.92554729636249,131.31979341399384
2024-02-19,1508.3680419921875,1520.6072346212006,1470.0020173619469,1494.530285330684,72361.0,1407.1774658203126,1303.3121838378906,47.27401218961232,126.41785629909434
2024-02-20,1538.791259765625,1583.7515594713611,1515.4618841997278,1523.6546011388368,179866.0,1413.3719970703123,1314.1116479492186,55.70453605811428,122.8899079342588
2024-02-21,1496.029052734375,1566.61675155106,1478.6943828415615,1566.61675155106,88653.0,1420.1884765625,1324.14978515625,57.11441493960732,116.55400996377588
2024-02-22,1570.81298828125,1570.81298828125,1524.154234858568,1543.637032354302,122458.0,1427.3471557617188,1333.6953564453124,66.3270862083236,116.82539029198158
2024-02-23,1649.34375,1649.34375,1598.5885158371211,1649.34375,279921.0,1434.8655212402343,1342.7573559570312,81.63061279963081,123.3375489625234
2024-02-26,1693.654541015625,1731.7709089819753,1678.4179947639643,1678.4179947639643,359658.0,1447.079736328125,1352.9063940429687,100.10131995609416,130.84222496710925
2024-02-27,1629.6610107421875,1702.9962812746712,1608.9793211744138,1700.4984867876155,146755.0,1458.1874267578123,1360.589609375,107.52907353576016,135.5992106727378
2024-02-28,1672.822998046875,1683.3137350517422,1613.7251551935983,1623.566441229449,136402.0,1472.052685546875,1368.2578393554688,116.52503064359864,142.17360965792534
2024-02-29,1697.8009033203125,1756.449068600597,1631.0097817252165,1679.367106982512,374257.0,1486.2301696777345,1377.7134912109375,125.98763513421396,148.05294348599404
2024-03-01,1715.1854248046875,1748.456095288656,1690.5072647019465,1707.891938270483,49814.0,1503.3450561523437,1388.0103979492187,132.84347843703392,153.27637416675933
2024-03-04,1813.1490478515625,1890.930345059944,1778.7294880412203,1867.301184432847,178386.0,1525.2956787109374,1401.4665185546876,145.98981510276278,160.45465239349664
2024-03-05,1729.9224853515625,1847.3688328387163,1722.5291111190618,1847.3688328387163,113958.0,1540.7695190429688,1412.505771484375,150.61930206991784,163.71789507729278
2024-03-06,1663.2813720703125,1747.1073806146312,1643.448907959701,1739.0145507565055,98791.0,1554.2726013183594,1421.3789379882812,148.789653222789,165.06782226787212
2024-03-07,1667.27783203125,1723.4282037167068,1661.532904669944,1672.02364159059,58977.0,1568.002978515625,1430.1691772460938,145.73105484596184,166.245376907769
2024-03-11,1584.301025390625,1718.4825929130086,1583.951358557847,1718.4825929130086,299221.0,1578.683544921875,1437.46873046875,138.1389216814477,164.80509439027236
2024-03-12,1505.1209716796875,1603.4341882881702,1505.1209716796875,1563.669372744249,106786.0,1587.1036071777344,1443.50939453125,127.3230218158486,161.5418785046438
2024-03-13,1429.887451171875,1546.6343406731894,1429.887451171875,1468.7031529648505,107857.0,1592.31650390625,1448.3770947265623,117.83499159119462,157.24940577132872
2024-03-14,1501.374267578125,1501.374267578125,1358.4005349522358,1360.8484467370424,205112.0,1597.7916687011718,1454.7654541015625,110.33660221788806,152.62529200522022
2024-03-15,1505.071044921875,1549.631673420754,1468.653128742249,1518.6590223078956,86183.0,1601.4084777832031,1461.2497290039062,105.73076256293506,147.55367011467874
2024-03-18,1535.34423828125,1580.3045382213706,1489.7844920677849,1512.364529422966,102443.0,1605.3599853515625,1468.078698730469,101.41127886215138,142.75083891494629
2024-03-19,1501.374267578125,1553.6281772441175,1485.688166920902,1553.6281772441175,51292.0,1605.010296630859,1474.3981201171875,101.7747380787292,136.85376528270032
2024-03-20,1515.8614501953125,1549.6316800148556,1480.093106774218,1515.611670749791,60563.0,1603.8638061523438,1480.9213598632812,102.68503608453622,130.6386939902069
2024-03-21,1591.6446533203125,1591.6446533203125,1503.9220620675471,1557.5746389148037,68856.0,1608.6445861816403,1488.715478515625,99.57910702853694,125.16502335396608
2024-03-22,1629.6610107421875,1663.531128379189,1569.6140556658895,1638.5531835086306,156199.0,1611.5869873046877,1496.0679858398437,99.27136609199567,122.34334408144876
2024-03-26,1590.895263671875,1655.4881295147266,1583.6016552129763,1640.601372408055,70887.0,1608.6645629882812,1501.383291015625,98.9611942577849,120.52492282209612
2024-03-27,1634.2569580078125,1638.5532133889428,1590.895342491887,1607.530556508938,68460.0,1605.6946838378906,1506.2410009765624,97.15107932981242,120.89458514460792
2024-03-28,1606.231689453125,1663.4311811489042,1596.6401833604173,1663.4311811489042,98635.0,1604.5232177734374,1509.36923828125,96.98799952325804,121.4273134649642
2024-04-01,1684.0130615234375,1686.5108560377114,1638.5532013636532,1648.4943747454142,124721.0,1605.0827209472657,1514.0531030273437,97.43399476377398,123.58112539526844
2024-04-02,1661.1832275390625,1738.464964649792,1657.5364231919568,1733.4693756709132,87781.0,1603.2518371582032,1518.902822265625,95.93249988930792,124.51710661278112
2024-04-03,1660.6336669921875,1698.5002559136094,1635.6557220522816,1657.5364262121636,72515.0,1600.5242492675782,1524.1571826171876,93.32247368607943,124.8501390107196
2024-04-04,1647.6451416015625,1705.793870810217,1631.5593693944238,1705.793870810217,49212.0,1592.249053955078,1529.315627441406,79.84000256274433,124.51018526200284
2024-04-05,1646.895751953125,1664.9298764884918,1610.1282911909866,1634.5566718849038,94566.0,1588.0977172851562,1533.9555297851562,74.26896714744886,124.48214247049212
2024-04-08,1663.3812255859375,1681.4652331630264,1652.1911551411702,1663.1314461388436,70822.0,1588.1027099609375,1540.0291650390625,74.27429048661524,123.2084485186478
2024-04-09,1632.2088623046875,1678.5179491888916,1618.570879575003,1664.5302996123175,85116.0,1586.3492614746094,1544.1205541992188,72.70412114806909,122.79603401638836
2024-04-10,1625.264892578125,1645.54703290413,1562.7701467464983,1624.5655588962447,88017.0,1588.3974548339845,1546.6463232421877,73.21857132791926,123.1468237443302
2024-04-12,1614.774169921875,1645.5470475252475,1608.579688230509,1625.2150243056662,190379.0,1593.8801147460938,1549.9544018554689,70.7172992372384,122.70118568775229
2024-04-15,1574.260009765625,1598.488616781966,1541.1392298023084,1544.6361421551824,81578.0,1601.0987426757813,1553.2894580078123,59.58937332245954,121.00488229181772
2024-04-16,1614.6741943359375,1652.7905614328054,1550.680774716306,1559.8226046886691,112158.0,1606.763739013672,1557.6725854492188,54.8032140482815,119.12799683664764
2024-04-18,1693.9542236328125,1695.403017619024,1673.5223134270652,1673.5223134270652,133407.0,1616.2078979492187,1563.2666455078124,52.586463610889496,118.82252445101744
2024-04-19,1667.527587890625,1738.4649508266552,1610.5778739842349,1678.5178835567706,119042.0,1622.8170654296875,1569.159443359375,50.13799072873304,116.47113767304646
2024-04-22,1657.036865234375,1699.4493669040742,1643.5487749837484,1699.4493669040742,54236.0,1630.6001953125,1574.8174487304686,41.65879164504405,113.64091755022686
2024-04-23,1656.0877685546875,1690.5073281953655,1648.54438033236,1686.4608522949552,31918.0,1637.6115112304688,1579.5302905273438,32.01571098354539,111.98235343456658
2024-04-24,1729.322998046875,1738.4649501947335,1647.3454567626784,1664.530233922084,68662.0,1644.495428466797,1586.252355957031,36.14691346178906,110.65014246563024
2024-04-25,1717.9830322265625,1796.4137783910203,1709.6404231098736,1762.8434451895853,182075.0,1648.9115295410156,1592.7586108398436,39.48065261461157,108.5800404286356
2024-04-26,1696.00244140625,1748.406120486744,1686.51082244109,1748.406120486744,38086.0,1654.1668884277344,1599.2648657226562,38.3302873380783,104.6782974933013
2024-04-29,1677.91845703125,1728.4737932981989,1625.5646599399824,1728.4737932981989,56419.0,1656.3499633789063,1606.0888403320312,38.37997214689068,98.13026101267316
2024-04-30,1678.9674072265625,1739.4640369640351,1649.54343769536,1649.54343769536,66482.0,1659.986749267578,1613.1555981445313,36.79431172486726,89.89844135451364
2024-05-02,1762.893310546875,1762.893310546875,1762.893310546875,1762.893310546875,40569.0,1663.93076171875,1620.576044921875,43.17894109050033,86.50894765891691
2024-05-03,1851.015625,1851.015625,1851.015625,1851.015625,496899.0,1673.422381591797,1628.94166015625,60.09438991630636,88.18174852363154
2024-05-06,1930.4454345703125,1943.533853038503,1879.3405359544652,1943.533853038503,798234.0,1686.9129699707032,1638.424287109375,82.99421582063265,94.5055072477312
2024-05-07,1931.39453125,1999.8340982985296,1884.4359961948044,1950.277881441315,354935.0,1701.100439453125,1646.8848168945312,98.69579604666008,101.31494268509884
2024-05-08,1929.995849609375,2003.2312348091432,1898.1240886306407,2003.181230132951,165702.0,1715.2554443359377,1654.7089086914064,110.14918600348372,107.70121008953404
2024-05-09,1983.1988525390625,2026.460702592322,1934.292084416978,1941.28590910237,547655.0,1731.2463256835938,1664.4523046875,124.50165715879962,114.85195797895705
2024-05-10,1958.470703125,2048.191532198552,1943.234156361084,2016.7693255262143,254348.0,1747.5594177246094,1672.205458984375,131.99137714714388,121.30502683979545
2024-05-13,2053.63671875,2056.3842928144245,1879.340660066375,1975.2559728608312,320788.0,1768.978009033203,1680.291318359375,145.19768582904376,132.6902684242644
2024-05-14,2155.296875,2156.2959928026075,2056.08442841602,2093.101791787679,410271.0,1796.0041442871093,1689.5241650390626,164.0635618003993,148.73055281004122
2024-05-15,2262.951904296875,2263.051913651037,2145.2060131365392,2178.0768925223947,362834.0,1830.438739013672,1702.1899829101562,185.8940157874117,169.09921718706386
2024-05-16,2304.614990234375,2361.914493993356,2273.492568139544,2344.729716510772,313319.0,1864.9357788085936,1714.8258227539063,206.60959630173085,189.2629616855004
2024-05-17,2189.4169921875,2301.118172372198,2189.4169921875,2301.118172372198,185590.0,1889.708917236328,1724.65814453125,214.5794146046786,200.7799164319366
2024-05-21,2053.6865234375,2213.0458036555888,2053.38673932916,2198.0590374908784,219463.0,1909.016864013672,1731.428166503906,210.8766606736036,206.0906502107156
2024-05-22,2145.9052734375,2156.3460057296543,2073.119443668905,2083.1606264085854,257139.0,1933.460284423828,1738.083291015625,208.45079402049683,214.004238214754
2024-05-23,2092.452392578125,2246.816087901637,2073.4191502920235,2198.009087311778,237416.0,1955.278515625,1745.3338891601563,200.57879547220756,219.78538638911587
2024-05-24,2126.822021484375,2166.0873999831406,2081.312156707983,2118.729313623718,105365.0,1975.153466796875,1754.6047021484376,196.66645761494263,225.94375172842504
2024-05-27,2151.800048828125,2213.0460213647143,2109.5873199781663,2136.1139474843158,123421.0,1996.8443176269527,1764.295146484375,190.64071164544825,232.41945253508976
2024-05-28,2126.42236328125,2182.972281766821,2072.9195588032694,2179.775153741085,79123.0,2018.3653137207032,1775.1375732421875,178.82000767711503,236.46122435438843
2024-05-29,2232.728515625,2232.728515625,2128.170934640701,2135.164759293169,152085.0,2046.1058166503904,1789.6897241210938,165.78554914681663,241.8328766497916
2024-05-30,2232.37890625,2322.848825964673,2216.742566659312,2248.01500191545,204036.0,2073.7763916015624,1805.739553222656,146.3244332736922,244.0855511133056
2024-05-31,2341.032958984375,2343.9803076391177,2173.081163235056,2250.013232002457,290158.0,2102.6833740234374,1822.5327270507807,138.5776365631029,251.4898596421036
2024-06-03,2402.178955078125,2458.0795467319144,2332.940043336661,2458.0795467319144,194544.0,2130.241540527344,1840.4748852539065,140.68317561186052,260.2283966855222
2024-06-04,2282.0849609375,2394.9352625387537,2282.0849609375,2394.9352625387537,133949.0,2147.823516845703,1855.4096997070312,136.3043777814911,263.7633608849236
2024-06-05,2168.73486328125,2262.9517166217443,2167.9855249629404,2198.0590670411884,193583.0,2159.690533447266,1868.7569116210936,126.44492072979456,262.3640010908811
2024-06-06,2277.13916015625,2277.13916015625,2198.009081827274,2222.337697013864,208906.0,2177.0476989746094,1883.9824658203124,116.70636789068506,263.5533700179237
2024-06-07,2492.3994140625,2504.838382150027,2299.1198764323403,2317.953344929996,726742.0,2202.5077270507813,1901.997561035156,127.2569340826444,273.7510103253552
2024-06-10,2470.01904296875,2609.146200369736,2457.8298542651683,2527.7681021507624,293909.0,2228.0851440429688,1918.8047216796876,127.0342614514811,282.3515807308578
2024-06-11,2416.765869140625,2513.730297217613,2387.8914632430524,2487.8032399477825,194639.0,2246.2416015625,1935.3221337890625,126.73872668873425,286.8974711446149
2024-06-12,2446.289794921875,2512.7811296628097,2422.8605325774606,2432.95171937602,151888.0,2260.7912475585936,1951.562790527344,132.3285155280999,292.4372443615961
2024-06-13,2451.735107421875,2478.8112977648184,2404.377020584859,2452.334675680672,116887.0,2270.230407714844,1968.4728588867188,139.05296580958336,296.4786122727279
2024-06-14,2593.709716796875,2626.680603027344,2453.883234431797,2461.22660364617,236061.0,2284.6851440429687,1986.6667919921877,156.71909072423946,306.4121407950628
2024-06-18,2533.36328125,2622.6843181731087,2524.770770294646,2619.686964666625,178309.0,2301.882458496094,2004.1103930664065,164.397854581664,312.2745763606497
2024-06-19,2658.202880859375,2709.607442290344,2568.731834118169,2677.485902961608,360549.0,2332.1082763671875,2024.06177734375,171.7705717587197,321.60988459284584
2024-06-20,2566.48388671875,2657.653387317518,2553.2455756729014,2657.653387317518,259047.0,2353.13720703125,2042.4385522460936,173.51073181646012,325.8852916948283
2024-06-21,2553.1455078125,2604.150519873271,2497.794479712175,2569.7309607278858,126106.0,2376.171862792969,2060.563547363281,167.55962766287624,328.6273759513412
2024-06-24,2587.215576171875,2604.150574313303,2497.344977698125,2553.145561186267,126750.0,2399.191540527344,2079.040234375,163.06510517100062,331.79600394863536
2024-06-25,2556.542724609375,2638.670160564344,2547.750439015175,2587.2155928744296,119042.0,2419.428674316406,2097.526911621094,155.69544414980314,332.1421909336357
2024-06-26,2603.201416015625,2620.6859774358027,2556.742438527724,2597.2067092429925,110154.0,2443.267626953125,2117.0856420898435,144.57454174231142,332.5581553499478
2024-06-27,2591.062255859375,2647.362397787568,2572.7783512520523,2607.6974697341325,111972.0,2461.184313964844,2136.611403808594,139.21406193060903,331.12133711018646
2024-06-28,2592.1611328125,2641.067900439099,2549.049297222994,2591.262024360729,93603.0,2479.1734252929687,2156.969426269531,131.1008843547899,327.1082223050743
2024-07-01,2661.449951171875,2769.504439885712,2595.7579581236228,2597.8061983269045,282822.0,2495.194274902344,2177.90494140625,132.89687072153583,325.1841348894298
2024-07-02,2671.39111328125,2697.61795450561,2638.1204430573007,2684.629423613546,106698.0,2508.6548828125,2197.453679199218,136.56301871498877,324.87686850336434
2024-07-03,2607.74755859375,2707.6093375918376,2597.7563802262525,2702.6137484080887,124549.0,2524.9380126953124,2216.258078613281,127.22179680217224,320.7625842757585
2024-07-04,2624.282958984375,2674.3886199994904,2610.2953095288813,2662.648985635058,80750.0,2547.7154174804687,2235.6030004882814,97.36930711029324,315.4713925218237
2024-07-05,2639.269775390625,2677.5857980786354,2590.8623210550845,2677.5857980786354,145332.0,2565.821948242188,2255.266640625,75.65455344277609,309.19130196827336
2024-07-08,2683.280517578125,2757.5650206873884,2647.712071637443,2667.6444221867127,177439.0,2575.366003417969,2274.345791015625,77.91104403741564,305.48530356927057
2024-07-09,2657.953125,2729.5898222829182,2642.6165692410145,2693.2717927801764,160664.0,2584.7627075195314,2293.145192871094,75.84234843024252,299.4105248091048
2024-07-10,2568.382080078125,2662.648942264608,2527.818043673068,2657.953137380372,126025.0,2592.3435180664064,2310.5927856445314,64.96362867910887,289.1451654950821
2024-07-11,2540.556884765625,2647.6622681093763,2519.225621375096,2647.6622681093763,130559.0,2597.0568725585936,2327.845554199219,56.703772781217694,276.06436654756
2024-07-12,2469.819091796875,2571.4793234272684,2411.8202573003364,2540.556677677075,180739.0,2597.961071777344,2343.662587890625,54.36026267849627,260.3361209387973
2024-07-15,2398.531982421875,2512.781197250663,2388.8905934895965,2507.78560838933,260934.0,2588.202185058594,2356.375361328125,70.33562220683167,246.55201313783877
2024-07-16,2471.517578125,2547.7503127382547,2395.2350827634496,2398.082422051956,163182.0,2585.109899902344,2368.785400390625,74.13062540925866,235.9858036825113
2024-07-18,2434.85009765625,2497.794519548882,2415.267291052888,2447.838629157904,138235.0,2573.9422607421875,2378.873493652344,79.19088991511516,227.4934318294257
2024-07-19,2384.894287109375,2427.806349606833,2358.9672279134925,2410.072007924306,101461.0,2564.8627807617186,2387.943488769531,89.79142900214404,218.1366077475508
2024-07-22,2437.8974609375,2487.6035719821853,2289.128672681776,2378.899505475292,352982.0,2559.100378417969,2398.1015209960938,94.17405667446153,207.9646496907115
2024-07-23,2387.491943359375,2453.633491574348,2297.970892749976,2448.8876821219296,173330.0,2549.114196777344,2406.1873828125,101.35160794385592,199.1776338412422
2024-07-24,2416.11669921875,2483.8569370690466,2379.5988936441017,2389.8898561072056,205240.0,2542.0928955078125,2415.340302734375,105.58558467299932,188.4076307115303
2024-07-25,2368.10888671875,2432.9017715926257,2357.9179342624934,2382.895878481376,91751.0,2530.338269042969,2421.62974609375,111.35310297312924,181.1977045913452
2024-07-26,2385.893310546875,2397.8827241677136,2339.9838963421294,2377.6005840074126,72476.0,2520.079821777344,2426.241674804688,114.85986563661628,177.17040106068907
2024-07-29,2338.285400390625,2406.874738605189,2323.49840842112,2405.825616148271,102543.0,2507.38603515625,2427.7483447265627,120.3708825208938,176.07033925666508
2024-07-30,2328.09423828125,2366.7602921848065,2322.9988838691315,2338.3351957056548,50543.0,2490.7182495117186,2428.2179296875,120.9931260468248,175.7662841977216
2024-07-31,2306.513427734375,2355.919753768605,2302.966510787376,2319.951513253053,65423.0,2472.474365234375,2430.5598583984374,119.81989573256926,173.28208763802766
2024-08-01,2252.611083984375,2347.926824303004,2248.015044545429,2322.94887936361,85561.0,2454.7175415039064,2434.538349609375,124.92403390068851,166.6077054964363
2024-08-02,2343.980224609375,2418.8640504979435,2208.0502071873007,2208.0502071873007,361723.0,2440.7024047851564,2438.4998486328127,120.54615016602706,161.89284038486045
2024-08-05,2247.5654296875,2332.9399944020925,2233.028217339904,2314.90586985732,206436.0,2421.1171875,2441.602109375,118.38771892115297,156.5235332137745
2024-08-06,2172.23193359375,2280.2866733165943,2106.140386676815,2272.9430596923785,398824.0,2395.564758300781,2442.510307617188,113.89124846246273,154.7818578662644
2024-08-07,2277.8388671875,2291.976286818131,2140.8597160329336,2207.00126715519,232738.0,2376.559045410156,2445.031083984375,98.47267883453642,150.92911336224844
2024-08-08,2265.10009765625,2275.9903842778226,2232.578763968548,2272.9930308305734,92193.0,2361.3949462890623,2447.804638671875,90.39926741151626,146.15334960296158
2024-08-09,2286.25,2303.550048828125,2235.64990234375,2292.0,128134.0,2348.6796020507813,2448.875068359375,81.29953926016417,144.73509580975167
2024-08-12,2385.699951171875,2398.0,2255.0,2286.0,128929.0,2344.4736450195314,2451.9414892578125,76.75134676566158,141.64590158539917
2024-08-13,2303.0,2449.0,2273.050048828125,2399.89990234375,208075.0,2339.6970458984374,2451.180830078125,76.18055311379175,142.35400293122575
2024-08-14,2208.0,2315.0,2199.0,2302.949951171875,119496.0,2326.521166992188,2447.2972509765623,74.96014388873579,146.3118049004886
2024-08-16,2310.0,2334.199951171875,2200.5,2222.25,176780.0,2320.278662109375,2447.8555517578125,70.531760169782,145.72058234058952
2024-08-19,2425.449951171875,2455.0,2328.449951171875,2328.449951171875,123269.0,2322.3064453125,2452.989853515625,73.02610838628195,140.0994921432709
2024-08-20,2542.5,2664.800048828125,2440.050048828125,2459.39990234375,406114.0,2327.536572265625,2458.2970703125,84.5733165859617,138.31683458149217
2024-08-21,2505.60009765625,2600.0,2485.14990234375,2560.0,122414.0,2333.4419799804687,2458.561083984375,92.71199531617263,138.39583212206955
2024-08-22,2487.5,2556.0,2475.0,2515.0,65696.0,2337.011145019532,2458.910703125,97.32170012367898,138.44743903912652
2024-08-23,2525.39990234375,2549.89990234375,2460.25,2494.0,80527.0,2344.875695800781,2461.0833837890623,105.94064478998985,138.6248479483107
2024-08-26,2687.75,2744.800048828125,2486.0,2552.0,438340.0,2359.9685302734374,2465.912587890625,130.70043185691875,142.2571987336805
2024-08-27,2618.0,2709.0,2608.050048828125,2691.0,111803.0,2373.9542602539063,2469.237885742188,142.67510446541397,143.8533208930332
2024-08-28,2581.85009765625,2655.949951171875,2567.0,2626.949951171875,90908.0,2386.642053222656,2469.000693359375,149.50188504983905,143.65353581109815
2024-08-29,2578.300048828125,2626.050048828125,2538.050048828125,2587.949951171875,95373.0,2400.231384277344,2469.8994287109376,154.11619869815877,144.2039371737967
2024-08-30,2721.449951171875,2740.0,2549.300048828125,2582.449951171875,317582.0,2423.6733276367186,2471.1643701171874,165.70159796773282,146.15364230180268
2024-09-02,2786.199951171875,2925.0,2756.0,2805.0,414439.0,2445.784313964844,2475.55869140625,183.09905567403808,152.2537875171004
2024-09-03,2751.050048828125,2800.800048828125,2740.550048828125,2800.0,92674.0,2470.958544921875,2479.5167822265626,188.93073421615733,156.81602535759984
2024-09-04,2680.64990234375,2738.949951171875,2670.050048828125,2710.0,105213.0,2496.379443359375,2481.38546875,180.6435949907002,158.6713280532853
2024-09-05,2641.699951171875,2727.89990234375,2628.10009765625,2681.0,70468.0,2514.5724975585936,2483.08861328125,175.7313113440892,159.9464203696795
2024-09-06,2610.39990234375,2706.199951171875,2600.0,2642.0,91683.0,2531.8374877929687,2483.2325830078125,166.65962750887024,160.0599412364756
2024-09-09,2700.0,2776.0,2541.89990234375,2609.949951171875,261651.0,2552.5249877929687,2485.411337890625,160.12152631719732,162.28367583747422
2024-09-10,2713.89990234375,2740.35009765625,2673.0,2710.0,98203.0,2568.9349853515623,2487.84611328125,158.9380333433542,164.8114989754775
2024-09-11,2700.10009765625,2818.75,2674.60009765625,2723.0,136407.0,2588.789990234375,2488.6191162109376,148.42384478102323,165.73043420141514
2024-09-12,2719.25,2774.89990234375,2690.0,2730.449951171875,124078.0,2614.352490234375,2489.5762939453125,120.85508626632893,166.94135939723148
2024-09-13,2709.800048828125,2748.60009765625,2700.0,2733.050048828125,53098.0,2634.342492675781,2491.61734375,98.94200316875872,169.02645708877543
2024-09-16,2784.699951171875,2828.800048828125,2702.0,2725.0,196168.0,2652.304992675781,2494.82568359375,91.34063577571628,173.07010456914938
2024-09-17,2771.25,2870.0,2757.550048828125,2794.75,139101.0,2663.742492675781,2497.4652880859376,91.18909600101333,176.29449648969037
2024-09-18,2678.89990234375,2823.5,2660.050048828125,2778.85009765625,153854.0,2672.4074829101564,2497.37767578125,83.26010677081126,176.2013320317837
2024-09-19,2661.800048828125,2741.800048828125,2570.0,2704.949951171875,202793.0,2681.1224853515623,2497.4546142578124,71.12456725640664,176.2737033977925
2024-09-20,2682.35009765625,2725.0,2621.0,2676.0,118554.0,2688.9699951171874,2499.733974609375,60.97268295320312,177.9385566482987
2024-09-23,2616.25,2705.85009765625,2585.10009765625,2673.0,105653.0,2685.394995117188,2501.247836914062,63.1067558588255,178.61366656964915
2024-09-24,2631.25,2664.949951171875,2576.0,2600.0,105753.0,2686.0574951171875,2504.476455078125,62.42789822957327,179.49082461980333
2024-09-25,2563.050048828125,2662.5,2481.050048828125,2638.75,183061.0,2685.117492675781,2507.76681640625,64.19607511164324,179.01636914819008
2024-09-26,2551.449951171875,2619.0,2535.199951171875,2575.0,85667.0,2683.7749877929687,2509.3654638671874,66.77636837329699,179.04295380357897
2024-09-27,2548.14990234375,2612.300048828125,2534.050048828125,2579.89990234375,124458.0,2675.1099853515625,2511.6314599609377,72.61857804950675,178.79743081181388
2024-09-30,2519.75,2548.0,2502.050048828125,2548.0,77350.0,2661.787487792969,2514.32857421875,75.54770726926876,177.8612977382931
2024-10-01,2508.699951171875,2548.0,2425.75,2528.949951171875,129926.0,2649.669982910156,2515.7446240234376,79.79347551934839,177.52189441810586
2024-10-03,2396.199951171875,2508.699951171875,2390.0,2433.0,187935.0,2635.4474853515626,2515.9187841796875,97.39088058974964,177.3977307572652
2024-10-04,2513.64990234375,2635.800048828125,2356.0,2396.199951171875,433312.0,2629.044982910156,2517.8694482421874,101.0967243902584,176.81318552281417
2024-10-07,2447.10009765625,2640.39990234375,2416.14990234375,2540.0,374235.0,2620.879992675781,2519.4492724609377,108.96966427128592,175.79774493735823
2024-10-08,2467.60009765625,2513.64990234375,2416.449951171875,2447.10009765625,116161.0,2609.2599975585936,2521.083408203125,112.42485954353413,174.90843850262522
2024-10-09,2449.199951171875,2498.0,2431.25,2481.25,93487.0,2596.025,2523.30169921875,115.00893269486724,173.23814033648557
2024-10-10,2447.89990234375,2469.949951171875,2415.0,2469.0,77892.0,2583.414990234375,2525.6978125,116.80915813734966,171.3007630895732
2024-10-11,2615.10009765625,2692.64990234375,2421.050048828125,2449.0,491130.0,2578.207495117188,2531.869545898437,112.68345162136109,168.78316482733527
2024-10-14,2608.75,2650.0,2592.0,2623.949951171875,146274.0,2573.154992675781,2538.99232421875,108.66639772855544,164.21046082972865
2024-10-15,2674.300048828125,2699.5,2611.89990234375,2619.050048828125,292367.0,2567.6349975585936,2545.598720703125,99.79689371491716,162.84366701571656
2024-10-16,2593.699951171875,2699.0,2580.39990234375,2670.0,117542.0,2558.757495117188,2552.5214111328123,87.92134388594116,157.17393446913533
2024-10-17,2584.75,2620.0,2541.0,2605.0,82079.0,2554.05,2560.7717724609374,83.56254940361858,147.32262321663515
2024-10-18,2681.64990234375,2698.0,2489.949951171875,2580.199951171875,217447.0,2555.042492675781,2568.8479931640627,85.01493825862954,142.48473148528984
2024-10-21,2745.699951171875,2949.800048828125,2725.0,2878.699951171875,966604.0,2558.2099853515624,2578.459990234375,90.97878145119942,137.70623444582012
2024-10-22,2626.800048828125,2760.0,2607.35009765625,2745.0,242426.0,2558.7374877929688,2585.2709912109376,91.36278844698764,131.22794776173296
2024-10-23,2628.0,2744.949951171875,2590.0,2630.0,285194.0,2558.574987792969,2590.1169921875,91.22982147159004,128.1453990280326
2024-10-24,2589.449951171875,2668.0,2564.5,2640.14990234375,191664.0,2559.894982910156,2595.8459912109374,91.48860027900456,121.26578395569072
2024-10-25,2511.949951171875,2605.0,2475.0,2605.0,142523.0,2557.919982910156,2601.924990234375,92.10477747667892,108.35791493655807
2024-10-28,2549.89990234375,2586.0,2499.050048828125,2519.949951171875,101351.0,2558.0074829101563,2606.72298828125,92.0958381651704,100.16983734009534
2024-10-29,2530.050048828125,2568.550048828125,2510.0,2561.89990234375,68190.0,2558.5224853515624,2608.814990234375,91.89923065684988,97.35961336109244
2024-10-30,2653.25,2698.89990234375,2511.050048828125,2530.0,182566.0,2565.749987792969,2611.029990234375,93.4457863091214,97.07952791716228
2024-10-31,2697.800048828125,2720.949951171875,2648.050048828125,2669.0,81111.0,2580.8299926757813,2614.8739892578124,88.86774838445403,96.62383052966592
2024-11-01,2716.550048828125,2745.0,2708.0,2745.0,35201.0,2590.975,2619.454990234375,92.3096627742262,95.88861269010214
2024-11-04,2643.199951171875,2739.0,2621.0,2715.050048828125,144980.0,2600.779992675781,2621.8109912109376,86.4520260519866,94.97331555626243
2024-11-05,2654.800048828125,2680.60009765625,2620.0,2630.35009765625,74402.0,2610.139990234375,2621.1519921875,81.25145968072626,94.6201011754818
2024-11-06,2799.449951171875,2848.449951171875,2679.800048828125,2679.800048828125,418041.0,2627.652490234375,2624.7809912109374,82.47392133799275,97.91885011705848
2024-11-07,2834.39990234375,2885.39990234375,2777.10009765625,2837.89990234375,250768.0,2646.977490234375,2629.831987304688,83.41443563600426,102.08423466704409
2024-11-08,2838.0,2980.0,2782.39990234375,2850.0,394375.0,2658.1224853515623,2635.025986328125,93.24292159767244,105.94259679269918
2024-11-11,2821.949951171875,2887.35009765625,2761.64990234375,2846.0,169526.0,2668.7824829101564,2637.035986328125,99.29215038186808,108.53733664724903
2024-11-12,2814.60009765625,2937.949951171875,2785.050048828125,2827.10009765625,225723.0,2675.7974853515625,2637.6039892578124,104.52091693788192,109.4047263030546
2024-11-13,2675.5,2813.75,2648.050048828125,2775.0,211744.0,2679.887487792969,2636.09298828125,102.72429642722815,108.32229458797993
2024-11-14,2670.85009765625,2784.0,2654.199951171875,2675.5,208510.0,2684.192492675781,2635.8969921875,100.30301772996526,108.24886982238364
2024-11-18,2694.550048828125,2720.0,2606.0,2675.0,123082.0,2684.8375,2636.953994140625,100.3272816609151,108.56425889270704
2024-11-19,2843.5,2930.0,2695.199951171875,2705.0,379787.0,2689.727502441406,2641.61599609375,105.6899671407305,112.3399666075576
2024-11-21,2801.0,2862.25,2770.0,2862.0,176909.0,2698.4375,2643.63599609375,107.39534368893536,114.30211360563273
2024-11-22,2795.449951171875,2829.0,2771.0,2812.449951171875,92109.0,2706.8099975585938,2645.2669970703123,108.1396361055996,115.89590137201068
2024-11-25,2873.5,2920.0,2783.64990234375,2858.0,277237.0,2721.0125,2648.7349951171877,110.54110737116817,120.0886935807379
2024-11-26,2837.0,2909.949951171875,2825.0,2890.0,97573.0,2737.265002441406,2651.0899951171878,101.729896780284,122.62748192752534
2024-11-27,2877.5,3060.0,2815.550048828125,2847.449951171875,649211.0,2753.6450073242186,2654.443994140625,96.19731604912562,126.49833598181388
2024-11-28,2797.35009765625,2942.5,2771.14990234375,2890.949951171875,226763.0,2767.010009765625,2654.6969970703126,80.84016469713448,126.77651563073223
2024-11-29,2750.14990234375,2807.10009765625,2697.0,2804.0,292114.0,2771.8550048828124,2654.274995117188,76.44776551194849,126.41523022497076
2024-12-02,2788.199951171875,2821.0,2730.0,2750.0,139620.0,2776.375,2656.46099609375,74.48608835825792,127.78731445086451
2024-12-03,2897.550048828125,2970.89990234375,2780.050048828125,2800.5,542481.0,2785.425,2661.17599609375,77.75863042137475,132.25934275921688
2024-12-04,2867.85009765625,2940.050048828125,2820.75,2912.60009765625,188422.0,2796.657507324219,2664.88599609375,72.15634898893914,135.4291583989381
2024-12-05,2876.0,2904.949951171875,2843.949951171875,2886.0,223013.0,2807.7175048828126,2670.08099609375,65.95431312737435,138.4731648331764
2024-12-06,2897.85009765625,3030.0,2885.0,2900.39990234375,480124.0,2812.6375122070312,2675.412998046875,68.90911610927252,142.03444944976798
2024-12-09,2919.14990234375,2980.0,2900.0,2910.0,150291.0,2816.8750122070314,2682.5349951171875,72.81303341957278,145.17839558872137
2024-12-10,2898.050048828125,2995.0,2855.949951171875,2932.85009765625,206513.0,2819.8775146484377,2689.4669970703126,74.93711044757407,147.05422974549683
2024-12-11,2869.949951171875,2936.0,2820.10009765625,2901.0,168472.0,2822.2775146484373,2695.902998046875,75.77098244351593,147.7832698718497
2024-12-12,2833.85009765625,2915.0,2825.0,2885.699951171875,115871.0,2823.2400146484374,2702.185,75.79058671221618,146.8152520846694
2024-12-13,2789.699951171875,2829.0,2710.050048828125,2829.0,240917.0,2828.9500122070312,2707.805,67.97282356972013,144.61944265851812
2024-12-16,2859.949951171875,2874.89990234375,2775.0,2780.0,182284.0,2838.4050048828126,2717.08,57.10713184406087,138.98858233903164
2024-12-17,2961.199951171875,3057.449951171875,2810.0,2859.050048828125,945296.0,2851.7375,2726.0310009765626,52.71198184637828,140.02756288540536
2024-12-18,2930.14990234375,2984.14990234375,2911.0,2965.449951171875,224675.0,2856.069995117188,2735.6919970703125,55.487194221798624,137.02178694673697
2024-12-19,2869.199951171875,2906.949951171875,2826.050048828125,2845.0,195662.0,2859.479992675781,2743.723994140625,54.000426629086206,132.6879870326334
2024-12-20,2759.449951171875,2890.0,2730.35009765625,2890.0,313776.0,2857.679992675781,2749.928994140625,56.77575392191002,125.70428416576426
2024-12-23,2680.949951171875,2801.949951171875,2645.0,2798.0,320838.0,2848.052490234375,2754.5899951171878,68.9682220139989,118.38428220580477
2024-12-24,2696.64990234375,2750.0,2682.0,2682.0,149864.0,2841.0349853515627,2756.2209912109374,76.84275670130528,116.9766844760831
2024-12-26,2701.10009765625,2723.64990234375,2658.949951171875,2705.0,166316.0,2832.214990234375,2758.0679931640625,82.36235890237481,115.31799332906098
2024-12-27,2740.199951171875,2759.949951171875,2702.0,2725.39990234375,94955.0,2829.357482910156,2759.3859912109374,84.59672285314298,114.71607205248664
2024-12-30,2711.64990234375,2734.0,2633.85009765625,2700.0,224584.0,2827.432482910156,2761.744990234375,86.90061656735766,112.42936182943214
2024-12-31,2725.64990234375,2758.550048828125,2663.5,2684.550048828125,116202.0,2824.30498046875,2764.56298828125,89.47434291627756,109.63355305516193
2025-01-01,2889.949951171875,2899.0,2729.949951171875,2735.0,251184.0,2823.9249755859373,2768.7289892578124,89.16248822739843,110.3737448682533
2025-01-02,2880.050048828125,2941.0,2856.199951171875,2870.050048828125,175897.0,2824.5349731445312,2771.4159912109376,89.51983090744037,111.43194655966812
2025-01-03,2839.39990234375,2894.89990234375,2832.0,2880.14990234375,92438.0,2822.704968261719,2775.66798828125,88.78345660315411,109.84598906940056
2025-01-06,2742.14990234375,2866.800048828125,2705.14990234375,2839.39990234375,211610.0,2814.919958496094,2777.950986328125,88.67377877246953,107.88296263656572
2025-01-07,2830.300048828125,2848.949951171875,2750.050048828125,2756.0,106759.0,2810.4774658203123,2782.76798828125,85.34009144674489,104.62230967781592
2025-01-08,2770.10009765625,2843.10009765625,2758.0,2830.0,95954.0,2804.079968261719,2787.930991210937,83.19871836676978,97.0830480484216
2025-01-09,2762.449951171875,2805.0,2735.949951171875,2771.89990234375,85713.0,2798.704968261719,2792.1819921875,82.18557281315599,90.90449421651633
