Date_Ticker,Close_NSLNISP.NS,High_NSLNISP.NS,Low_NSLNISP.NS,Open_NSLNISP.NS,Volume_NSLNISP.NS,MA_20_Unnamed: 6_level_1,MA_50_Unnamed: 7_level_1,Volatility_20_Unnamed: 8_level_1,Volatility_50_Unnamed: 9_level_1
Date,,,,,,,,,
2020-01-10,,,,,,,,,
2020-01-13,,,,,,,,,
2020-01-14,,,,,,,,,
2020-01-15,,,,,,,,,
2020-01-16,,,,,,,,,
2020-01-17,,,,,,,,,
2020-01-20,,,,,,,,,
2020-01-21,,,,,,,,,
2020-01-22,,,,,,,,,
2020-01-23,,,,,,,,,
2020-01-24,,,,,,,,,
2020-01-27,,,,,,,,,
2020-01-28,,,,,,,,,
2020-01-29,,,,,,,,,
2020-01-30,,,,,,,,,
2020-01-31,,,,,,,,,
2020-02-03,,,,,,,,,
2020-02-04,,,,,,,,,
2020-02-05,,,,,,,,,
2020-02-06,,,,,,,,,
2020-02-07,,,,,,,,,
2020-02-10,,,,,,,,,
2020-02-11,,,,,,,,,
2020-02-12,,,,,,,,,
2020-02-13,,,,,,,,,
2020-02-14,,,,,,,,,
2020-02-17,,,,,,,,,
2020-02-18,,,,,,,,,
2020-02-19,,,,,,,,,
2020-02-20,,,,,,,,,
2020-02-24,,,,,,,,,
2020-02-25,,,,,,,,,
2020-02-26,,,,,,,,,
2020-02-27,,,,,,,,,
2020-02-28,,,,,,,,,
2020-03-02,,,,,,,,,
2020-03-03,,,,,,,,,
2020-03-04,,,,,,,,,
2020-03-05,,,,,,,,,
2020-03-06,,,,,,,,,
2020-03-09,,,,,,,,,
2020-03-11,,,,,,,,,
2020-03-12,,,,,,,,,
2020-03-13,,,,,,,,,
2020-03-16,,,,,,,,,
2020-03-17,,,,,,,,,
2020-03-18,,,,,,,,,
2020-03-19,,,,,,,,,
2020-03-20,,,,,,,,,
2020-03-23,,,,,,,,,
2020-03-24,,,,,,,,,
2020-03-25,,,,,,,,,
2020-03-26,,,,,,,,,
2020-03-27,,,,,,,,,
2020-03-30,,,,,,,,,
2020-03-31,,,,,,,,,
2020-04-01,,,,,,,,,
2020-04-03,,,,,,,,,
2020-04-07,,,,,,,,,
2020-04-08,,,,,,,,,
2020-04-09,,,,,,,,,
2020-04-13,,,,,,,,,
2020-04-15,,,,,,,,,
2020-04-16,,,,,,,,,
2020-04-17,,,,,,,,,
2020-04-20,,,,,,,,,
2020-04-21,,,,,,,,,
2020-04-22,,,,,,,,,
2020-04-23,,,,,,,,,
2020-04-24,,,,,,,,,
2020-04-27,,,,,,,,,
2020-04-28,,,,,,,,,
2020-04-29,,,,,,,,,
2020-04-30,,,,,,,,,
2020-05-04,,,,,,,,,
2020-05-05,,,,,,,,,
2020-05-06,,,,,,,,,
2020-05-07,,,,,,,,,
2020-05-08,,,,,,,,,
2020-05-11,,,,,,,,,
2020-05-12,,,,,,,,,
2020-05-13,,,,,,,,,
2020-05-14,,,,,,,,,
2020-05-15,,,,,,,,,
2020-05-18,,,,,,,,,
2020-05-19,,,,,,,,,
2020-05-20,,,,,,,,,
2020-05-21,,,,,,,,,
2020-05-22,,,,,,,,,
2020-05-26,,,,,,,,,
2020-05-27,,,,,,,,,
2020-05-28,,,,,,,,,
2020-05-29,,,,,,,,,
2020-06-01,,,,,,,,,
2020-06-02,,,,,,,,,
2020-06-03,,,,,,,,,
2020-06-04,,,,,,,,,
2020-06-05,,,,,,,,,
2020-06-08,,,,,,,,,
2020-06-09,,,,,,,,,
2020-06-10,,,,,,,,,
2020-06-11,,,,,,,,,
2020-06-12,,,,,,,,,
2020-06-15,,,,,,,,,
2020-06-16,,,,,,,,,
2020-06-17,,,,,,,,,
2020-06-18,,,,,,,,,
2020-06-19,,,,,,,,,
2020-06-22,,,,,,,,,
2020-06-23,,,,,,,,,
2020-06-24,,,,,,,,,
2020-06-25,,,,,,,,,
2020-06-26,,,,,,,,,
2020-06-29,,,,,,,,,
2020-06-30,,,,,,,,,
2020-07-01,,,,,,,,,
2020-07-02,,,,,,,,,
2020-07-03,,,,,,,,,
2020-07-06,,,,,,,,,
2020-07-07,,,,,,,,,
2020-07-08,,,,,,,,,
2020-07-09,,,,,,,,,
2020-07-10,,,,,,,,,
2020-07-13,,,,,,,,,
2020-07-14,,,,,,,,,
2020-07-15,,,,,,,,,
2020-07-16,,,,,,,,,
2020-07-17,,,,,,,,,
2020-07-20,,,,,,,,,
2020-07-21,,,,,,,,,
2020-07-22,,,,,,,,,
2020-07-23,,,,,,,,,
2020-07-24,,,,,,,,,
2020-07-27,,,,,,,,,
2020-07-28,,,,,,,,,
2020-07-29,,,,,,,,,
2020-07-30,,,,,,,,,
2020-07-31,,,,,,,,,
2020-08-03,,,,,,,,,
2020-08-04,,,,,,,,,
2020-08-05,,,,,,,,,
2020-08-06,,,,,,,,,
2020-08-07,,,,,,,,,
2020-08-10,,,,,,,,,
2020-08-11,,,,,,,,,
2020-08-12,,,,,,,,,
2020-08-13,,,,,,,,,
2020-08-14,,,,,,,,,
2020-08-17,,,,,,,,,
2020-08-18,,,,,,,,,
2020-08-19,,,,,,,,,
2020-08-20,,,,,,,,,
2020-08-21,,,,,,,,,
2020-08-24,,,,,,,,,
2020-08-25,,,,,,,,,
2020-08-26,,,,,,,,,
2020-08-27,,,,,,,,,
2020-08-28,,,,,,,,,
2020-08-31,,,,,,,,,
2020-09-01,,,,,,,,,
2020-09-02,,,,,,,,,
2020-09-03,,,,,,,,,
2020-09-04,,,,,,,,,
2020-09-07,,,,,,,,,
2020-09-08,,,,,,,,,
2020-09-09,,,,,,,,,
2020-09-10,,,,,,,,,
2020-09-11,,,,,,,,,
2020-09-14,,,,,,,,,
2020-09-15,,,,,,,,,
2020-09-16,,,,,,,,,
2020-09-17,,,,,,,,,
2020-09-18,,,,,,,,,
2020-09-21,,,,,,,,,
2020-09-22,,,,,,,,,
2020-09-23,,,,,,,,,
2020-09-24,,,,,,,,,
2020-09-25,,,,,,,,,
2020-09-28,,,,,,,,,
2020-09-29,,,,,,,,,
2020-09-30,,,,,,,,,
2020-10-01,,,,,,,,,
2020-10-05,,,,,,,,,
2020-10-06,,,,,,,,,
2020-10-07,,,,,,,,,
2020-10-08,,,,,,,,,
2020-10-09,,,,,,,,,
2020-10-12,,,,,,,,,
2020-10-13,,,,,,,,,
2020-10-14,,,,,,,,,
2020-10-15,,,,,,,,,
2020-10-16,,,,,,,,,
2020-10-19,,,,,,,,,
2020-10-20,,,,,,,,,
2020-10-21,,,,,,,,,
2020-10-22,,,,,,,,,
2020-10-23,,,,,,,,,
2020-10-26,,,,,,,,,
2020-10-27,,,,,,,,,
2020-10-28,,,,,,,,,
2020-10-29,,,,,,,,,
2020-10-30,,,,,,,,,
2020-11-02,,,,,,,,,
2020-11-03,,,,,,,,,
2020-11-04,,,,,,,,,
2020-11-05,,,,,,,,,
2020-11-06,,,,,,,,,
2020-11-09,,,,,,,,,
2020-11-10,,,,,,,,,
2020-11-11,,,,,,,,,
2020-11-12,,,,,,,,,
2020-11-13,,,,,,,,,
2020-11-14,,,,,,,,,
2020-11-17,,,,,,,,,
2020-11-18,,,,,,,,,
2020-11-19,,,,,,,,,
2020-11-20,,,,,,,,,
2020-11-23,,,,,,,,,
2020-11-24,,,,,,,,,
2020-11-25,,,,,,,,,
2020-11-26,,,,,,,,,
2020-11-27,,,,,,,,,
2020-12-01,,,,,,,,,
2020-12-02,,,,,,,,,
2020-12-03,,,,,,,,,
2020-12-04,,,,,,,,,
2020-12-07,,,,,,,,,
2020-12-08,,,,,,,,,
2020-12-09,,,,,,,,,
2020-12-10,,,,,,,,,
2020-12-11,,,,,,,,,
2020-12-14,,,,,,,,,
2020-12-15,,,,,,,,,
2020-12-16,,,,,,,,,
2020-12-17,,,,,,,,,
2020-12-18,,,,,,,,,
2020-12-21,,,,,,,,,
2020-12-22,,,,,,,,,
2020-12-23,,,,,,,,,
2020-12-24,,,,,,,,,
2020-12-28,,,,,,,,,
2020-12-29,,,,,,,,,
2020-12-30,,,,,,,,,
2020-12-31,,,,,,,,,
2021-01-01,,,,,,,,,
2021-01-04,,,,,,,,,
2021-01-05,,,,,,,,,
2021-01-06,,,,,,,,,
2021-01-07,,,,,,,,,
2021-01-08,,,,,,,,,
2021-01-11,,,,,,,,,
2021-01-12,,,,,,,,,
2021-01-13,,,,,,,,,
2021-01-14,,,,,,,,,
2021-01-15,,,,,,,,,
2021-01-18,,,,,,,,,
2021-01-19,,,,,,,,,
2021-01-20,,,,,,,,,
2021-01-21,,,,,,,,,
2021-01-22,,,,,,,,,
2021-01-25,,,,,,,,,
2021-01-27,,,,,,,,,
2021-01-28,,,,,,,,,
2021-01-29,,,,,,,,,
2021-02-01,,,,,,,,,
2021-02-02,,,,,,,,,
2021-02-03,,,,,,,,,
2021-02-04,,,,,,,,,
2021-02-05,,,,,,,,,
2021-02-08,,,,,,,,,
2021-02-09,,,,,,,,,
2021-02-10,,,,,,,,,
2021-02-11,,,,,,,,,
2021-02-12,,,,,,,,,
2021-02-15,,,,,,,,,
2021-02-16,,,,,,,,,
2021-02-17,,,,,,,,,
2021-02-18,,,,,,,,,
2021-02-19,,,,,,,,,
2021-02-22,,,,,,,,,
2021-02-23,,,,,,,,,
2021-02-24,,,,,,,,,
2021-02-25,,,,,,,,,
2021-02-26,,,,,,,,,
2021-03-01,,,,,,,,,
2021-03-02,,,,,,,,,
2021-03-03,,,,,,,,,
2021-03-04,,,,,,,,,
2021-03-05,,,,,,,,,
2021-03-08,,,,,,,,,
2021-03-09,,,,,,,,,
2021-03-10,,,,,,,,,
2021-03-12,,,,,,,,,
2021-03-15,,,,,,,,,
2021-03-16,,,,,,,,,
2021-03-17,,,,,,,,,
2021-03-18,,,,,,,,,
2021-03-19,,,,,,,,,
2021-03-22,,,,,,,,,
2021-03-23,,,,,,,,,
2021-03-24,,,,,,,,,
2021-03-25,,,,,,,,,
2021-03-26,,,,,,,,,
2021-03-30,,,,,,,,,
2021-03-31,,,,,,,,,
2021-04-01,,,,,,,,,
2021-04-05,,,,,,,,,
2021-04-06,,,,,,,,,
2021-04-07,,,,,,,,,
2021-04-08,,,,,,,,,
2021-04-09,,,,,,,,,
2021-04-12,,,,,,,,,
2021-04-13,,,,,,,,,
2021-04-15,,,,,,,,,
2021-04-16,,,,,,,,,
2021-04-19,,,,,,,,,
2021-04-20,,,,,,,,,
2021-04-22,,,,,,,,,
2021-04-23,,,,,,,,,
2021-04-26,,,,,,,,,
2021-04-27,,,,,,,,,
2021-04-28,,,,,,,,,
2021-04-29,,,,,,,,,
2021-04-30,,,,,,,,,
2021-05-03,,,,,,,,,
2021-05-04,,,,,,,,,
2021-05-05,,,,,,,,,
2021-05-06,,,,,,,,,
2021-05-07,,,,,,,,,
2021-05-10,,,,,,,,,
2021-05-11,,,,,,,,,
2021-05-12,,,,,,,,,
2021-05-14,,,,,,,,,
2021-05-17,,,,,,,,,
2021-05-18,,,,,,,,,
2021-05-19,,,,,,,,,
2021-05-20,,,,,,,,,
2021-05-21,,,,,,,,,
2021-05-24,,,,,,,,,
2021-05-25,,,,,,,,,
2021-05-26,,,,,,,,,
2021-05-27,,,,,,,,,
2021-05-28,,,,,,,,,
2021-05-31,,,,,,,,,
2021-06-01,,,,,,,,,
2021-06-02,,,,,,,,,
2021-06-03,,,,,,,,,
2021-06-04,,,,,,,,,
2021-06-07,,,,,,,,,
2021-06-08,,,,,,,,,
2021-06-09,,,,,,,,,
2021-06-10,,,,,,,,,
2021-06-11,,,,,,,,,
2021-06-14,,,,,,,,,
2021-06-15,,,,,,,,,
2021-06-16,,,,,,,,,
2021-06-17,,,,,,,,,
2021-06-18,,,,,,,,,
2021-06-21,,,,,,,,,
2021-06-22,,,,,,,,,
2021-06-23,,,,,,,,,
2021-06-24,,,,,,,,,
2021-06-25,,,,,,,,,
2021-06-28,,,,,,,,,
2021-06-29,,,,,,,,,
2021-06-30,,,,,,,,,
2021-07-01,,,,,,,,,
2021-07-02,,,,,,,,,
2021-07-05,,,,,,,,,
2021-07-06,,,,,,,,,
2021-07-07,,,,,,,,,
2021-07-08,,,,,,,,,
2021-07-09,,,,,,,,,
2021-07-12,,,,,,,,,
2021-07-13,,,,,,,,,
2021-07-14,,,,,,,,,
2021-07-15,,,,,,,,,
2021-07-16,,,,,,,,,
2021-07-19,,,,,,,,,
2021-07-20,,,,,,,,,
2021-07-22,,,,,,,,,
2021-07-23,,,,,,,,,
2021-07-26,,,,,,,,,
2021-07-27,,,,,,,,,
2021-07-28,,,,,,,,,
2021-07-29,,,,,,,,,
2021-07-30,,,,,,,,,
2021-08-02,,,,,,,,,
2021-08-03,,,,,,,,,
2021-08-04,,,,,,,,,
2021-08-05,,,,,,,,,
2021-08-06,,,,,,,,,
2021-08-09,,,,,,,,,
2021-08-10,,,,,,,,,
2021-08-11,,,,,,,,,
2021-08-12,,,,,,,,,
2021-08-13,,,,,,,,,
2021-08-16,,,,,,,,,
2021-08-17,,,,,,,,,
2021-08-18,,,,,,,,,
2021-08-20,,,,,,,,,
2021-08-23,,,,,,,,,
2021-08-24,,,,,,,,,
2021-08-25,,,,,,,,,
2021-08-26,,,,,,,,,
2021-08-27,,,,,,,,,
2021-08-30,,,,,,,,,
2021-08-31,,,,,,,,,
2021-09-01,,,,,,,,,
2021-09-02,,,,,,,,,
2021-09-03,,,,,,,,,
2021-09-06,,,,,,,,,
2021-09-07,,,,,,,,,
2021-09-08,,,,,,,,,
2021-09-09,,,,,,,,,
2021-09-13,,,,,,,,,
2021-09-14,,,,,,,,,
2021-09-15,,,,,,,,,
2021-09-16,,,,,,,,,
2021-09-17,,,,,,,,,
2021-09-20,,,,,,,,,
2021-09-21,,,,,,,,,
2021-09-22,,,,,,,,,
2021-09-23,,,,,,,,,
2021-09-24,,,,,,,,,
2021-09-27,,,,,,,,,
2021-09-28,,,,,,,,,
2021-09-29,,,,,,,,,
2021-09-30,,,,,,,,,
2021-10-01,,,,,,,,,
2021-10-04,,,,,,,,,
2021-10-05,,,,,,,,,
2021-10-06,,,,,,,,,
2021-10-07,,,,,,,,,
2021-10-08,,,,,,,,,
2021-10-11,,,,,,,,,
2021-10-12,,,,,,,,,
2021-10-13,,,,,,,,,
2021-10-14,,,,,,,,,
2021-10-18,,,,,,,,,
2021-10-19,,,,,,,,,
2021-10-20,,,,,,,,,
2021-10-21,,,,,,,,,
2021-10-22,,,,,,,,,
2021-10-25,,,,,,,,,
2021-10-26,,,,,,,,,
2021-10-27,,,,,,,,,
2021-10-28,,,,,,,,,
2021-10-29,,,,,,,,,
2021-11-01,,,,,,,,,
2021-11-02,,,,,,,,,
2021-11-03,,,,,,,,,
2021-11-04,,,,,,,,,
2021-11-08,,,,,,,,,
2021-11-09,,,,,,,,,
2021-11-10,,,,,,,,,
2021-11-11,,,,,,,,,
2021-11-12,,,,,,,,,
2021-11-15,,,,,,,,,
2021-11-16,,,,,,,,,
2021-11-17,,,,,,,,,
2021-11-18,,,,,,,,,
2021-11-22,,,,,,,,,
2021-11-23,,,,,,,,,
2021-11-24,,,,,,,,,
2021-11-25,,,,,,,,,
2021-11-26,,,,,,,,,
2021-11-29,,,,,,,,,
2021-11-30,,,,,,,,,
2021-12-01,,,,,,,,,
2021-12-02,,,,,,,,,
2021-12-03,,,,,,,,,
2021-12-06,,,,,,,,,
2021-12-07,,,,,,,,,
2021-12-08,,,,,,,,,
2021-12-09,,,,,,,,,
2021-12-10,,,,,,,,,
2021-12-13,,,,,,,,,
2021-12-14,,,,,,,,,
2021-12-15,,,,,,,,,
2021-12-16,,,,,,,,,
2021-12-17,,,,,,,,,
2021-12-20,,,,,,,,,
2021-12-21,,,,,,,,,
2021-12-22,,,,,,,,,
2021-12-23,,,,,,,,,
2021-12-24,,,,,,,,,
2021-12-27,,,,,,,,,
2021-12-28,,,,,,,,,
2021-12-29,,,,,,,,,
2021-12-30,,,,,,,,,
2021-12-31,,,,,,,,,
2022-01-03,,,,,,,,,
2022-01-04,,,,,,,,,
2022-01-05,,,,,,,,,
2022-01-06,,,,,,,,,
2022-01-07,,,,,,,,,
2022-01-10,,,,,,,,,
2022-01-11,,,,,,,,,
2022-01-12,,,,,,,,,
2022-01-13,,,,,,,,,
2022-01-14,,,,,,,,,
2022-01-17,,,,,,,,,
2022-01-18,,,,,,,,,
2022-01-19,,,,,,,,,
2022-01-20,,,,,,,,,
2022-01-21,,,,,,,,,
2022-01-24,,,,,,,,,
2022-01-25,,,,,,,,,
2022-01-27,,,,,,,,,
2022-01-28,,,,,,,,,
2022-01-31,,,,,,,,,
2022-02-01,,,,,,,,,
2022-02-02,,,,,,,,,
2022-02-03,,,,,,,,,
2022-02-04,,,,,,,,,
2022-02-07,,,,,,,,,
2022-02-08,,,,,,,,,
2022-02-09,,,,,,,,,
2022-02-10,,,,,,,,,
2022-02-11,,,,,,,,,
2022-02-14,,,,,,,,,
2022-02-15,,,,,,,,,
2022-02-16,,,,,,,,,
2022-02-17,,,,,,,,,
2022-02-18,,,,,,,,,
2022-02-21,,,,,,,,,
2022-02-22,,,,,,,,,
2022-02-23,,,,,,,,,
2022-02-24,,,,,,,,,
2022-02-25,,,,,,,,,
2022-02-28,,,,,,,,,
2022-03-02,,,,,,,,,
2022-03-03,,,,,,,,,
2022-03-04,,,,,,,,,
2022-03-07,,,,,,,,,
2022-03-08,,,,,,,,,
2022-03-09,,,,,,,,,
2022-03-10,,,,,,,,,
2022-03-11,,,,,,,,,
2022-03-14,,,,,,,,,
2022-03-15,,,,,,,,,
2022-03-16,,,,,,,,,
2022-03-17,,,,,,,,,
2022-03-21,,,,,,,,,
2022-03-22,,,,,,,,,
2022-03-23,,,,,,,,,
2022-03-24,,,,,,,,,
2022-03-25,,,,,,,,,
2022-03-28,,,,,,,,,
2022-03-29,,,,,,,,,
2022-03-30,,,,,,,,,
2022-03-31,,,,,,,,,
2022-04-01,,,,,,,,,
2022-04-04,,,,,,,,,
2022-04-05,,,,,,,,,
2022-04-06,,,,,,,,,
2022-04-07,,,,,,,,,
2022-04-08,,,,,,,,,
2022-04-11,,,,,,,,,
2022-04-12,,,,,,,,,
2022-04-13,,,,,,,,,
2022-04-18,,,,,,,,,
2022-04-19,,,,,,,,,
2022-04-20,,,,,,,,,
2022-04-21,,,,,,,,,
2022-04-22,,,,,,,,,
2022-04-25,,,,,,,,,
2022-04-26,,,,,,,,,
2022-04-27,,,,,,,,,
2022-04-28,,,,,,,,,
2022-04-29,,,,,,,,,
2022-05-02,,,,,,,,,
2022-05-04,,,,,,,,,
2022-05-05,,,,,,,,,
2022-05-06,,,,,,,,,
2022-05-09,,,,,,,,,
2022-05-10,,,,,,,,,
2022-05-11,,,,,,,,,
2022-05-12,,,,,,,,,
2022-05-13,,,,,,,,,
2022-05-16,,,,,,,,,
2022-05-17,,,,,,,,,
2022-05-18,,,,,,,,,
2022-05-19,,,,,,,,,
2022-05-20,,,,,,,,,
2022-05-23,,,,,,,,,
2022-05-24,,,,,,,,,
2022-05-25,,,,,,,,,
2022-05-26,,,,,,,,,
2022-05-27,,,,,,,,,
2022-05-30,,,,,,,,,
2022-05-31,,,,,,,,,
2022-06-01,,,,,,,,,
2022-06-02,,,,,,,,,
2022-06-03,,,,,,,,,
2022-06-06,,,,,,,,,
2022-06-07,,,,,,,,,
2022-06-08,,,,,,,,,
2022-06-09,,,,,,,,,
2022-06-10,,,,,,,,,
2022-06-13,,,,,,,,,
2022-06-14,,,,,,,,,
2022-06-15,,,,,,,,,
2022-06-16,,,,,,,,,
2022-06-17,,,,,,,,,
2022-06-20,,,,,,,,,
2022-06-21,,,,,,,,,
2022-06-22,,,,,,,,,
2022-06-23,,,,,,,,,
2022-06-24,,,,,,,,,
2022-06-27,,,,,,,,,
2022-06-28,,,,,,,,,
2022-06-29,,,,,,,,,
2022-06-30,,,,,,,,,
2022-07-01,,,,,,,,,
2022-07-04,,,,,,,,,
2022-07-05,,,,,,,,,
2022-07-06,,,,,,,,,
2022-07-07,,,,,,,,,
2022-07-08,,,,,,,,,
2022-07-11,,,,,,,,,
2022-07-12,,,,,,,,,
2022-07-13,,,,,,,,,
2022-07-14,,,,,,,,,
2022-07-15,,,,,,,,,
2022-07-18,,,,,,,,,
2022-07-19,,,,,,,,,
2022-07-20,,,,,,,,,
2022-07-21,,,,,,,,,
2022-07-22,,,,,,,,,
2022-07-25,,,,,,,,,
2022-07-26,,,,,,,,,
2022-07-27,,,,,,,,,
2022-07-28,,,,,,,,,
2022-07-29,,,,,,,,,
2022-08-01,,,,,,,,,
2022-08-02,,,,,,,,,
2022-08-03,,,,,,,,,
2022-08-04,,,,,,,,,
2022-08-05,,,,,,,,,
2022-08-08,,,,,,,,,
2022-08-10,,,,,,,,,
2022-08-11,,,,,,,,,
2022-08-12,,,,,,,,,
2022-08-16,,,,,,,,,
2022-08-17,,,,,,,,,
2022-08-18,,,,,,,,,
2022-08-19,,,,,,,,,
2022-08-22,,,,,,,,,
2022-08-23,,,,,,,,,
2022-08-24,,,,,,,,,
2022-08-25,,,,,,,,,
2022-08-26,,,,,,,,,
2022-08-29,,,,,,,,,
2022-08-30,,,,,,,,,
2022-09-01,,,,,,,,,
2022-09-02,,,,,,,,,
2022-09-05,,,,,,,,,
2022-09-06,,,,,,,,,
2022-09-07,,,,,,,,,
2022-09-08,,,,,,,,,
2022-09-09,,,,,,,,,
2022-09-12,,,,,,,,,
2022-09-13,,,,,,,,,
2022-09-14,,,,,,,,,
2022-09-15,,,,,,,,,
2022-09-16,,,,,,,,,
2022-09-19,,,,,,,,,
2022-09-20,,,,,,,,,
2022-09-21,,,,,,,,,
2022-09-22,,,,,,,,,
2022-09-23,,,,,,,,,
2022-09-26,,,,,,,,,
2022-09-27,,,,,,,,,
2022-09-28,,,,,,,,,
2022-09-29,,,,,,,,,
2022-09-30,,,,,,,,,
2022-10-03,,,,,,,,,
2022-10-04,,,,,,,,,
2022-10-06,,,,,,,,,
2022-10-07,,,,,,,,,
2022-10-10,,,,,,,,,
2022-10-11,,,,,,,,,
2022-10-12,,,,,,,,,
2022-10-13,,,,,,,,,
2022-10-14,,,,,,,,,
2022-10-17,,,,,,,,,
2022-10-18,,,,,,,,,
2022-10-19,,,,,,,,,
2022-10-20,,,,,,,,,
2022-10-21,,,,,,,,,
2022-10-24,,,,,,,,,
2022-10-25,,,,,,,,,
2022-10-27,,,,,,,,,
2022-10-28,,,,,,,,,
2022-10-31,,,,,,,,,
2022-11-01,,,,,,,,,
2022-11-02,,,,,,,,,
2022-11-03,,,,,,,,,
2022-11-04,,,,,,,,,
2022-11-07,,,,,,,,,
2022-11-09,,,,,,,,,
2022-11-10,,,,,,,,,
2022-11-11,,,,,,,,,
2022-11-14,,,,,,,,,
2022-11-15,,,,,,,,,
2022-11-16,,,,,,,,,
2022-11-17,,,,,,,,,
2022-11-18,,,,,,,,,
2022-11-21,,,,,,,,,
2022-11-22,,,,,,,,,
2022-11-23,,,,,,,,,
2022-11-24,,,,,,,,,
2022-11-25,,,,,,,,,
2022-11-28,,,,,,,,,
2022-11-29,,,,,,,,,
2022-11-30,,,,,,,,,
2022-12-01,,,,,,,,,
2022-12-02,,,,,,,,,
2022-12-05,,,,,,,,,
2022-12-06,,,,,,,,,
2022-12-07,,,,,,,,,
2022-12-08,,,,,,,,,
2022-12-09,,,,,,,,,
2022-12-12,,,,,,,,,
2022-12-13,,,,,,,,,
2022-12-14,,,,,,,,,
2022-12-15,,,,,,,,,
2022-12-16,,,,,,,,,
2022-12-19,,,,,,,,,
2022-12-20,,,,,,,,,
2022-12-21,,,,,,,,,
2022-12-22,,,,,,,,,
2022-12-23,,,,,,,,,
2022-12-26,,,,,,,,,
2022-12-27,,,,,,,,,
2022-12-28,,,,,,,,,
2022-12-29,,,,,,,,,
2022-12-30,,,,,,,,,
2023-01-02,,,,,,,,,
2023-01-03,,,,,,,,,
2023-01-04,,,,,,,,,
2023-01-05,,,,,,,,,
2023-01-06,,,,,,,,,
2023-01-09,,,,,,,,,
2023-01-10,,,,,,,,,
2023-01-11,,,,,,,,,
2023-01-12,,,,,,,,,
2023-01-13,,,,,,,,,
2023-01-16,,,,,,,,,
2023-01-17,,,,,,,,,
2023-01-18,,,,,,,,,
2023-01-19,,,,,,,,,
2023-01-20,,,,,,,,,
2023-01-23,,,,,,,,,
2023-01-24,,,,,,,,,
2023-01-25,,,,,,,,,
2023-01-27,,,,,,,,,
2023-01-30,,,,,,,,,
2023-01-31,,,,,,,,,
2023-02-01,,,,,,,,,
2023-02-02,,,,,,,,,
2023-02-03,,,,,,,,,
2023-02-06,,,,,,,,,
2023-02-07,,,,,,,,,
2023-02-08,,,,,,,,,
2023-02-09,,,,,,,,,
2023-02-10,,,,,,,,,
2023-02-13,,,,,,,,,
2023-02-14,,,,,,,,,
2023-02-15,,,,,,,,,
2023-02-16,,,,,,,,,
2023-02-17,,,,,,,,,
2023-02-20,31.75,31.75,30.25,30.25,8765770.0,,,,
2023-02-21,33.29999923706055,33.29999923706055,33.29999923706055,33.29999923706055,8902381.0,,,,
2023-02-22,34.95000076293945,34.95000076293945,34.0,34.95000076293945,31380875.0,,,,
2023-02-23,33.54999923706055,36.20000076293945,33.400001525878906,35.599998474121094,15096767.0,,,,
2023-02-24,31.950000762939453,33.95000076293945,31.899999618530277,33.650001525878906,11936852.0,,,,
2023-02-27,32.5,33.5,30.399999618530277,31.350000381469727,7186494.0,,,,
2023-02-28,33.349998474121094,33.75,32.20000076293945,32.400001525878906,5996625.0,,,,
2023-03-01,35.0,35.0,32.400001525878906,33.5,6631416.0,,,,
2023-03-02,36.75,36.75,35.75,36.45000076293945,4149208.0,,,,
2023-03-03,38.25,38.54999923706055,37.75,38.54999923706055,11609913.0,,,,
2023-03-06,38.29999923706055,39.400001525878906,36.400001525878906,38.150001525878906,14868814.0,,,,
2023-03-08,38.0,38.400001525878906,37.5,38.04999923706055,11493479.0,,,,
2023-03-09,38.29999923706055,38.900001525878906,38.0,38.650001525878906,8044416.0,,,,
2023-03-10,37.45000076293945,38.25,37.0,38.150001525878906,3408013.0,,,,
2023-03-13,36.20000076293945,37.900001525878906,35.599998474121094,37.84999847412109,6382429.0,,,,
2023-03-14,35.04999923706055,36.5,34.849998474121094,36.45000076293945,4942981.0,,,,
2023-03-15,35.25,35.79999923706055,35.04999923706055,35.79999923706055,2586162.0,,,,
2023-03-16,35.95000076293945,36.25,33.54999923706055,35.04999923706055,6789060.0,,,,
2023-03-17,34.79999923706055,36.5,34.25,36.5,9770409.0,,,,
2023-03-20,33.75,34.599998474121094,33.650001525878906,34.099998474121094,4757914.0,35.21999988555908,,2.1433127739909987,
2023-03-21,33.099998474121094,33.95000076293945,32.79999923706055,33.95000076293945,11742014.0,35.287499809265135,,2.0473909620811424,
2023-03-22,33.04999923706055,33.45000076293945,33.0,33.150001525878906,5527344.0,35.27499980926514,,2.0608826745471243,
2023-03-23,32.79999923706055,33.25,32.70000076293945,33.099998474121094,4507098.0,35.167499732971194,,2.1335217819982413,
2023-03-24,32.54999923706055,33.099998474121094,32.400001525878906,33.0,3706604.0,35.11749973297119,,2.1845316212764714,
2023-03-27,31.100000381469727,32.849998474121094,30.799999237060547,32.599998474121094,3853769.0,35.074999713897704,,2.2564820776052104,
2023-03-28,30.799999237060547,31.799999237060547,30.700000762939453,31.25,3387343.0,34.98999967575073,,2.3868391494897483,
2023-03-29,30.649999618530277,31.100000381469727,29.75,30.450000762939453,9824141.0,34.854999732971194,,2.554918046368398,
2023-03-31,31.049999237060547,31.600000381469727,30.899999618530277,31.5,16268204.0,34.65749969482422,,2.692107339736505,
2023-04-03,30.799999237060547,31.299999237060547,30.549999237060547,31.299999237060547,3264090.0,34.359999656677246,,2.7761486332605823,
2023-04-05,30.649999618530277,30.899999618530277,30.5,30.899999618530277,3276172.0,33.97999963760376,,2.7355074653547504,
2023-04-06,32.75,33.20000076293945,30.399999618530277,30.649999618530277,11431184.0,33.70249967575073,,2.5493796847143435,
2023-04-10,32.54999923706055,33.400001525878906,32.349998474121094,33.25,5640948.0,33.42999963760376,,2.3492666444558754,
2023-04-11,32.349998474121094,33.29999923706055,32.20000076293945,32.54999923706055,2815463.0,33.132499599456786,,2.0588883373619,
2023-04-12,32.25,32.849998474121094,32.20000076293945,32.70000076293945,3683477.0,32.872499561309816,,1.796596070620492,
2023-04-13,31.700000762939453,32.400001525878906,31.600000381469727,32.349998474121094,2616084.0,32.647499561309814,,1.6321987199019896,
2023-04-17,32.0,32.25,31.100000381469727,31.700000762939453,3965734.0,32.49499959945679,,1.535535339296754,
2023-04-18,32.04999923706055,32.45000076293945,31.799999237060547,32.04999923706055,5240891.0,32.334999561309814,,1.3935094783307211,
2023-04-19,33.599998474121094,35.0,32.650001525878906,33.099998474121094,11601830.0,32.2174994468689,,1.1505460415662374,
2023-04-20,36.79999923706055,38.29999923706055,33.400001525878906,33.849998474121094,23003085.0,32.317499446868894,,1.4378596454869557,
2023-04-21,36.0,37.25,35.75,37.0,6152410.0,32.4299994468689,,1.630902145106837,
2023-04-24,35.25,36.45000076293945,35.04999923706055,36.45000076293945,4707807.0,32.53749952316284,,1.744304618291142,
2023-04-25,36.04999923706055,36.45000076293945,35.099998474121094,35.29999923706055,7089321.0,32.68749952316284,,1.9116591265983771,
2023-04-26,37.04999923706055,37.5,36.0,36.29999923706055,4893954.0,32.89999952316284,,2.1466006698224427,
2023-04-27,37.0,37.20000076293945,36.54999923706055,37.20000076293945,5130726.0,33.122499561309816,,2.331109659506506,
2023-04-28,36.900001525878906,37.45000076293945,36.650001525878906,37.0,3353590.0,33.41249961853028,,2.4251358089410853,
2023-05-02,38.400001525878906,38.75,36.900001525878906,37.400001525878906,8421795.0,33.792499732971194,,2.584431174690017,
2023-05-03,38.20000076293945,39.900001525878906,37.95000076293945,38.34999847412109,10054301.0,34.16999979019165,,2.651782299683345,
2023-05-04,38.45000076293945,39.09999847412109,38.20000076293945,38.34999847412109,4195006.0,34.539999866485594,,2.7091758474856977,
2023-05-05,37.70000076293945,38.70000076293945,36.900001525878906,38.34999847412109,5271120.0,34.884999942779544,,2.646452855228853,
2023-05-08,37.84999847412109,38.20000076293945,37.54999923706055,37.95000076293945,2153811.0,35.24499988555908,34.51699977874756,2.527059149459482,2.560744111438744
2023-05-09,36.5,38.20000076293945,36.09999847412109,37.95000076293945,4238352.0,35.43249988555908,34.61199977874756,2.470685040426703,2.544052134585809
2023-05-10,37.150001525878906,37.400001525878906,36.45000076293945,36.59999847412109,2631109.0,35.6625,34.688999824523925,2.401363731560484,2.5617337839257344
2023-05-11,37.150001525878906,37.400001525878906,36.75,37.29999923706055,3026423.0,35.90250015258789,34.732999839782714,2.290166629418336,2.58509513827491
2023-05-12,37.54999923706055,38.29999923706055,37.20000076293945,37.20000076293945,6095509.0,36.16750011444092,34.81299983978271,2.1474758364251367,2.60951603144838
2023-05-15,37.150001525878906,37.95000076293945,37.0,37.75,2408013.0,36.44000015258789,34.9169998550415,1.87985203847448,2.596674226968178
2023-05-16,36.54999923706055,37.29999923706055,36.5,37.20000076293945,3267932.0,36.66750011444092,34.997999839782715,1.562831503112862,2.582870906312249
2023-05-17,36.54999923706055,36.95000076293945,36.150001525878906,36.29999923706055,1979463.0,36.89250011444092,35.061999855041506,1.1259240868795342,2.580847342840556
2023-05-18,36.900001525878906,37.29999923706055,36.75,36.84999847412109,3592178.0,37.05750026702881,35.09999988555908,0.8176147642437842,2.593870653507799
2023-05-19,37.04999923706055,37.400001525878906,36.84999847412109,36.95000076293945,2993288.0,37.07000026702881,35.105999870300295,0.8153787830300203,2.5981087332184623
2023-05-22,37.84999847412109,37.95000076293945,36.900001525878906,37.04999923706055,2926146.0,37.16250019073486,35.09799983978272,0.7922114467345502,2.588829504596036
2023-05-23,38.25,38.900001525878906,37.54999923706055,37.95000076293945,5992562.0,37.31250019073487,35.0969998550415,0.6882234721979,2.587576783286841
2023-05-24,38.400001525878906,38.84999847412109,37.79999923706055,38.04999923706055,4148914.0,37.43000030517578,35.10499988555908,0.6614181082316306,2.597335121880558
2023-05-25,40.95000076293945,41.54999923706055,38.09999847412109,38.400001525878906,19587607.0,37.625000381469725,35.15799991607666,1.020771281661499,2.689271585131161
2023-05-26,40.79999923706055,42.25,40.59999847412109,40.95000076293945,8026539.0,37.81500034332275,35.22499988555908,1.2304363523374229,2.787476878028127
2023-05-29,40.5,41.29999923706055,40.20000076293945,41.20000076293945,4702905.0,37.99500026702881,35.31099987030029,1.3473072481154598,2.8828717950895344
2023-05-30,40.45000076293945,41.400001525878906,40.29999923706055,40.5,6308527.0,38.09750022888184,35.41899990081787,1.4535324696700742,2.9726458635488138
2023-05-31,43.70000076293945,44.54999923706055,40.29999923706055,40.45000076293945,30180639.0,38.37250022888183,35.58799991607666,1.919530946569916,3.1947434892007167
2023-06-01,44.5,46.0,44.25,44.79999923706055,12976469.0,38.67500019073486,35.75899990081787,2.3588300469312125,3.434350971781273
2023-06-02,44.45000076293945,44.900001525878906,43.5,44.70000076293945,5611639.0,39.01250019073486,35.95199993133545,2.673843944394883,3.644103222161702
2023-06-05,43.34999847412109,44.900001525878906,43.0,44.70000076293945,4413628.0,39.28750019073486,36.14399990081788,2.8264667217851134,3.7762234285173695
2023-06-06,45.25,46.25,43.29999923706055,43.400001525878906,10344283.0,39.72500019073486,36.38699993133545,3.041316284629982,3.962668004810483
2023-06-07,44.150001525878906,46.5,43.75,45.400001525878906,9334846.0,40.07500019073486,36.60899997711181,3.130852488683111,4.081062704757941
2023-06-08,44.0,44.59999847412109,43.5,44.45000076293945,5149742.0,40.41750011444092,36.8329999923706,3.16848287762722,4.174040673278477
2023-06-09,43.95000076293945,45.0,43.54999923706055,44.25,4124296.0,40.73750019073486,37.06100002288818,3.186768613665467,4.246046337163068
2023-06-12,44.400001525878906,44.84999847412109,44.150001525878906,44.20000076293945,2165868.0,41.10000019073486,37.327000045776366,3.1695096258886197,4.281441181869371
2023-06-13,44.84999847412109,45.0,44.25,44.59999847412109,3026813.0,41.51500015258789,37.60800003051758,3.084643741125365,4.305316853686502
2023-06-14,44.34999847412109,45.45000076293945,44.25,45.20000076293945,3372951.0,41.90500011444092,37.882000007629394,2.9121297611579497,4.289376723736969
2023-06-15,44.09999847412109,44.54999923706055,43.5,44.34999847412109,3150617.0,42.26499996185303,38.142999992370605,2.698006128269066,4.262125803856765
2023-06-16,42.900001525878906,44.59999847412109,42.54999923706055,44.34999847412109,8865464.0,42.55750007629395,38.38500003814697,2.4039591508827067,4.179398707891448
2023-06-19,43.70000076293945,45.0,43.04999923706055,44.45000076293945,7944152.0,42.85000019073486,38.64600006103515,2.1427353709527424,4.093085894959746
2023-06-20,43.75,44.0,43.29999923706055,43.70000076293945,3741176.0,43.12500019073487,38.86600006103516,1.854900769521025,4.065239038807619
2023-06-21,43.70000076293945,44.09999847412109,43.5,43.900001525878906,2429698.0,43.39000015258789,39.089000091552734,1.4863058074180342,4.017237093455361
2023-06-22,43.79999923706055,44.0,43.25,43.79999923706055,2418220.0,43.53250007629394,39.318000106811525,1.37230830840031,3.9510495097245935
2023-06-23,42.84999847412109,43.79999923706055,42.75,43.75,3227236.0,43.63500003814697,39.530000076293945,1.226258634386591,3.847076830344804
2023-06-26,42.650001525878906,42.95000076293945,42.0,42.95000076293945,3096413.0,43.74250011444092,39.74900009155274,1.0125882945691396,3.70115116194377
2023-06-27,42.70000076293945,42.95000076293945,42.5,42.650001525878906,1805475.0,43.85500011444092,39.96300010681152,0.7061569062972102,3.550220109506953
2023-06-28,42.84999847412109,43.45000076293945,42.400001525878906,42.84999847412109,1978472.0,43.8125,40.17900009155274,0.7407099103116361,3.383590218619044
2023-06-30,43.5,44.20000076293945,42.70000076293945,43.09999847412109,3170219.0,43.7625,40.37700012207032,0.7254534789917563,3.278784721087732
2023-07-03,44.0,44.59999847412109,43.79999923706055,44.400001525878906,3773287.0,43.73999996185303,40.5210001373291,0.7098182187629745,3.27658802651344
2023-07-04,43.09999847412109,44.45000076293945,42.59999847412109,44.20000076293945,4980331.0,43.72749996185303,40.66300010681152,0.719187111072925,3.230179802577074
2023-07-05,43.84999847412109,43.95000076293945,42.84999847412109,42.95000076293945,2925209.0,43.65749988555908,40.83500007629394,0.6251892858487886,3.164362157263231
2023-07-06,43.900001525878906,44.09999847412109,43.54999923706055,43.84999847412109,2073878.0,43.64499988555908,40.99200012207032,0.6172730948761808,3.1164859704267305
2023-07-07,43.650001525878906,44.04999923706055,43.45000076293945,43.79999923706055,2080263.0,43.62749996185303,41.12400016784668,0.6116143602691262,3.085734640377468
2023-07-10,43.70000076293945,44.0,43.29999923706055,43.59999847412109,1938337.0,43.61499996185303,41.258000183105466,0.6072151698540875,3.04824056561606
2023-07-11,44.29999923706055,44.5,43.29999923706055,43.79999923706055,4238297.0,43.60999984741211,41.4060001373291,0.6007885833653593,3.0117564316404843
2023-07-12,44.45000076293945,44.95000076293945,44.09999847412109,44.400001525878906,4197184.0,43.58999996185303,41.52700012207031,0.5627936216832697,3.0100546666476933
2023-07-13,43.79999923706055,44.84999847412109,43.0,44.70000076293945,3610728.0,43.5625,41.63900009155273,0.5365275070419203,2.987837339154533
2023-07-14,44.150001525878906,44.400001525878906,43.59999847412109,44.0,2439931.0,43.56500015258789,41.75300010681153,0.539273486344458,2.9723797845909345
2023-07-17,43.95000076293945,44.45000076293945,43.79999923706055,44.29999923706055,2981211.0,43.61750011444092,41.87800010681153,0.5219588280275912,2.9295670635429816
2023-07-18,45.650001525878906,47.20000076293945,43.900001525878906,44.04999923706055,14723388.0,43.71500015258789,42.03400016784668,0.6924597585375654,2.918352178361216
2023-07-19,45.95000076293945,46.79999923706055,45.70000076293945,46.04999923706055,4475267.0,43.82500019073486,42.22300018310547,0.8541697229902104,2.85802145392965
2023-07-20,45.0,46.09999847412109,44.84999847412109,46.04999923706055,2575114.0,43.89000015258789,42.38000015258789,0.8927489242074087,2.788423620244448
2023-07-21,44.79999923706055,45.59999847412109,44.400001525878906,44.79999923706055,2979749.0,43.94000015258789,42.53300010681152,0.9151649365505962,2.704203336775536
2023-07-24,45.0,46.25,44.650001525878906,45.09999847412109,4082266.0,44.04750022888184,42.68200012207031,0.9066241909915488,2.628217403265154
2023-07-25,45.59999847412109,46.54999923706055,45.0,45.09999847412109,3927402.0,44.19500007629394,42.85100006103516,0.9072661399986964,2.5352714549674524
2023-07-26,46.09999847412109,47.84999847412109,45.70000076293945,45.70000076293945,8163997.0,44.36499996185303,43.04200004577637,0.930633679245264,2.407394203766993
2023-07-27,45.59999847412109,46.95000076293945,45.34999847412109,46.09999847412109,4076463.0,44.50249996185303,43.223000030517575,0.8975806274131471,2.243998924567049
2023-07-28,47.29999923706055,48.75,45.650001525878906,45.70000076293945,16320571.0,44.69249992370605,43.43099998474121,1.0614380757064372,2.124778215999344
2023-07-31,47.900001525878906,49.20000076293945,47.650001525878906,47.900001525878906,8286883.0,44.8875,43.64800003051758,1.2660417963322537,2.0107861907037723
2023-08-01,47.25,48.650001525878906,47.04999923706055,48.5,4240820.0,45.09500007629394,43.83600006103516,1.2973554819198936,1.89365306872543
2023-08-02,46.09999847412109,47.34999847412109,44.59999847412109,47.25,6200069.0,45.20750007629395,43.99300003051758,1.281166439598296,1.7402792287192108
2023-08-03,47.04999923706055,47.34999847412109,45.79999923706055,46.0,3952461.0,45.36499996185303,44.16599998474121,1.3053631858438597,1.5969817230850014
2023-08-04,47.20000076293945,47.650001525878906,46.70000076293945,47.45000076293945,3300985.0,45.54249992370605,44.29099998474121,1.301241744351378,1.5846743069546456
2023-08-07,47.54999923706055,48.150001525878906,46.650001525878906,47.150001525878906,4463086.0,45.73499984741211,44.42599998474121,1.2990988251125233,1.5686415558308873
2023-08-08,47.25,48.70000076293945,47.0,47.650001525878906,5192898.0,45.882499885559085,44.56099998474121,1.2950588459771724,1.5133516688658326
2023-08-09,46.84999847412109,47.70000076293945,46.5,47.70000076293945,4455727.0,46.00249977111817,44.68899993896484,1.2662079983829535,1.4267233079715635
2023-08-10,46.79999923706055,47.59999847412109,46.5,46.84999847412109,2563505.0,46.152499771118165,44.75099990844726,1.1652279651337396,1.450034688772589
2023-08-11,46.20000076293945,47.95000076293945,46.0,47.0,3859583.0,46.25499973297119,44.78499992370605,1.06572190216439,1.4638935489063074
2023-08-14,46.79999923706055,47.59999847412109,46.29999923706055,46.70000076293945,4534280.0,46.39749965667725,44.83199989318848,0.9221650704153962,1.4904031761230276
2023-08-16,46.5,47.29999923706055,46.25,47.0,3308646.0,46.4399995803833,44.89499992370605,0.9053352946582324,1.4930534778646825
2023-08-17,46.04999923706055,47.0,45.79999923706055,46.45000076293945,5483430.0,46.44499950408935,44.91099990844727,0.9027592020629814,1.501199684092978
2023-08-18,46.45000076293945,46.84999847412109,46.04999923706055,46.150001525878906,5049171.0,46.51749954223633,44.95699989318848,0.8363890336447806,1.5126003373469836
2023-08-21,52.25,53.09999847412109,46.95000076293945,47.0,47856446.0,46.8899995803833,45.12199989318847,1.4586946999938983,1.8239941651410307
2023-08-22,53.29999923706055,53.70000076293945,51.34999847412109,52.75,14883173.0,47.30499954223633,45.3089998626709,1.9801583156538447,2.1513091547521648
2023-08-23,53.95000076293945,54.5,52.34999847412109,53.29999923706055,9227645.0,47.72249965667724,45.49999984741211,2.430750347826524,2.46938392614432
2023-08-24,53.04999923706055,54.900001525878906,52.54999923706055,54.09999847412109,8194682.0,48.06999969482422,45.6639998626709,2.6714574572995047,2.687955677585202
2023-08-25,52.79999923706055,54.79999923706055,52.400001525878906,53.29999923706055,7592044.0,48.42999973297119,45.83299987792969,2.8029777687218163,2.8635571487822977
2023-08-28,53.79999923706055,55.150001525878906,53.29999923706055,53.29999923706055,6948775.0,48.75499973297119,46.02699989318848,3.032495035099744,3.065229632505617
2023-08-29,53.70000076293945,56.150001525878906,52.650001525878906,54.20000076293945,10519176.0,49.04499969482422,46.24299987792969,3.218078131227004,3.2171416714891463
2023-08-30,54.79999923706055,55.150001525878906,53.70000076293945,54.04999923706055,8941597.0,49.422499656677246,46.46499984741211,3.432142048017984,3.414976679628688
2023-08-31,56.400001525878906,57.0,54.79999923706055,55.0,13261565.0,49.937499809265134,46.717999877929685,3.671758483063329,3.668881283658982
2023-09-01,57.45000076293945,59.75,56.70000076293945,57.0,16008487.0,50.45749988555908,46.99299987792969,3.965949851307039,3.943116135757129
2023-09-04,57.04999923706055,59.70000076293945,55.900001525878906,58.34999847412109,16813479.0,50.94999980926514,47.25799987792968,4.147573989107076,4.163242484273943
2023-09-05,57.75,58.29999923706055,56.900001525878906,57.79999923706055,7525016.0,51.45999984741211,47.55599990844726,4.330570813427171,4.369439791385092
2023-09-06,57.25,58.25,56.59999847412109,58.0,7584314.0,51.95999984741211,47.84799987792969,4.3957098156449845,4.5201359447066025
2023-09-07,56.95000076293945,58.20000076293945,55.95000076293945,56.150001525878906,8222398.0,52.46499996185303,48.13299987792968,4.357754876285532,4.636662007891024
2023-09-08,57.400001525878906,58.25,57.04999923706055,57.04999923706055,6981174.0,52.99500007629395,48.42399993896484,4.276339608349933,4.753443989125485
2023-09-11,57.0,58.09999847412109,56.900001525878906,57.900001525878906,6704550.0,53.535000038146975,48.69399993896484,4.048979975625301,4.850464441843574
2023-09-12,53.95000076293945,57.70000076293945,53.25,57.34999847412109,9143639.0,53.89250011444092,48.89299995422363,3.725773686781948,4.858056886075271
2023-09-13,54.09999847412109,54.79999923706055,52.5,54.09999847412109,7634709.0,54.27250003814697,49.11299995422363,3.2947518117865697,4.839398440746257
2023-09-14,55.25,56.25,54.34999847412109,54.45000076293945,10836060.0,54.732500076293945,49.34099998474121,2.66918464362787,4.854901731772187
2023-09-15,54.150001525878906,57.34999847412109,52.84999847412109,57.0,51815483.0,55.11750011444092,49.54599998474121,1.8373521519016136,4.836836232004592
2023-09-18,53.75,54.54999923706055,53.400001525878906,53.5,13692694.0,55.19250011444092,49.74799995422363,1.7422972634235332,4.796309956929751
2023-09-20,52.84999847412109,54.29999923706055,52.650001525878906,53.5,5635821.0,55.170000076293945,49.93099990844726,1.770697523252717,4.735007536967061
2023-09-21,51.900001525878906,53.09999847412109,51.79999923706055,52.0,4919682.0,55.06750011444092,50.08299995422363,1.899672991384881,4.672123409429676
2023-09-22,51.400001525878906,52.650001525878906,51.150001525878906,52.0,3798179.0,54.98500022888184,50.221999969482425,2.0236822027169747,4.604004210030023
2023-09-25,52.0,52.5,51.400001525878906,51.75,4969536.0,54.94500026702881,50.38599998474121,2.076364492232503,4.515777949530397
2023-09-26,51.84999847412109,53.59999847412109,51.70000076293945,52.29999923706055,4233505.0,54.84750022888184,50.539999923706056,2.1763366634175747,4.429239787634123
2023-09-27,51.400001525878906,52.45000076293945,51.25,51.95000076293945,2413994.0,54.73250026702881,50.68899993896484,2.2975544966507355,4.327160433184076
2023-09-28,50.70000076293945,51.900001525878906,50.59999847412109,51.75,2857337.0,54.52750034332276,50.789999923706056,2.467817844954656,4.265643764311179
2023-09-29,51.45000076293945,51.650001525878906,50.84999847412109,51.0,3182393.0,54.28000030517578,50.899999923706055,2.5178519563998707,4.20882243628325
2023-10-03,50.650001525878906,52.59999847412109,50.5,51.75,6048065.0,53.94000034332275,51.01299995422363,2.526366016809003,4.122138286162868
2023-10-04,50.0,50.79999923706055,49.75,50.650001525878906,6855130.0,53.58750038146973,51.11699996948242,2.561191795887075,4.026679315792519
2023-10-05,50.900001525878906,51.09999847412109,49.900001525878906,50.34999847412109,5982154.0,53.24500045776367,51.235,2.429906733761719,3.929029502221721
2023-10-06,51.70000076293945,51.900001525878906,51.09999847412109,51.25,3900689.0,52.96750049591064,51.35700004577637,2.2593823807678013,3.844277888168253
2023-10-09,51.59999847412109,51.79999923706055,50.29999923706055,51.5,4884927.0,52.70000038146973,51.467000045776366,2.0719936151871705,3.768730458854272
2023-10-10,52.5,52.79999923706055,51.70000076293945,52.09999847412109,3837016.0,52.45500030517578,51.60500007629395,1.7519835665777497,3.674668707393567
2023-10-11,51.650001525878906,53.400001525878906,51.34999847412109,53.04999923706055,4559354.0,52.187500381469725,51.69200012207031,1.39320453326464,3.621778956991985
2023-10-12,52.04999923706055,52.29999923706055,51.20000076293945,52.0,5230063.0,52.09250030517578,51.77500007629394,1.330044661671763,3.580421016872198
2023-10-13,52.20000076293945,53.650001525878906,51.70000076293945,52.0,11786516.0,51.9975004196167,51.87400009155274,1.244194203908813,3.5206860068628485
2023-10-16,52.150001525878906,52.84999847412109,51.75,52.5,5997189.0,51.84250049591064,51.99500015258789,0.9834517263674022,3.4207389682675844
2023-10-17,51.79999923706055,52.75,51.70000076293945,52.5,3298583.0,51.72500038146973,52.09000015258789,0.8200606036536885,3.34574063874178
2023-10-18,50.75,52.20000076293945,50.5,52.0,4588372.0,51.57500038146973,52.161000137329104,0.6950005970633795,3.2768093526627173
2023-10-19,49.84999847412109,50.650001525878906,49.5,50.25,3497215.0,51.42500038146973,52.20700012207031,0.7282821247921111,3.226516718510176
2023-10-20,43.900001525878906,48.150001525878906,42.5,48.0,49967612.0,51.02500038146973,52.14000015258789,1.8249366809779275,3.363428833181167
2023-10-23,41.150001525878906,44.45000076293945,40.650001525878906,43.900001525878906,11543455.0,50.51250038146973,52.02600021362305,2.859879786225916,3.6322427294332975
2023-10-25,41.0,42.95000076293945,40.150001525878906,41.5,12617603.0,49.96250038146973,51.91000022888184,3.536459304489841,3.8862787660138
2023-10-26,41.09999847412109,41.45000076293945,39.70000076293945,40.54999923706055,5530213.0,49.42500038146973,51.80800018310547,4.018558983948159,4.100240941853337
2023-10-27,40.25,42.34999847412109,39.900001525878906,41.59999847412109,6531642.0,48.86750030517578,51.677000198364254,4.477378142690067,4.35991962629119
2023-10-30,40.45000076293945,41.75,40.150001525878906,41.0,7520812.0,48.35500030517578,51.55600021362304,4.829375579317091,4.584686564169262
2023-10-31,40.150001525878906,41.650001525878906,40.0,40.79999923706055,6704258.0,47.79000034332275,51.438000259399416,5.10156312079063,4.800154660652706
2023-11-01,39.400001525878906,40.54999923706055,39.25,40.5,4798488.0,47.22750034332275,51.2970002746582,5.382121121802487,5.046866027525611
2023-11-02,40.0,40.400001525878906,39.150001525878906,39.95000076293945,5135298.0,46.72750034332275,51.052000274658205,5.572145644050709,5.291087490972084
2023-11-03,40.70000076293945,41.09999847412109,40.20000076293945,40.400001525878906,3937694.0,46.21750030517578,50.80000030517578,5.636564457496031,5.478566642470715
2023-11-06,41.0,41.29999923706055,40.650001525878906,41.0,4344946.0,45.68250026702881,50.541000289916994,5.596457131809414,5.630607650257872
2023-11-07,41.70000076293945,42.400001525878906,40.79999923706055,41.20000076293945,5987336.0,45.187500381469725,50.31400032043457,5.482168873867783,5.75481188305461
2023-11-08,41.650001525878906,42.20000076293945,41.400001525878906,42.0,3485545.0,44.64500045776367,50.091000366210935,5.252490435915892,5.871364904377424
2023-11-09,40.95000076293945,41.79999923706055,40.79999923706055,41.650001525878906,3541937.0,44.110000419616696,49.83400039672851,5.042153580055592,5.9858201799101165
2023-11-10,40.400001525878906,41.5,40.34999847412109,40.54999923706055,4598900.0,43.527500534057616,49.568000411987306,4.740515905798708,6.104847010993661
2023-11-13,42.400001525878906,42.900001525878906,40.95000076293945,41.59999847412109,8666186.0,43.03750057220459,49.32000045776367,4.281135637277923,6.139733245244408
2023-11-15,43.29999923706055,43.5,41.75,42.5,8222700.0,42.59500045776368,49.05800041198731,3.708804811337344,6.110883048832024
2023-11-16,43.150001525878906,44.04999923706055,43.04999923706055,43.650001525878906,4759215.0,42.16250057220459,48.77200042724609,3.019099988598568,6.044377842382777
2023-11-17,42.84999847412109,43.29999923706055,42.59999847412109,43.0,3169465.0,41.767500495910646,48.48800041198731,2.257051357987493,5.980756067788543
2023-11-20,42.650001525878906,43.29999923706055,42.5,43.04999923706055,2242029.0,41.40750064849853,48.18600044250488,1.249239189870441,5.88398051704722
2023-11-21,42.5,43.25,42.400001525878906,42.650001525878906,2773817.0,41.33750057220459,47.89100044250488,1.1363460951738675,5.789264118367171
2023-11-22,41.95000076293945,42.900001525878906,41.400001525878906,42.650001525878906,3238695.0,41.37750053405762,47.591000442504885,1.143456605501456,5.698179736145304
2023-11-23,41.900001525878906,42.29999923706055,41.54999923706055,41.54999923706055,1839508.0,41.42250061035156,47.28100044250488,1.1455260262738534,5.5739176296807695
2023-11-24,41.75,42.5,41.5,42.0,2490591.0,41.45500068664551,46.97600044250488,1.1451152730691665,5.447038313179903
2023-11-28,43.70000076293945,44.25,41.45000076293945,42.09999847412109,9681031.0,41.62750072479248,46.771000442504885,1.2119441581767998,5.371571685609287
2023-11-29,43.25,44.400001525878906,43.0,44.29999923706055,7126128.0,41.76750068664551,46.55400047302246,1.230347878912527,5.28796114202596
2023-11-30,44.34999847412109,44.84999847412109,42.79999923706055,43.400001525878906,9656834.0,41.97750053405762,46.33600044250488,1.2963989543655114,5.144890739427972
2023-12-01,43.75,45.150001525878906,43.59999847412109,44.900001525878906,5424256.0,42.19500045776367,46.1280004119873,1.2027268056615683,5.031514398624736
2023-12-04,44.54999923706055,45.650001525878906,44.29999923706055,45.20000076293945,8167590.0,42.422500419616696,45.94400039672851,1.195987836589378,4.9139392106713125
2023-12-05,44.5,45.09999847412109,44.04999923706055,44.70000076293945,4735602.0,42.61250038146973,45.777000427246094,1.2097052909757884,4.815347504684993
2023-12-06,45.29999923706055,46.400001525878906,44.04999923706055,44.5,9341086.0,42.827500343322754,45.64500038146973,1.2876405161115292,4.733847283411061
2023-12-07,45.79999923706055,46.45000076293945,44.650001525878906,45.5,8625699.0,43.03250026702881,45.53300033569336,1.418419039691456,4.660588079277874
2023-12-08,46.79999923706055,48.29999923706055,46.09999847412109,46.09999847412109,13935999.0,43.29000015258789,45.42900032043457,1.608905492132621,4.570480665986975
2023-12-11,47.29999923706055,47.79999923706055,46.79999923706055,47.5,6124295.0,43.607500076293945,45.33800033569336,1.7437306083060615,4.484514744492819
2023-12-12,46.650001525878906,48.04999923706055,46.400001525878906,47.79999923706055,6432225.0,43.920000076293945,45.24300033569336,1.698094526107627,4.403048551689787
2023-12-13,47.04999923706055,47.84999847412109,46.75,46.95000076293945,5244809.0,44.15249996185303,45.17000030517578,1.7946169594207806,4.340541986336003
2023-12-14,49.29999923706055,50.79999923706055,47.5,47.5,22676672.0,44.45249996185303,45.1270002746582,2.1171274219199545,4.287382930677015
2023-12-15,52.400001525878906,52.70000076293945,49.70000076293945,49.84999847412109,21253422.0,44.91499996185303,45.162000274658205,2.737175799853236,4.340207654437001
2023-12-18,51.84999847412109,52.84999847412109,51.150001525878906,52.70000076293945,13743483.0,45.36499996185303,45.19900024414063,3.096096600624448,4.389894123553736
2023-12-19,51.84999847412109,52.70000076293945,51.0,52.0,7305028.0,45.82499980926514,45.21800018310547,3.34492908470152,4.417044127388023
2023-12-20,48.04999923706055,52.400001525878906,47.150001525878906,52.09999847412109,11267700.0,46.10249977111816,45.14500015258789,3.2842313464049524,4.337169911555028
2023-12-21,50.09999847412109,50.34999847412109,46.5,47.09999847412109,9734182.0,46.509999656677245,45.11500015258789,3.247290043700735,4.296607832096021
2023-12-22,50.900001525878906,51.5,49.75,50.5,6135960.0,46.95999965667725,45.08300018310547,3.19805034008033,4.246145725336729
2023-12-26,49.900001525878906,51.29999923706055,49.75,51.04999923706055,5489141.0,47.36749973297119,45.04800018310547,3.0131412346656927,4.197848496112211
2023-12-27,49.650001525878906,50.95000076293945,49.45000076293945,50.20000076293945,3934934.0,47.66499977111816,45.00000022888184,2.9244029726847915,4.129312572246392
2023-12-28,50.59999847412109,52.150001525878906,49.5,49.95000076293945,13059635.0,48.03249969482422,44.96800018310547,2.7995431273455056,4.078261599830782
2023-12-29,51.400001525878906,52.0,50.150001525878906,50.900001525878906,7633292.0,48.38499984741211,44.953000183105466,2.754952658927177,4.052605395630307
2024-01-01,51.29999923706055,52.34999847412109,51.0,51.5,8438622.0,48.76249980926514,44.94300018310547,2.5992852493049163,4.035947945417702
2024-01-02,50.75,51.75,50.0,51.5,8135898.0,49.07249984741211,44.94300018310547,2.4349687969702143,4.035947945417702
2024-01-03,50.400001525878906,51.09999847412109,50.150001525878906,51.0,4620674.0,49.367499923706056,44.95400024414062,2.197682903634651,4.050318950524229
2024-01-04,51.04999923706055,52.04999923706055,50.400001525878906,50.400001525878906,7162426.0,49.65499992370606,45.097000198364256,2.005249818498922,4.137624620543831
2024-01-05,50.900001525878906,52.150001525878906,50.5,51.29999923706055,8876183.0,49.910000038146975,45.292000198364256,1.8033303603886133,4.177372754599226
2024-01-08,49.900001525878906,51.650001525878906,49.75,51.29999923706055,5077234.0,50.06500015258789,45.47000022888184,1.6485320689255412,4.1803718304518505
2024-01-09,49.75,50.79999923706055,49.5,50.150001525878906,5123645.0,50.18750019073487,45.643000259399415,1.518125081692021,4.1748150529171975
2024-01-10,48.650001525878906,50.09999847412109,48.09999847412109,49.95000076293945,7892900.0,50.28750019073486,45.81100028991699,1.3266375551144705,4.122044667699956
2024-01-11,49.150001525878906,49.54999923706055,48.79999923706055,48.84999847412109,3202818.0,50.39250030517578,45.98500030517578,1.124637184934645,4.074475483817259
2024-01-12,50.04999923706055,51.09999847412109,49.04999923706055,49.150001525878906,8200831.0,50.43000030517578,46.18300025939941,1.0984915627408505,4.025386226649728
2024-01-15,50.04999923706055,50.04999923706055,50.04999923706055,50.04999923706055,0.0,50.31250019073487,46.39600021362305,0.99774379738457,3.94000709535436
2024-01-16,49.95000076293945,50.75,48.79999923706055,50.34999847412109,6481093.0,50.21750030517578,46.59500022888184,0.931929699115593,3.860847930893952
2024-01-17,48.54999923706055,49.75,48.34999847412109,49.400001525878906,6359571.0,50.05250034332276,46.75200019836426,0.9197361209123088,3.774889492710312
2024-01-18,48.0,49.09999847412109,46.900001525878906,48.650001525878906,6949551.0,50.05000038146973,46.89200019836426,0.9255154493486868,3.685968265472538
2024-01-19,49.150001525878906,49.5,48.25,48.45000076293945,5477157.0,50.00250053405762,47.04100021362305,0.9469444354674198,3.621825569334886
2024-01-23,51.34999847412109,55.0,51.04999923706055,53.95000076293945,26017020.0,50.02500038146973,47.23500015258789,0.974341594667238,3.58678470824443
2024-01-24,54.59999847412109,55.0,51.09999847412109,51.84999847412109,19919078.0,50.26000022888184,47.50800010681152,1.411381808670336,3.617987197830226
2024-01-25,58.70000076293945,59.34999847412109,55.29999923706055,55.650001525878906,54334434.0,50.71250019073487,47.87400009155274,2.346490771508909,3.8050481298095886
2024-01-29,67.19999694824219,67.9000015258789,59.84999847412109,62.0,87622769.0,51.54250011444092,48.37,4.36891685420567,4.608487890012031
2024-01-30,65.80000305175781,69.55000305175781,65.05000305175781,68.8499984741211,33225931.0,52.26250019073486,48.82000007629394,5.407350441092476,5.167885459892484
2024-01-31,69.6500015258789,70.9000015258789,65.30000305175781,66.19999694824219,39003907.0,53.18000030517578,49.350000076293945,6.649542930302197,5.883806977767828
2024-02-01,69.30000305175781,70.30000305175781,67.5,70.0,20680409.0,54.10750045776367,49.87900016784668,7.528389982565829,6.449332485755856
2024-02-02,70.9000015258789,73.25,69.4000015258789,70.0,40108296.0,55.13250045776367,50.44400016784668,8.347979593748157,7.015672561193497
2024-02-05,70.6500015258789,73.69999694824219,69.4000015258789,71.5,29873151.0,56.11250057220459,51.00700019836426,8.970725844454481,7.479346137120616
2024-02-06,69.3499984741211,71.1500015258789,66.9000015258789,71.1500015258789,19913120.0,57.0350004196167,51.55500015258789,9.347236029342966,7.799151527352803
2024-02-07,69.3499984741211,72.25,69.0,70.0,17782976.0,58.00750026702881,52.104000091552734,9.574861425907162,8.067172560491134
2024-02-08,69.19999694824219,70.55000305175781,68.30000305175781,70.0,8851157.0,58.98000011444092,52.653000030517575,9.679201814133648,8.279409087283703
2024-02-09,66.5999984741211,69.44999694824219,63.20000076293945,69.4000015258789,18415702.0,59.87749996185303,53.11099998474121,9.501516200490746,8.40645585091089
2024-02-12,58.04999923706055,66.94999694824219,57.0,66.75,25714133.0,60.32249984741211,53.40699996948242,9.175474834401331,8.312186887838532
2024-02-13,59.34999847412109,60.34999847412109,57.29999923706055,58.5,19426941.0,60.787499809265135,53.706999969482425,8.857629542522632,8.249081639916719
2024-02-14,59.0,60.650001525878906,57.54999923706055,58.45000076293945,13748669.0,61.23499984741211,54.01199996948242,8.505696334271715,8.154806768477766
2024-02-15,65.69999694824219,69.5,57.59999847412109,59.0,85393818.0,62.02249965667725,54.43499992370605,8.12654004276968,8.202384130240217
2024-02-16,63.650001525878906,67.5999984741211,63.04999923706055,65.80000305175781,39432028.0,62.777499771118165,54.81799995422363,7.485116458643314,8.17606480047406
2024-02-19,64.75,66.44999694824219,63.79999923706055,64.0999984741211,18654323.0,63.61499977111816,55.206999969482425,6.63325169231005,8.176671622290556
2024-02-20,63.25,64.6500015258789,62.75,64.5999984741211,8742143.0,64.31999969482422,55.55599998474121,5.698370427295209,8.139282571676693
2024-02-21,61.20000076293945,64.0,60.900001525878906,63.59999847412109,10061543.0,64.81249980926513,55.84400001525879,4.886175015835974,8.077669032725545
2024-02-22,63.09999847412109,64.05000305175781,59.900001525878906,61.59999847412109,23276560.0,65.23749980926513,56.16,4.283655575647638,8.04559060113148
2024-02-23,62.70000076293945,63.79999923706055,62.5,63.29999923706055,8824592.0,65.43749980926513,56.48099998474121,4.049330057352304,7.978318025674095
2024-02-26,62.650001525878906,63.84999847412109,61.79999923706055,62.59999847412109,8417510.0,65.21000003814697,56.793000030517575,4.072843516913111,7.906687909101415
2024-02-27,61.75,62.95000076293945,61.20000076293945,62.5,5495891.0,65.00749988555908,57.04200004577637,4.142058999960405,7.861812519285544
2024-02-28,59.09999847412109,62.0,58.59999847412109,62.0,9566928.0,64.4799997329712,57.17599998474121,4.191200215301174,7.83814080988228
2024-02-29,61.400001525878906,61.84999847412109,57.900001525878906,59.0,20420420.0,64.08499965667724,57.367000045776365,4.083925365362703,7.822048849747787
2024-03-01,61.54999923706055,63.54999923706055,60.79999923706055,61.70000076293945,17691265.0,63.61749954223633,57.56100006103516,3.7871064563122334,7.802689669412681
2024-03-04,61.45000076293945,64.5999984741211,61.0,64.0,20035547.0,63.15749950408936,57.829000091552736,3.429832718214868,7.698781147567243
2024-03-05,60.09999847412109,61.84999847412109,59.75,61.400001525878906,11220708.0,62.69499950408935,58.02900009155273,3.1642280265677463,7.6234202704829
2024-03-06,60.5,60.900001525878906,58.400001525878906,60.150001525878906,10707033.0,62.2524995803833,58.22100006103516,2.7800731622373127,7.560842080010709
2024-03-07,61.04999923706055,61.900001525878906,60.29999923706055,61.04999923706055,15100013.0,61.84499969482422,58.44400001525879,2.256038601119964,7.474348085313246
2024-03-11,60.0,61.34999847412109,59.5,61.34999847412109,7375667.0,61.51499977111816,58.65099998474121,1.991039198575111,7.368399658544471
2024-03-12,58.95000076293945,60.54999923706055,58.04999923706055,59.84999847412109,9944288.0,61.55999984741211,58.81800003051758,1.9174132216498956,7.276252523148703
2024-03-13,51.900001525878906,58.900001525878906,51.09999847412109,57.95000076293945,26487854.0,61.1875,58.82800003051758,2.860891787392561,7.266186280026368
2024-03-14,54.34999847412109,56.400001525878906,50.54999923706055,52.0,30115015.0,60.954999923706055,58.88900001525879,3.2150507871988947,7.214315900689329
2024-03-15,54.400001525878906,55.95000076293945,52.59999847412109,54.79999923706055,13458281.0,60.39000015258789,58.96200004577637,3.3282126713304314,7.148444497272229
2024-03-18,54.400001525878906,55.0,53.04999923706055,54.5,10798165.0,59.92750015258789,59.04200004577637,3.4901164338939856,7.072650240271364
2024-03-19,54.25,56.95000076293945,53.84999847412109,54.5,19162357.0,59.40250015258789,59.106000061035154,3.516145803552416,7.013082639120986
2024-03-20,54.400001525878906,55.0,52.84999847412109,54.59999847412109,15951344.0,58.96000022888184,59.176000061035154,3.5630262027615145,6.946656936837882
2024-03-21,55.20000076293945,56.20000076293945,54.79999923706055,55.5,10411959.0,58.66000022888184,59.28200004577637,3.616686127128026,6.841870953486207
2024-03-22,56.400001525878906,56.70000076293945,54.59999847412109,55.0,8282261.0,58.32500038146973,59.41500007629394,3.4919265084324413,6.716278046738356
2024-03-26,56.400001525878906,57.150001525878906,55.400001525878906,56.400001525878906,8984640.0,58.0100004196167,59.57000007629394,3.358084955528483,6.550143979913796
2024-03-27,54.79999923706055,57.29999923706055,54.5,56.400001525878906,9085598.0,57.61750030517578,59.683000030517576,3.244033611120921,6.414035964681809
2024-03-28,54.70000076293945,56.20000076293945,54.400001525878906,55.20000076293945,7070304.0,57.265000343322754,59.77600006103516,3.1531141892676757,6.304284480245712
2024-04-01,60.95000076293945,61.900001525878906,55.150001525878906,55.150001525878906,23859817.0,57.35750045776367,59.994000091552735,3.2358301403745564,6.147611320651485
2024-04-02,62.04999923706055,63.0,59.45000076293945,60.84999847412109,19945419.0,57.390000343322754,60.23600006103516,3.281510742474496,5.980035037184883
2024-04-03,62.0,63.5,61.5,62.0,13055622.0,57.41250038146973,60.505000076293946,3.312927813969383,5.741384252074085
2024-04-04,61.79999923706055,62.900001525878906,60.900001525878906,62.34999847412109,8355454.0,57.43000030517578,60.78100006103516,3.336220168502352,5.452399508674807
2024-04-05,61.84999847412109,62.900001525878906,61.0,61.79999923706055,7972157.0,57.51750030517578,61.035,3.431520330798796,5.188962367156064
2024-04-08,61.34999847412109,63.29999923706055,60.900001525878906,62.150001525878906,8554024.0,57.56000022888183,61.235,3.475386512000206,4.997226090589091
2024-04-09,60.75,62.150001525878906,60.25,61.59999847412109,10450932.0,57.54500026702881,61.35800003051758,3.460144674748365,4.905425340519163
2024-04-10,65.8499984741211,66.44999694824219,60.900001525878906,61.0,71713339.0,57.83750019073487,61.50099998474121,3.898139027368373,4.930511691300432
2024-04-12,63.900001525878906,67.9000015258789,63.45000076293945,65.80000305175781,43477552.0,58.08500022888184,61.435000076293946,4.1231401497489815,4.874435967314677
2024-04-15,62.29999923706055,64.4000015258789,59.900001525878906,60.25,39379152.0,58.60500011444092,61.365,3.954407396272108,4.8354476525169625
2024-04-16,62.25,65.1500015258789,61.54999923706055,62.29999923706055,45936225.0,59.00000019073487,61.21699996948242,3.901213733262322,4.68768016312469
2024-04-18,63.70000076293945,65.25,62.79999923706055,63.400001525878906,49052340.0,59.46500015258789,61.10499992370605,3.878248530558992,4.555655990926191
2024-04-19,62.54999923706055,63.70000076293945,61.900001525878906,63.0,30283457.0,59.872500038146974,60.93799987792968,3.743888400544465,4.337067545318236
2024-04-22,63.70000076293945,64.9000015258789,63.150001525878906,63.650001525878906,19655324.0,60.34500007629394,60.7989998626709,3.590113882941105,4.125671775619228
2024-04-23,65.25,66.44999694824219,63.59999847412109,64.44999694824219,29466415.0,60.8875,60.71699989318848,3.461968783494676,3.990787446276736
2024-04-24,68.0,68.94999694824219,64.8499984741211,65.6500015258789,65787800.0,61.52749996185303,60.68999992370605,3.537523211416789,3.935370256590675
2024-04-25,66.80000305175781,68.0999984741211,66.05000305175781,68.0,29534591.0,62.04750003814697,60.64200004577637,3.5083913391974866,3.843007706077536
2024-04-26,66.3499984741211,67.94999694824219,65.25,67.25,24314036.0,62.54499988555908,60.63700004577637,3.368073925399399,3.8352525766422834
2024-04-29,66.0,67.69999694824219,65.05000305175781,67.0,15499634.0,63.10499992370605,60.79600006103516,2.9128978812317405,3.8902129921425854
2024-04-30,64.5,66.75,64.1500015258789,66.4000015258789,14909573.0,63.59499988555908,60.899000091552736,2.148616719405355,3.919215726761074
2024-05-02,65.55000305175781,65.8499984741211,63.75,64.5,13313082.0,63.825,61.03000015258789,2.0961435554945846,3.963661263869383
2024-05-03,66.5,67.1500015258789,64.80000305175781,65.8499984741211,19424556.0,64.04750003814698,61.046000213623046,2.133657722410587,3.984457426719948
2024-05-06,64.0999984741211,66.8499984741211,63.5,66.80000305175781,13803490.0,64.15249996185302,61.05500015258789,2.0785547895700414,3.990962189946818
2024-05-07,61.20000076293945,64.3499984741211,61.0,64.3499984741211,15260877.0,64.12250003814697,60.98400016784668,2.1182465713369654,3.955304194526312
2024-05-08,62.54999923706055,63.09999847412109,61.0,61.29999923706055,8819878.0,64.15750007629394,60.97000015258789,2.0842314948724536,3.948352614659487
2024-05-09,60.20000076293945,62.95000076293945,59.75,62.70000076293945,10564144.0,64.10000019073486,60.95000015258789,2.179449573103976,3.949696265496128
2024-05-10,60.59999847412109,61.20000076293945,58.25,60.54999923706055,10299507.0,64.09250011444092,60.90000015258789,2.191807642681774,3.937729422629765
2024-05-13,61.04999923706055,61.5,58.650001525878906,60.900001525878906,9047529.0,63.85250015258789,60.86700012207032,2.25122663147098,3.9292414615986058
2024-05-14,62.54999923706055,63.20000076293945,61.20000076293945,61.34999847412109,9024920.0,63.785000038146975,60.865000076293946,2.2698890828933944,3.9283407119775946
2024-05-15,62.54999923706055,63.75,62.20000076293945,62.95000076293945,7705981.0,63.79750003814697,60.88100006103516,2.261955454952412,3.933644449375132
2024-05-16,62.29999923706055,63.5,61.34999847412109,63.09999847412109,8266152.0,63.8,60.94500007629394,2.260182042139581,3.930106624617365
2024-05-17,65.19999694824219,65.5,62.25,62.29999923706055,18653273.0,63.874999809265134,61.02099998474121,2.2814760525459605,3.9755639792930535
2024-05-21,66.30000305175781,66.5999984741211,64.4000015258789,66.0,16356078.0,64.0625,61.11600006103516,2.3206103367741586,4.044616278479665
2024-05-22,65.4000015258789,67.4000015258789,64.9000015258789,66.5,12740024.0,64.14750003814697,61.19500007629394,2.337704889673647,4.0895990101529565
2024-05-23,64.8499984741211,66.19999694824219,64.5,65.8499984741211,7326102.0,64.12749996185303,61.29000007629394,2.3294726837058435,4.118710214964308
2024-05-24,64.94999694824219,66.30000305175781,64.69999694824219,65.05000305175781,7522979.0,63.974999809265135,61.37900001525879,2.15598964350221,4.149256991349948
2024-05-27,63.650001525878906,66.1500015258789,63.34999847412109,65.9000015258789,10144720.0,63.81749973297119,61.43100006103516,2.051269062881306,4.161324238661224
2024-05-28,60.650001525878906,63.5,60.5,62.95000076293945,14772684.0,63.53249988555908,61.44400009155274,2.076705226476913,4.157776336225503
2024-05-29,60.70000076293945,62.0,59.70000076293945,60.650001525878906,11377322.0,63.267499923706055,61.479000091552734,2.083410440714522,4.143695361979463
2024-05-30,59.25,61.20000076293945,59.04999923706055,61.04999923706055,9186028.0,63.00499992370605,61.62600006103516,2.24446109372901,3.921346940933309
2024-05-31,60.09999847412109,61.0,58.79999923706055,59.84999847412109,11261079.0,62.73249969482422,61.74100006103516,2.2500452794214247,3.785575095763756
2024-06-03,62.34999847412109,64.19999694824219,61.59999847412109,63.59999847412109,11067035.0,62.52499961853027,61.9,2.0683389525564806,3.634907101028056
2024-06-04,55.04999923706055,62.29999923706055,51.95000076293945,62.29999923706055,26912512.0,62.072499656677245,61.91299995422364,2.6215943263685477,3.608603708208941
2024-06-05,57.29999923706055,57.95000076293945,51.900001525878906,56.900001525878906,13159580.0,61.8774995803833,61.973999938964845,2.8269137418140278,3.5005864605842456
2024-06-06,59.54999923706055,60.09999847412109,58.400001525878906,58.5,9663759.0,61.7274995803833,62.07699989318848,2.868636085498137,3.345514971329683
2024-06-07,59.20000076293945,60.04999923706055,58.900001525878906,60.0,8305954.0,61.6774995803833,62.15699989318848,2.905144116946128,3.223304989476969
2024-06-10,59.38999938964844,60.900001525878906,59.119998931884766,60.900001525878906,7171537.0,61.61699962615967,62.216799850463865,2.9411403809058205,3.141004380978719
2024-06-11,59.59999847412109,60.59000015258789,59.130001068115234,59.38999938964844,6883947.0,61.5444995880127,62.28079978942871,2.9735457052160026,3.05138718748692
2024-06-12,59.93000030517578,60.63999938964844,59.75,59.880001068115234,8269245.0,61.41349964141845,62.38339981079102,2.9846084626318024,2.8759196141361643
2024-06-13,59.79999923706055,61.25,59.59999847412109,60.20000076293945,7719982.0,61.27599964141846,62.48539978027344,2.9928290880301027,2.6817368177677574
2024-06-14,59.63999938964844,60.560001373291016,59.29999923706055,60.0099983215332,8330795.0,61.14299964904785,62.45919975280762,3.004011657640215,2.7033555746907423
2024-06-18,59.52000045776367,60.18000030517578,59.41999816894531,60.0,7618092.0,60.85899982452393,62.40859977722168,2.8655799085018057,2.734667335492969
2024-06-19,58.34999847412109,60.20000076293945,58.09999847412109,59.84000015258789,7188876.0,60.46149959564209,62.335599746704105,2.611209228312949,2.793873424490372
2024-06-20,59.36000061035156,60.11000061035156,58.25,58.34999847412109,10476656.0,60.15949954986572,62.28679977416992,2.345771976996428,2.824560494400852
2024-06-21,58.619998931884766,60.36000061035156,58.5,59.68999862670898,7325417.0,59.84799957275391,62.2221997833252,2.089811304409076,2.871303950530857
2024-06-24,57.869998931884766,58.5,57.5099983215332,58.5,5235336.0,59.49399967193604,62.15259979248047,1.7525125601005318,2.93436236383263
2024-06-25,57.630001068115234,58.84999847412109,57.5,58.0,5511141.0,59.19299964904785,62.09019981384277,1.4999091955390356,2.997296628251485
2024-06-26,57.16999816894531,57.880001068115234,57.040000915527344,57.65999984741211,3977101.0,59.01899948120117,61.91659980773926,1.5236552941698325,3.026316603219986
2024-06-27,56.470001220703125,58.04999923706055,56.209999084472656,57.04999923706055,5424109.0,58.80749950408936,61.76799980163574,1.570885865900516,3.108246019816037
2024-06-28,56.70000076293945,57.650001525878906,56.369998931884766,56.79999923706055,4391388.0,58.67999954223633,61.65599983215332,1.6352464021581348,3.188540910837512
2024-07-01,57.65999984741211,57.97999954223633,56.84000015258789,57.54999923706055,5194699.0,58.55799961090088,61.56419982910156,1.614619196845566,3.2367995074335325
2024-07-02,57.040000915527344,58.25,56.79999923706055,58.04999923706055,4529891.0,58.2924997329712,61.43099983215332,1.3774149858664817,3.2838078311868157
2024-07-03,57.70000076293945,58.0,56.869998931884766,57.380001068115234,4621260.0,58.42499980926514,61.3339998626709,1.159271299740787,3.321494759458309
2024-07-04,57.88999938964844,58.619998931884766,57.54999923706055,58.0,5835525.0,58.45449981689453,61.21779983520508,1.1364182683968966,3.3386178892093814
2024-07-05,57.459999084472656,57.900001525878906,57.16999816894531,57.900001525878906,5749933.0,58.349999809265135,61.06199981689453,1.126428702850197,3.328359426495868
2024-07-08,57.619998931884766,58.650001525878906,57.33000183105469,57.5,7145046.0,58.2709997177124,60.854399795532224,1.1190590549280564,3.208335706369177
2024-07-09,57.790000915527344,58.040000915527344,57.310001373291016,57.79999923706055,3841796.0,58.190999794006345,60.67419975280762,1.0917096689901298,3.1193740275988158
2024-07-10,57.63999938964844,58.18999862670898,55.40999984741211,57.97999954223633,12440009.0,58.09299983978271,60.49999977111816,1.045567445292275,3.038086874242376
2024-07-11,60.2400016784668,61.5,57.7400016784668,57.97999954223633,43685592.0,58.108499908447264,60.3847998046875,1.0760858778420694,2.932654525719561
2024-07-12,60.04999923706055,62.45000076293945,59.79999923706055,60.630001068115234,26403329.0,58.12099990844727,60.29579978942871,1.097997703421005,2.87211731054375
2024-07-15,59.45000076293945,60.150001525878906,58.619998931884766,60.0099983215332,6116625.0,58.11149997711182,60.173799743652346,1.0849074433255923,2.772195615295062
2024-07-16,58.79999923706055,61.5,58.40999984741211,59.63999938964844,13008105.0,58.07549991607666,60.01979972839356,1.0469931028311763,2.623477501555051
2024-07-18,57.83000183105469,58.90999984741211,57.72999954223633,58.7400016784668,5219901.0,58.04950008392334,59.89439979553222,1.0462740059771516,2.573848114564774
2024-07-19,56.650001525878906,58.13999938964844,56.45000076293945,58.0,6036944.0,57.91400012969971,59.80339981079101,1.0430995423154177,2.606966679411282
2024-07-22,56.77999877929688,57.400001525878906,55.84000015258789,56.400001525878906,4517421.0,57.82200012207032,59.68799980163574,1.0585820002632815,2.6106093408404143
2024-07-23,56.11000061035156,57.58000183105469,54.34000015258789,57.400001525878906,6703071.0,57.73400020599365,59.60619979858399,1.1254257653308168,2.6578883232216017
2024-07-24,57.15999984741211,57.5,56.27999877929688,56.900001525878906,4075016.0,57.710500144958495,59.53739982604981,1.132595887557658,2.6760987946580697
2024-07-25,56.13999938964844,57.7400016784668,56.0,56.59999847412109,5182234.0,57.65900020599365,59.43919982910156,1.180855639998869,2.7093411502625244
2024-07-26,58.02000045776367,58.38999938964844,56.70000076293945,57.0,6526182.0,57.73650016784668,59.34859985351562,1.1491520562854656,2.678762203023532
2024-07-29,57.900001525878906,59.5,57.70000076293945,58.45000076293945,6216892.0,57.79650020599365,59.255599899292,1.1232204664077972,2.645865506341026
2024-07-30,57.83000183105469,58.34999847412109,57.61000061035156,57.900001525878906,4487408.0,57.80500030517578,59.16619995117188,1.122776283763561,2.6162520107065617
2024-07-31,58.2400016784668,58.790000915527344,57.77000045776367,57.9900016784668,4368693.0,57.86500034332276,59.02700004577637,1.11175317028902,2.469719726923429
2024-08-01,57.84000015258789,59.59000015258789,57.45000076293945,58.59999847412109,8826789.0,57.87200031280518,58.857799987792966,1.1111001489245045,2.240431918947582
2024-08-02,57.0099983215332,57.310001373291016,56.220001220703125,57.0,4313911.0,57.82800025939942,58.68999992370605,1.1276508103145129,2.046217769975634
2024-08-05,53.91999816894531,55.68999862670898,53.75,55.150001525878906,9514691.0,57.65100021362305,58.47139991760254,1.4266413594284697,1.9565764947568864
2024-08-06,55.9900016784668,56.25,54.04999923706055,54.04999923706055,9261960.0,57.56950035095215,58.29220001220703,1.4742690660338265,1.7505735202662325
2024-08-07,56.27000045776367,56.88999938964844,55.56999969482422,56.130001068115234,4812076.0,57.493500328063966,58.144599990844725,1.5012359067406271,1.5937047104779936
2024-08-08,55.2599983215332,56.2400016784668,55.0,56.2400016784668,2507600.0,57.3745002746582,58.036799926757816,1.5812108067117807,1.6030435832094083
2024-08-09,54.810001373291016,56.09000015258789,54.52000045776367,55.79999923706055,2888541.0,57.103000259399415,57.918999938964845,1.528598185544604,1.6196713959268023
2024-08-12,54.52999877929688,55.150001525878906,53.54999923706055,54.79999923706055,5133050.0,56.82700023651123,57.82459991455078,1.465527554262394,1.6770457234933376
2024-08-13,54.369998931884766,55.369998931884766,53.650001525878906,54.81999969482422,3846899.0,56.5730001449585,57.70999992370606,1.4267012366195253,1.7137606756995791
2024-08-14,53.29999923706055,55.369998931884766,53.20000076293945,55.09999847412109,4502048.0,56.29800014495849,57.52899993896485,1.5028842785534615,1.6914688509301723
2024-08-16,53.79999923706055,54.18000030517578,53.29999923706055,53.5,4173538.0,56.09650001525879,57.503999938964846,1.55589702108188,1.7374684173576274
2024-08-19,55.58000183105469,55.9900016784668,55.0,55.900001525878906,7192102.0,56.043000030517575,57.46959999084473,1.5542582720536915,1.758489688107133
2024-08-20,55.09000015258789,55.900001525878906,55.0,55.88999938964844,2646877.0,55.95850009918213,57.38040000915528,1.558016512182232,1.763916188633736
2024-08-21,54.97999954223633,55.47999954223633,54.88999938964844,55.27999877929688,2388170.0,55.90200004577637,57.29599998474121,1.5726537981316293,1.775993099580055
2024-08-22,55.16999816894531,55.70000076293945,55.09999847412109,55.18999862670898,3644978.0,55.80249996185303,57.21159996032715,1.5516852861788153,1.774722197317975
2024-08-23,54.75,55.27999877929688,54.59000015258789,55.18000030517578,2543940.0,55.73299999237061,57.11459999084472,1.5668282193538947,1.7740584292256032
2024-08-26,55.61000061035156,56.25,54.34000015258789,55.13999938964844,7044789.0,55.6125,57.028199996948246,1.4714549810942266,1.7389943999134938
2024-08-27,54.84000015258789,55.56999969482422,54.68999862670898,55.41999816894531,3366119.0,55.45949993133545,56.92900001525879,1.3771505255318406,1.719007131187537
2024-08-28,54.38999938964844,55.59999847412109,54.0099983215332,54.79999923706055,3577190.0,55.287499809265135,56.82400001525879,1.276656800556429,1.7103529108650082
2024-08-29,54.2599983215332,54.79999923706055,53.900001525878906,54.380001068115234,3143041.0,55.08849964141846,56.71879997253418,1.088544896091374,1.7028929811395006
2024-08-30,53.63999938964844,54.58000183105469,53.22999954223633,54.47999954223633,3785576.0,54.878499603271486,56.62459999084473,0.9222132251817712,1.7406713659377182
2024-09-02,53.2599983215332,53.790000915527344,53.11000061035156,53.70000076293945,2145122.0,54.690999603271486,56.50259994506836,0.8439319639059439,1.7587149221429326
2024-09-03,53.18000030517578,53.7400016784668,53.060001373291016,53.119998931884766,1897560.0,54.653999710083006,56.39379997253418,0.8942358649040837,1.7929866139222508
2024-09-04,54.900001525878906,55.5,52.90999984741211,53.0,14897588.0,54.59949970245361,56.33440002441407,0.8401036426271248,1.792279939113712
2024-09-05,54.75,55.13999938964844,54.369998931884766,54.810001373291016,3146834.0,54.52349967956543,56.27680000305176,0.7443211662929435,1.7960668756991414
2024-09-06,53.40999984741211,55.25,53.34999847412109,54.95000076293945,3485541.0,54.430999755859375,56.201600036621095,0.7627027041043908,1.836172501447139
2024-09-09,52.470001220703125,53.5,51.90999984741211,53.5,3971648.0,54.31399974822998,56.121600036621096,0.8730070800725355,1.9098976029064667
2024-09-10,53.09000015258789,53.47999954223633,52.66999816894531,52.75,3172876.0,54.24199981689453,56.04940002441406,0.912732320872562,1.955281399416669
2024-09-11,52.29999923706055,53.36000061035156,52.09999847412109,53.36000061035156,2010315.0,54.13849983215332,55.94220001220703,1.0096706874169614,2.0113074463217786
2024-09-12,52.630001068115234,53.09999847412109,52.18000030517578,52.61000061035156,2751833.0,54.10499992370605,55.85400001525879,1.0492930813137666,2.0583283170943525
2024-09-13,53.5099983215332,54.400001525878906,52.79999923706055,53.0,5283066.0,54.09049987792969,55.77019996643067,1.0557137745208856,2.06691409711233
2024-09-16,53.08000183105469,54.25,53.0,54.25,3025904.0,53.96549987792969,55.67400001525879,1.0173776956088445,2.0781440662277118
2024-09-17,52.40999984741211,53.43999862670898,52.25,53.43999862670898,2745222.0,53.831499862670896,55.573000030517576,1.037762003198582,2.112012821807377
2024-09-18,51.88999938964844,52.650001525878906,51.79999923706055,52.40999984741211,2660479.0,53.6769998550415,55.45840003967285,1.0866417861323032,2.1537198060130085
2024-09-19,50.43999862670898,52.41999816894531,49.900001525878906,52.150001525878906,5472049.0,53.44049987792969,55.31139999389649,1.2474290457500496,2.2404194239356654
2024-09-20,50.58000183105469,51.380001068115234,50.45000076293945,50.68000030517578,3107050.0,53.23199996948242,55.17020004272461,1.3604124670473718,2.3119978227214264
2024-09-23,52.0099983215332,52.220001220703125,50.61000061035156,50.61000061035156,3358735.0,53.0519998550415,55.00559997558594,1.263956188554155,2.2353865112028126
2024-09-24,52.86000061035156,53.75,52.09000015258789,52.34999847412109,9247643.0,52.952999877929685,54.86180000305176,1.1920353761457445,2.133189625749187
2024-09-25,51.31999969482422,53.119998931884766,51.0099983215332,52.9900016784668,4805837.0,52.79949989318848,54.69919998168945,1.1949123622721978,2.085642003902942
2024-09-26,51.58000183105469,51.79999923706055,50.90999984741211,51.650001525878906,6955559.0,52.66550006866455,54.554800033569336,1.172570193648163,2.045480339640757
2024-09-27,52.84000015258789,53.63999938964844,51.88999938964844,51.95000076293945,12100491.0,52.62550010681152,54.455,1.1510246633083097,2.003726582510633
2024-09-30,53.95000076293945,55.209999084472656,53.2599983215332,53.45000076293945,18771071.0,52.66000022888184,54.40099998474121,1.1809943751922078,1.9796015013538109
2024-10-01,54.18999862670898,54.869998931884766,52.91999816894531,54.0,7366893.0,52.710500144958495,54.34919998168945,1.2251680176507227,1.949740994817564
2024-10-03,52.58000183105469,53.56999969482422,52.45000076293945,52.61000061035156,5059361.0,52.59450016021729,54.27860000610352,1.1115113073670244,1.9485914997469271
2024-10-04,51.68999862670898,52.77999877929688,51.18000030517578,52.41999816894531,3726023.0,52.44150009155273,54.16919998168945,1.0046589729402848,1.937036483595565
2024-10-07,51.130001068115234,52.09000015258789,49.75,51.68000030517578,6263191.0,52.32750015258789,54.06900001525879,1.0182433680758234,1.9624229331882592
2024-10-08,50.91999816894531,51.5,49.91999816894531,50.900001525878906,3996341.0,52.25,53.92699996948242,1.064751055226146,1.9272571826082792
2024-10-09,50.720001220703125,51.59999847412109,50.61000061035156,51.150001525878906,2596239.0,52.13150005340576,53.783399963378905,1.0977165927972217,1.892362434909325
2024-10-10,50.90999984741211,51.70000076293945,50.68999862670898,50.95000076293945,3300438.0,52.06200008392334,53.64499992370605,1.130014403893614,1.842771075895137
2024-10-11,51.369998931884766,51.650001525878906,50.75,50.900001525878906,2720858.0,51.998999977111815,53.50759986877441,1.131802909994037,1.746787759156458
2024-10-14,50.86000061035156,51.91999816894531,50.77000045776367,51.43000030517578,2045317.0,51.86650009155274,53.36799987792969,1.1002788613400056,1.6707433763009727
2024-10-15,50.5,51.09000015258789,50.400001525878906,51.0099983215332,2212258.0,51.7375,53.23779991149903,1.1017587241255635,1.6343972059678005
2024-10-16,50.22999954223633,50.70000076293945,50.09999847412109,50.400001525878906,2042186.0,51.62849998474121,53.16399993896484,1.138934288488686,1.6854757937737428
2024-10-17,49.83000183105469,50.59999847412109,49.650001525878906,50.27000045776367,2480207.0,51.52550010681152,53.040799942016605,1.2052579791411775,1.699765587127384
2024-10-18,49.36000061035156,49.81999969482422,48.869998931884766,49.81999969482422,3167123.0,51.47150020599365,52.90259994506836,1.278425099168235,1.7127167540418249
2024-10-21,48.0,49.880001068115234,47.54999923706055,49.54999923706055,3122094.0,51.34250011444092,52.75739997863769,1.486372621071817,1.813557462966848
2024-10-22,45.0,48.20000076293945,44.59999847412109,48.0,8321488.0,50.99200019836426,52.56119995117187,2.0429792206814037,2.0956704752797863
2024-10-23,44.93999862670898,45.7599983215332,43.52000045776367,45.0,6860245.0,50.59600009918213,52.36939994812012,2.3984917820171594,2.336782547544183
2024-10-24,45.15999984741211,45.540000915527344,44.70000076293945,45.09000015258789,2856849.0,50.28800010681152,52.185199966430666,2.679661576790524,2.530804715558549
2024-10-25,43.709999084472656,45.400001525878906,42.95000076293945,45.2599983215332,4886791.0,49.894499969482425,51.993399963378906,3.0343222514678603,2.794274552357157
2024-10-28,45.31999969482422,45.650001525878906,43.18000030517578,44.0099983215332,6225634.0,49.51849994659424,51.82379997253418,3.114969629650405,2.936132419953303
2024-10-29,45.2599983215332,45.75,44.63999938964844,45.70000076293945,2756250.0,49.08399982452393,51.61739990234375,3.0700463699827547,3.027989149046894
2024-10-30,46.22999954223633,46.75,45.0099983215332,45.25,3256372.0,48.68599987030029,51.44019989013672,2.883569828265551,3.0794325410742465
2024-10-31,47.4900016784668,47.720001220703125,45.810001373291016,46.380001068115234,3017216.0,48.4314998626709,51.29039993286133,2.74299374926882,3.0858935693644987
2024-11-01,48.22999954223633,48.54999923706055,46.84999847412109,47.869998931884766,965592.0,48.25849990844726,51.15159996032715,2.633593582148076,3.0638301806244272
2024-11-04,46.970001220703125,48.5,46.75,48.16999816894531,1908448.0,48.05049991607666,50.99599998474121,2.558061745525725,3.0748898469175034
2024-11-05,47.91999816894531,48.34000015258789,46.79999923706055,47.02999877929688,3548589.0,47.90049991607666,50.84219993591309,2.4672905282740807,3.031408689883005
2024-11-06,49.630001068115234,49.91999816894531,47.79999923706055,48.20000076293945,4292754.0,47.84599990844727,50.73799995422363,2.413177748582162,2.980297996753704
2024-11-07,50.08000183105469,50.38999938964844,49.2599983215332,49.900001525878906,4109253.0,47.80450000762939,50.65180000305176,2.3643551942578647,2.9344921731439157
2024-11-08,47.90999984741211,50.04999923706055,47.56999969482422,50.0,3678757.0,47.63150005340576,50.524800033569335,2.21137135544261,2.912474558962017
2024-11-11,46.95000076293945,47.84000015258789,46.59999847412109,47.84000015258789,2190552.0,47.43600006103516,50.39100006103516,2.079852255103699,2.9201009765114114
2024-11-12,46.150001525878906,47.650001525878906,46.0,47.09999847412109,2173034.0,47.2185001373291,50.24880012512208,1.9669572404356752,2.950497614225246
2024-11-13,43.91999816894531,45.09000015258789,43.59999847412109,44.0099983215332,5745748.0,46.90300006866456,50.06360008239746,1.9645499770132655,3.0516413091960426
2024-11-14,43.86000061035156,44.68000030517578,43.58000183105469,44.400001525878906,2815767.0,46.6045000076294,49.84280006408692,1.9499006221501995,3.09367179770008
2024-11-18,43.970001220703125,44.88999938964844,43.060001373291016,44.0099983215332,3722547.0,46.33500003814697,49.62720008850098,1.9212842731205528,3.1202251422317744
2024-11-19,44.02000045776367,44.91999816894531,43.900001525878906,44.27000045776367,1956510.0,46.13600006103516,49.439400100708006,1.9457147282528595,3.1700837363714136
2024-11-21,44.790000915527344,45.16999816894531,43.84999847412109,44.040000915527344,6500952.0,46.12550010681152,49.28580009460449,1.9527217557380856,3.2061001659324555
2024-11-22,44.650001525878906,45.150001525878906,44.38999938964844,45.0,1912078.0,46.11100025177002,49.11700012207032,1.9630373919060955,3.2238551335315058
2024-11-25,44.2599983215332,45.59999847412109,44.04999923706055,45.33000183105469,3140642.0,46.06600017547608,48.95620010375976,1.99602376419946,3.262135912932749
2024-11-26,44.869998931884766,45.150001525878906,44.2400016784668,44.400001525878906,2322945.0,46.12400016784668,48.801000061035154,1.9400285446800345,3.268373117223524
2024-11-27,45.95000076293945,46.18000030517578,44.70000076293945,44.959999084472656,3554220.0,46.15550022125244,48.64980010986328,1.9313823559726888,3.220601223991277
2024-11-28,45.970001220703125,47.13999938964844,45.34999847412109,45.34999847412109,2700916.0,46.191000366210936,48.50760009765625,1.9205508984232416,3.17768023646902
2024-11-29,45.97999954223633,46.400001525878906,45.720001220703125,46.25,1662775.0,46.17850036621094,48.37900009155273,1.9210972019469477,3.1464851632965427
2024-12-02,45.77000045776367,45.93999862670898,45.4900016784668,45.75,1588814.0,46.09250030517578,48.25660011291504,1.8976521643506756,3.1260875676127804
2024-12-03,48.25,49.5,45.63999938964844,45.79999923706055,29829790.0,46.09350032806397,48.21280014038086,1.8988427631510043,3.1101730483732144
2024-12-04,48.2400016784668,48.75,48.0099983215332,48.5099983215332,4118775.0,46.15700035095215,48.1660001373291,1.9502367213750669,3.0913745282297334
2024-12-05,48.040000915527344,48.4900016784668,47.54999923706055,48.4900016784668,2617211.0,46.16300048828125,48.08660018920899,1.9561219947100237,3.0412053309711817
2024-12-06,48.34999847412109,48.650001525878906,47.709999084472656,48.0,2615201.0,46.09900035858154,47.996400146484376,1.855047151380384,2.962606367958016
2024-12-09,48.15999984741211,49.040000915527344,47.900001525878906,48.650001525878906,3076186.0,46.00300025939941,47.93320014953613,1.6795648642511438,2.9237086003403774
2024-12-10,47.75,48.63999938964844,47.5099983215332,48.20000076293945,3358053.0,45.99500026702881,47.85660011291504,1.6703593247015611,2.875996893768923
2024-12-11,47.790000915527344,48.459999084472656,47.400001525878906,47.650001525878906,3038097.0,46.037000274658205,47.75560012817383,1.705820169562442,2.7846395661947665
2024-12-12,47.09999847412109,47.79999923706055,46.810001373291016,47.790000915527344,1990321.0,46.08450012207031,47.61860008239746,1.7222796665441178,2.6383259296608843
2024-12-13,46.040000915527344,47.0,45.38999938964844,46.84000015258789,4213740.0,46.19050025939941,47.45560012817383,1.645582421900014,2.470469132894109
2024-12-16,45.43999862670898,46.75,45.25,46.290000915527344,2802319.0,46.26950016021728,47.31280006408692,1.563701631216841,2.3726383866549607
2024-12-17,44.560001373291016,45.68999862670898,44.40999984741211,45.5,2619233.0,46.29900016784668,47.17020011901855,1.523074777142863,2.317821500656432
2024-12-18,44.08000183105469,45.060001373291016,43.900001525878906,44.7599983215332,3270236.0,46.30200023651123,47.02920013427735,1.5184013873755202,2.2862400335261
2024-12-19,43.90999984741211,44.27999877929688,43.310001373291016,43.790000915527344,2619302.0,46.258000183105466,46.88900016784668,1.5761731889761006,2.2575319764391617
2024-12-20,43.13999938964844,44.29999923706055,43.0099983215332,44.0,2683255.0,46.18250007629395,46.737400131225584,1.6893533558121256,2.2495141871006528
2024-12-23,44.900001525878906,45.400001525878906,43.0,43.97999954223633,5644950.0,46.21450023651123,46.61720016479492,1.6567674579506346,2.181548006213553
2024-12-24,45.88999938964844,46.63999938964844,44.43000030517578,45.09999847412109,4283553.0,46.26550025939942,46.5076001739502,1.6286624602567257,2.0728445919407714
2024-12-26,44.63999938964844,45.650001525878906,44.20000076293945,44.209999084472656,3182010.0,46.20000019073486,46.38320014953613,1.6678885919019066,1.99135030201586
2024-12-27,43.709999084472656,44.77999877929688,43.5,44.68999862670898,2245738.0,46.08700008392334,46.24740013122559,1.7583937084605212,1.9356178464032043
2024-12-30,42.93000030517578,43.790000915527344,42.5,43.59999847412109,2394658.0,45.93450012207031,46.10140014648437,1.8951058013084396,1.9041439754264275
2024-12-31,43.150001525878906,43.34999847412109,42.59999847412109,42.59999847412109,1725108.0,45.80350017547608,45.96780014038086,1.9949969863766528,1.871255634825668
2025-01-01,43.59000015258789,43.68999862670898,43.13999938964844,43.13999938964844,1244746.0,45.570500183105466,45.85240013122559,1.966143534520837,1.83536314340498
2025-01-02,43.630001068115234,44.060001373291016,43.5,43.75,1695343.0,45.34000015258789,45.76500015258789,1.9060206668757744,1.8350569702904216
2025-01-03,43.43999862670898,44.18000030517578,43.34999847412109,43.70000076293945,2225022.0,45.11000003814697,45.73380012512207,1.8394418703595712,1.8614017370204137
2025-01-06,42.130001068115234,43.68999862670898,41.91999816894531,43.59000015258789,3411839.0,44.79900016784668,45.6776001739502,1.7879092038636533,1.9271176001805823
2025-01-07,42.810001373291016,43.15999984741211,41.810001373291016,42.130001068115234,2532543.0,44.531500244140624,45.630600204467775,1.6537746342836086,1.9682173273082488
2025-01-08,42.150001525878906,42.79999923706055,42.0,42.79999923706055,1770518.0,44.25150032043457,45.5994002532959,1.551047805434257,2.011179365548101
2025-01-09,41.709999084472656,42.470001220703125,41.52999877929688,42.20000076293945,2114730.0,43.94750022888184,45.52720024108887,1.4104713202134644,2.08486290975803
