Date_Ticker,Close_PVRINOX.NS,High_PVRINOX.NS,Low_PVRINOX.NS,Open_PVRINOX.NS,Volume_PVRINOX.NS,MA_20_Unnamed: 6_level_1,MA_50_Unnamed: 7_level_1,Volatility_20_Unnamed: 8_level_1,Volatility_50_Unnamed: 9_level_1
Date,,,,,,,,,
2020-01-10,,,,,,,,,
2020-01-13,,,,,,,,,
2020-01-14,,,,,,,,,
2020-01-15,,,,,,,,,
2020-01-16,,,,,,,,,
2020-01-17,,,,,,,,,
2020-01-20,,,,,,,,,
2020-01-21,,,,,,,,,
2020-01-22,,,,,,,,,
2020-01-23,,,,,,,,,
2020-01-24,,,,,,,,,
2020-01-27,,,,,,,,,
2020-01-28,,,,,,,,,
2020-01-29,,,,,,,,,
2020-01-30,,,,,,,,,
2020-01-31,,,,,,,,,
2020-02-03,,,,,,,,,
2020-02-04,,,,,,,,,
2020-02-05,,,,,,,,,
2020-02-06,,,,,,,,,
2020-02-07,,,,,,,,,
2020-02-10,,,,,,,,,
2020-02-11,,,,,,,,,
2020-02-12,,,,,,,,,
2020-02-13,,,,,,,,,
2020-02-14,,,,,,,,,
2020-02-17,,,,,,,,,
2020-02-18,,,,,,,,,
2020-02-19,,,,,,,,,
2020-02-20,,,,,,,,,
2020-02-24,,,,,,,,,
2020-02-25,,,,,,,,,
2020-02-26,,,,,,,,,
2020-02-27,,,,,,,,,
2020-02-28,,,,,,,,,
2020-03-02,,,,,,,,,
2020-03-03,,,,,,,,,
2020-03-04,,,,,,,,,
2020-03-05,,,,,,,,,
2020-03-06,,,,,,,,,
2020-03-09,,,,,,,,,
2020-03-11,,,,,,,,,
2020-03-12,,,,,,,,,
2020-03-13,,,,,,,,,
2020-03-16,,,,,,,,,
2020-03-17,,,,,,,,,
2020-03-18,,,,,,,,,
2020-03-19,,,,,,,,,
2020-03-20,,,,,,,,,
2020-03-23,,,,,,,,,
2020-03-24,,,,,,,,,
2020-03-25,,,,,,,,,
2020-03-26,,,,,,,,,
2020-03-27,,,,,,,,,
2020-03-30,,,,,,,,,
2020-03-31,,,,,,,,,
2020-04-01,,,,,,,,,
2020-04-03,,,,,,,,,
2020-04-07,,,,,,,,,
2020-04-08,,,,,,,,,
2020-04-09,,,,,,,,,
2020-04-13,,,,,,,,,
2020-04-15,,,,,,,,,
2020-04-16,,,,,,,,,
2020-04-17,,,,,,,,,
2020-04-20,,,,,,,,,
2020-04-21,,,,,,,,,
2020-04-22,,,,,,,,,
2020-04-23,,,,,,,,,
2020-04-24,,,,,,,,,
2020-04-27,,,,,,,,,
2020-04-28,,,,,,,,,
2020-04-29,,,,,,,,,
2020-04-30,,,,,,,,,
2020-05-04,,,,,,,,,
2020-05-05,,,,,,,,,
2020-05-06,,,,,,,,,
2020-05-07,,,,,,,,,
2020-05-08,,,,,,,,,
2020-05-11,,,,,,,,,
2020-05-12,,,,,,,,,
2020-05-13,,,,,,,,,
2020-05-14,,,,,,,,,
2020-05-15,,,,,,,,,
2020-05-18,,,,,,,,,
2020-05-19,,,,,,,,,
2020-05-20,,,,,,,,,
2020-05-21,,,,,,,,,
2020-05-22,,,,,,,,,
2020-05-26,,,,,,,,,
2020-05-27,,,,,,,,,
2020-05-28,,,,,,,,,
2020-05-29,,,,,,,,,
2020-06-01,,,,,,,,,
2020-06-02,,,,,,,,,
2020-06-03,,,,,,,,,
2020-06-04,,,,,,,,,
2020-06-05,,,,,,,,,
2020-06-08,,,,,,,,,
2020-06-09,,,,,,,,,
2020-06-10,,,,,,,,,
2020-06-11,,,,,,,,,
2020-06-12,,,,,,,,,
2020-06-15,,,,,,,,,
2020-06-16,,,,,,,,,
2020-06-17,,,,,,,,,
2020-06-18,,,,,,,,,
2020-06-19,,,,,,,,,
2020-06-22,,,,,,,,,
2020-06-23,,,,,,,,,
2020-06-24,,,,,,,,,
2020-06-25,,,,,,,,,
2020-06-26,,,,,,,,,
2020-06-29,,,,,,,,,
2020-06-30,,,,,,,,,
2020-07-01,,,,,,,,,
2020-07-02,,,,,,,,,
2020-07-03,,,,,,,,,
2020-07-06,,,,,,,,,
2020-07-07,,,,,,,,,
2020-07-08,,,,,,,,,
2020-07-09,,,,,,,,,
2020-07-10,,,,,,,,,
2020-07-13,,,,,,,,,
2020-07-14,,,,,,,,,
2020-07-15,,,,,,,,,
2020-07-16,,,,,,,,,
2020-07-17,,,,,,,,,
2020-07-20,,,,,,,,,
2020-07-21,,,,,,,,,
2020-07-22,,,,,,,,,
2020-07-23,,,,,,,,,
2020-07-24,,,,,,,,,
2020-07-27,,,,,,,,,
2020-07-28,,,,,,,,,
2020-07-29,,,,,,,,,
2020-07-30,,,,,,,,,
2020-07-31,,,,,,,,,
2020-08-03,,,,,,,,,
2020-08-04,,,,,,,,,
2020-08-05,,,,,,,,,
2020-08-06,,,,,,,,,
2020-08-07,,,,,,,,,
2020-08-10,,,,,,,,,
2020-08-11,,,,,,,,,
2020-08-12,,,,,,,,,
2020-08-13,,,,,,,,,
2020-08-14,,,,,,,,,
2020-08-17,,,,,,,,,
2020-08-18,,,,,,,,,
2020-08-19,,,,,,,,,
2020-08-20,,,,,,,,,
2020-08-21,,,,,,,,,
2020-08-24,,,,,,,,,
2020-08-25,,,,,,,,,
2020-08-26,,,,,,,,,
2020-08-27,,,,,,,,,
2020-08-28,,,,,,,,,
2020-08-31,,,,,,,,,
2020-09-01,,,,,,,,,
2020-09-02,,,,,,,,,
2020-09-03,,,,,,,,,
2020-09-04,,,,,,,,,
2020-09-07,,,,,,,,,
2020-09-08,,,,,,,,,
2020-09-09,,,,,,,,,
2020-09-10,,,,,,,,,
2020-09-11,,,,,,,,,
2020-09-14,,,,,,,,,
2020-09-15,,,,,,,,,
2020-09-16,,,,,,,,,
2020-09-17,,,,,,,,,
2020-09-18,,,,,,,,,
2020-09-21,,,,,,,,,
2020-09-22,,,,,,,,,
2020-09-23,,,,,,,,,
2020-09-24,,,,,,,,,
2020-09-25,,,,,,,,,
2020-09-28,,,,,,,,,
2020-09-29,,,,,,,,,
2020-09-30,,,,,,,,,
2020-10-01,,,,,,,,,
2020-10-05,,,,,,,,,
2020-10-06,,,,,,,,,
2020-10-07,,,,,,,,,
2020-10-08,,,,,,,,,
2020-10-09,,,,,,,,,
2020-10-12,,,,,,,,,
2020-10-13,,,,,,,,,
2020-10-14,,,,,,,,,
2020-10-15,,,,,,,,,
2020-10-16,,,,,,,,,
2020-10-19,,,,,,,,,
2020-10-20,,,,,,,,,
2020-10-21,,,,,,,,,
2020-10-22,,,,,,,,,
2020-10-23,,,,,,,,,
2020-10-26,,,,,,,,,
2020-10-27,,,,,,,,,
2020-10-28,,,,,,,,,
2020-10-29,,,,,,,,,
2020-10-30,,,,,,,,,
2020-11-02,,,,,,,,,
2020-11-03,,,,,,,,,
2020-11-04,,,,,,,,,
2020-11-05,,,,,,,,,
2020-11-06,,,,,,,,,
2020-11-09,,,,,,,,,
2020-11-10,,,,,,,,,
2020-11-11,,,,,,,,,
2020-11-12,,,,,,,,,
2020-11-13,,,,,,,,,
2020-11-14,,,,,,,,,
2020-11-17,,,,,,,,,
2020-11-18,,,,,,,,,
2020-11-19,,,,,,,,,
2020-11-20,,,,,,,,,
2020-11-23,,,,,,,,,
2020-11-24,,,,,,,,,
2020-11-25,,,,,,,,,
2020-11-26,,,,,,,,,
2020-11-27,,,,,,,,,
2020-12-01,,,,,,,,,
2020-12-02,,,,,,,,,
2020-12-03,,,,,,,,,
2020-12-04,,,,,,,,,
2020-12-07,,,,,,,,,
2020-12-08,,,,,,,,,
2020-12-09,,,,,,,,,
2020-12-10,,,,,,,,,
2020-12-11,,,,,,,,,
2020-12-14,,,,,,,,,
2020-12-15,,,,,,,,,
2020-12-16,,,,,,,,,
2020-12-17,,,,,,,,,
2020-12-18,,,,,,,,,
2020-12-21,,,,,,,,,
2020-12-22,,,,,,,,,
2020-12-23,,,,,,,,,
2020-12-24,,,,,,,,,
2020-12-28,,,,,,,,,
2020-12-29,,,,,,,,,
2020-12-30,,,,,,,,,
2020-12-31,,,,,,,,,
2021-01-01,,,,,,,,,
2021-01-04,,,,,,,,,
2021-01-05,,,,,,,,,
2021-01-06,,,,,,,,,
2021-01-07,,,,,,,,,
2021-01-08,,,,,,,,,
2021-01-11,,,,,,,,,
2021-01-12,,,,,,,,,
2021-01-13,,,,,,,,,
2021-01-14,,,,,,,,,
2021-01-15,,,,,,,,,
2021-01-18,,,,,,,,,
2021-01-19,,,,,,,,,
2021-01-20,,,,,,,,,
2021-01-21,,,,,,,,,
2021-01-22,,,,,,,,,
2021-01-25,,,,,,,,,
2021-01-27,,,,,,,,,
2021-01-28,,,,,,,,,
2021-01-29,,,,,,,,,
2021-02-01,,,,,,,,,
2021-02-02,,,,,,,,,
2021-02-03,,,,,,,,,
2021-02-04,,,,,,,,,
2021-02-05,,,,,,,,,
2021-02-08,,,,,,,,,
2021-02-09,,,,,,,,,
2021-02-10,,,,,,,,,
2021-02-11,,,,,,,,,
2021-02-12,,,,,,,,,
2021-02-15,,,,,,,,,
2021-02-16,,,,,,,,,
2021-02-17,,,,,,,,,
2021-02-18,,,,,,,,,
2021-02-19,,,,,,,,,
2021-02-22,,,,,,,,,
2021-02-23,,,,,,,,,
2021-02-24,,,,,,,,,
2021-02-25,,,,,,,,,
2021-02-26,,,,,,,,,
2021-03-01,,,,,,,,,
2021-03-02,,,,,,,,,
2021-03-03,,,,,,,,,
2021-03-04,,,,,,,,,
2021-03-05,,,,,,,,,
2021-03-08,,,,,,,,,
2021-03-09,,,,,,,,,
2021-03-10,,,,,,,,,
2021-03-12,,,,,,,,,
2021-03-15,,,,,,,,,
2021-03-16,,,,,,,,,
2021-03-17,,,,,,,,,
2021-03-18,,,,,,,,,
2021-03-19,,,,,,,,,
2021-03-22,,,,,,,,,
2021-03-23,,,,,,,,,
2021-03-24,,,,,,,,,
2021-03-25,,,,,,,,,
2021-03-26,,,,,,,,,
2021-03-30,,,,,,,,,
2021-03-31,,,,,,,,,
2021-04-01,,,,,,,,,
2021-04-05,,,,,,,,,
2021-04-06,,,,,,,,,
2021-04-07,,,,,,,,,
2021-04-08,,,,,,,,,
2021-04-09,,,,,,,,,
2021-04-12,,,,,,,,,
2021-04-13,,,,,,,,,
2021-04-15,,,,,,,,,
2021-04-16,,,,,,,,,
2021-04-19,,,,,,,,,
2021-04-20,,,,,,,,,
2021-04-22,,,,,,,,,
2021-04-23,,,,,,,,,
2021-04-26,,,,,,,,,
2021-04-27,,,,,,,,,
2021-04-28,,,,,,,,,
2021-04-29,,,,,,,,,
2021-04-30,,,,,,,,,
2021-05-03,,,,,,,,,
2021-05-04,,,,,,,,,
2021-05-05,,,,,,,,,
2021-05-06,,,,,,,,,
2021-05-07,,,,,,,,,
2021-05-10,,,,,,,,,
2021-05-11,,,,,,,,,
2021-05-12,,,,,,,,,
2021-05-14,,,,,,,,,
2021-05-17,,,,,,,,,
2021-05-18,,,,,,,,,
2021-05-19,,,,,,,,,
2021-05-20,,,,,,,,,
2021-05-21,,,,,,,,,
2021-05-24,,,,,,,,,
2021-05-25,,,,,,,,,
2021-05-26,,,,,,,,,
2021-05-27,,,,,,,,,
2021-05-28,,,,,,,,,
2021-05-31,,,,,,,,,
2021-06-01,,,,,,,,,
2021-06-02,,,,,,,,,
2021-06-03,,,,,,,,,
2021-06-04,,,,,,,,,
2021-06-07,,,,,,,,,
2021-06-08,,,,,,,,,
2021-06-09,,,,,,,,,
2021-06-10,,,,,,,,,
2021-06-11,,,,,,,,,
2021-06-14,,,,,,,,,
2021-06-15,,,,,,,,,
2021-06-16,,,,,,,,,
2021-06-17,,,,,,,,,
2021-06-18,,,,,,,,,
2021-06-21,,,,,,,,,
2021-06-22,,,,,,,,,
2021-06-23,,,,,,,,,
2021-06-24,,,,,,,,,
2021-06-25,,,,,,,,,
2021-06-28,,,,,,,,,
2021-06-29,,,,,,,,,
2021-06-30,,,,,,,,,
2021-07-01,,,,,,,,,
2021-07-02,,,,,,,,,
2021-07-05,,,,,,,,,
2021-07-06,,,,,,,,,
2021-07-07,,,,,,,,,
2021-07-08,,,,,,,,,
2021-07-09,,,,,,,,,
2021-07-12,,,,,,,,,
2021-07-13,,,,,,,,,
2021-07-14,,,,,,,,,
2021-07-15,,,,,,,,,
2021-07-16,,,,,,,,,
2021-07-19,,,,,,,,,
2021-07-20,,,,,,,,,
2021-07-22,,,,,,,,,
2021-07-23,,,,,,,,,
2021-07-26,,,,,,,,,
2021-07-27,,,,,,,,,
2021-07-28,,,,,,,,,
2021-07-29,,,,,,,,,
2021-07-30,,,,,,,,,
2021-08-02,,,,,,,,,
2021-08-03,,,,,,,,,
2021-08-04,,,,,,,,,
2021-08-05,,,,,,,,,
2021-08-06,,,,,,,,,
2021-08-09,,,,,,,,,
2021-08-10,,,,,,,,,
2021-08-11,,,,,,,,,
2021-08-12,,,,,,,,,
2021-08-13,,,,,,,,,
2021-08-16,,,,,,,,,
2021-08-17,,,,,,,,,
2021-08-18,,,,,,,,,
2021-08-20,,,,,,,,,
2021-08-23,,,,,,,,,
2021-08-24,,,,,,,,,
2021-08-25,,,,,,,,,
2021-08-26,,,,,,,,,
2021-08-27,,,,,,,,,
2021-08-30,,,,,,,,,
2021-08-31,,,,,,,,,
2021-09-01,,,,,,,,,
2021-09-02,,,,,,,,,
2021-09-03,,,,,,,,,
2021-09-06,,,,,,,,,
2021-09-07,,,,,,,,,
2021-09-08,,,,,,,,,
2021-09-09,,,,,,,,,
2021-09-13,,,,,,,,,
2021-09-14,,,,,,,,,
2021-09-15,,,,,,,,,
2021-09-16,,,,,,,,,
2021-09-17,,,,,,,,,
2021-09-20,,,,,,,,,
2021-09-21,,,,,,,,,
2021-09-22,,,,,,,,,
2021-09-23,,,,,,,,,
2021-09-24,,,,,,,,,
2021-09-27,,,,,,,,,
2021-09-28,,,,,,,,,
2021-09-29,,,,,,,,,
2021-09-30,,,,,,,,,
2021-10-01,,,,,,,,,
2021-10-04,,,,,,,,,
2021-10-05,,,,,,,,,
2021-10-06,,,,,,,,,
2021-10-07,,,,,,,,,
2021-10-08,,,,,,,,,
2021-10-11,,,,,,,,,
2021-10-12,,,,,,,,,
2021-10-13,,,,,,,,,
2021-10-14,,,,,,,,,
2021-10-18,,,,,,,,,
2021-10-19,,,,,,,,,
2021-10-20,,,,,,,,,
2021-10-21,,,,,,,,,
2021-10-22,,,,,,,,,
2021-10-25,,,,,,,,,
2021-10-26,,,,,,,,,
2021-10-27,,,,,,,,,
2021-10-28,,,,,,,,,
2021-10-29,,,,,,,,,
2021-11-01,,,,,,,,,
2021-11-02,,,,,,,,,
2021-11-03,,,,,,,,,
2021-11-04,,,,,,,,,
2021-11-08,,,,,,,,,
2021-11-09,,,,,,,,,
2021-11-10,,,,,,,,,
2021-11-11,,,,,,,,,
2021-11-12,,,,,,,,,
2021-11-15,,,,,,,,,
2021-11-16,,,,,,,,,
2021-11-17,,,,,,,,,
2021-11-18,,,,,,,,,
2021-11-22,,,,,,,,,
2021-11-23,,,,,,,,,
2021-11-24,,,,,,,,,
2021-11-25,,,,,,,,,
2021-11-26,,,,,,,,,
2021-11-29,,,,,,,,,
2021-11-30,,,,,,,,,
2021-12-01,,,,,,,,,
2021-12-02,,,,,,,,,
2021-12-03,,,,,,,,,
2021-12-06,,,,,,,,,
2021-12-07,,,,,,,,,
2021-12-08,,,,,,,,,
2021-12-09,,,,,,,,,
2021-12-10,,,,,,,,,
2021-12-13,,,,,,,,,
2021-12-14,,,,,,,,,
2021-12-15,,,,,,,,,
2021-12-16,,,,,,,,,
2021-12-17,,,,,,,,,
2021-12-20,,,,,,,,,
2021-12-21,,,,,,,,,
2021-12-22,,,,,,,,,
2021-12-23,,,,,,,,,
2021-12-24,,,,,,,,,
2021-12-27,,,,,,,,,
2021-12-28,,,,,,,,,
2021-12-29,,,,,,,,,
2021-12-30,,,,,,,,,
2021-12-31,,,,,,,,,
2022-01-03,,,,,,,,,
2022-01-04,,,,,,,,,
2022-01-05,,,,,,,,,
2022-01-06,,,,,,,,,
2022-01-07,,,,,,,,,
2022-01-10,,,,,,,,,
2022-01-11,,,,,,,,,
2022-01-12,,,,,,,,,
2022-01-13,,,,,,,,,
2022-01-14,,,,,,,,,
2022-01-17,,,,,,,,,
2022-01-18,,,,,,,,,
2022-01-19,,,,,,,,,
2022-01-20,,,,,,,,,
2022-01-21,,,,,,,,,
2022-01-24,,,,,,,,,
2022-01-25,,,,,,,,,
2022-01-27,,,,,,,,,
2022-01-28,,,,,,,,,
2022-01-31,,,,,,,,,
2022-02-01,,,,,,,,,
2022-02-02,,,,,,,,,
2022-02-03,,,,,,,,,
2022-02-04,,,,,,,,,
2022-02-07,,,,,,,,,
2022-02-08,,,,,,,,,
2022-02-09,,,,,,,,,
2022-02-10,,,,,,,,,
2022-02-11,,,,,,,,,
2022-02-14,,,,,,,,,
2022-02-15,,,,,,,,,
2022-02-16,,,,,,,,,
2022-02-17,,,,,,,,,
2022-02-18,,,,,,,,,
2022-02-21,,,,,,,,,
2022-02-22,,,,,,,,,
2022-02-23,,,,,,,,,
2022-02-24,,,,,,,,,
2022-02-25,,,,,,,,,
2022-02-28,,,,,,,,,
2022-03-02,,,,,,,,,
2022-03-03,,,,,,,,,
2022-03-04,,,,,,,,,
2022-03-07,,,,,,,,,
2022-03-08,,,,,,,,,
2022-03-09,,,,,,,,,
2022-03-10,,,,,,,,,
2022-03-11,,,,,,,,,
2022-03-14,,,,,,,,,
2022-03-15,,,,,,,,,
2022-03-16,,,,,,,,,
2022-03-17,,,,,,,,,
2022-03-21,,,,,,,,,
2022-03-22,,,,,,,,,
2022-03-23,,,,,,,,,
2022-03-24,,,,,,,,,
2022-03-25,,,,,,,,,
2022-03-28,,,,,,,,,
2022-03-29,,,,,,,,,
2022-03-30,,,,,,,,,
2022-03-31,,,,,,,,,
2022-04-01,,,,,,,,,
2022-04-04,,,,,,,,,
2022-04-05,,,,,,,,,
2022-04-06,,,,,,,,,
2022-04-07,,,,,,,,,
2022-04-08,,,,,,,,,
2022-04-11,,,,,,,,,
2022-04-12,,,,,,,,,
2022-04-13,,,,,,,,,
2022-04-18,,,,,,,,,
2022-04-19,,,,,,,,,
2022-04-20,,,,,,,,,
2022-04-21,,,,,,,,,
2022-04-22,,,,,,,,,
2022-04-25,,,,,,,,,
2022-04-26,,,,,,,,,
2022-04-27,,,,,,,,,
2022-04-28,,,,,,,,,
2022-04-29,,,,,,,,,
2022-05-02,,,,,,,,,
2022-05-04,,,,,,,,,
2022-05-05,,,,,,,,,
2022-05-06,,,,,,,,,
2022-05-09,,,,,,,,,
2022-05-10,,,,,,,,,
2022-05-11,,,,,,,,,
2022-05-12,,,,,,,,,
2022-05-13,,,,,,,,,
2022-05-16,,,,,,,,,
2022-05-17,,,,,,,,,
2022-05-18,,,,,,,,,
2022-05-19,,,,,,,,,
2022-05-20,,,,,,,,,
2022-05-23,,,,,,,,,
2022-05-24,,,,,,,,,
2022-05-25,,,,,,,,,
2022-05-26,,,,,,,,,
2022-05-27,,,,,,,,,
2022-05-30,,,,,,,,,
2022-05-31,,,,,,,,,
2022-06-01,,,,,,,,,
2022-06-02,,,,,,,,,
2022-06-03,,,,,,,,,
2022-06-06,,,,,,,,,
2022-06-07,,,,,,,,,
2022-06-08,,,,,,,,,
2022-06-09,,,,,,,,,
2022-06-10,,,,,,,,,
2022-06-13,,,,,,,,,
2022-06-14,,,,,,,,,
2022-06-15,,,,,,,,,
2022-06-16,,,,,,,,,
2022-06-17,,,,,,,,,
2022-06-20,,,,,,,,,
2022-06-21,,,,,,,,,
2022-06-22,,,,,,,,,
2022-06-23,,,,,,,,,
2022-06-24,,,,,,,,,
2022-06-27,,,,,,,,,
2022-06-28,,,,,,,,,
2022-06-29,,,,,,,,,
2022-06-30,,,,,,,,,
2022-07-01,,,,,,,,,
2022-07-04,,,,,,,,,
2022-07-05,,,,,,,,,
2022-07-06,,,,,,,,,
2022-07-07,,,,,,,,,
2022-07-08,,,,,,,,,
2022-07-11,,,,,,,,,
2022-07-12,,,,,,,,,
2022-07-13,,,,,,,,,
2022-07-14,,,,,,,,,
2022-07-15,,,,,,,,,
2022-07-18,,,,,,,,,
2022-07-19,,,,,,,,,
2022-07-20,,,,,,,,,
2022-07-21,,,,,,,,,
2022-07-22,,,,,,,,,
2022-07-25,,,,,,,,,
2022-07-26,,,,,,,,,
2022-07-27,,,,,,,,,
2022-07-28,,,,,,,,,
2022-07-29,,,,,,,,,
2022-08-01,,,,,,,,,
2022-08-02,,,,,,,,,
2022-08-03,,,,,,,,,
2022-08-04,,,,,,,,,
2022-08-05,,,,,,,,,
2022-08-08,,,,,,,,,
2022-08-10,,,,,,,,,
2022-08-11,,,,,,,,,
2022-08-12,,,,,,,,,
2022-08-16,,,,,,,,,
2022-08-17,,,,,,,,,
2022-08-18,,,,,,,,,
2022-08-19,,,,,,,,,
2022-08-22,,,,,,,,,
2022-08-23,,,,,,,,,
2022-08-24,,,,,,,,,
2022-08-25,,,,,,,,,
2022-08-26,,,,,,,,,
2022-08-29,,,,,,,,,
2022-08-30,,,,,,,,,
2022-09-01,,,,,,,,,
2022-09-02,,,,,,,,,
2022-09-05,,,,,,,,,
2022-09-06,,,,,,,,,
2022-09-07,,,,,,,,,
2022-09-08,,,,,,,,,
2022-09-09,,,,,,,,,
2022-09-12,,,,,,,,,
2022-09-13,,,,,,,,,
2022-09-14,,,,,,,,,
2022-09-15,,,,,,,,,
2022-09-16,,,,,,,,,
2022-09-19,,,,,,,,,
2022-09-20,,,,,,,,,
2022-09-21,,,,,,,,,
2022-09-22,,,,,,,,,
2022-09-23,,,,,,,,,
2022-09-26,,,,,,,,,
2022-09-27,,,,,,,,,
2022-09-28,,,,,,,,,
2022-09-29,,,,,,,,,
2022-09-30,,,,,,,,,
2022-10-03,,,,,,,,,
2022-10-04,,,,,,,,,
2022-10-06,,,,,,,,,
2022-10-07,,,,,,,,,
2022-10-10,,,,,,,,,
2022-10-11,,,,,,,,,
2022-10-12,,,,,,,,,
2022-10-13,,,,,,,,,
2022-10-14,,,,,,,,,
2022-10-17,,,,,,,,,
2022-10-18,,,,,,,,,
2022-10-19,,,,,,,,,
2022-10-20,,,,,,,,,
2022-10-21,,,,,,,,,
2022-10-24,,,,,,,,,
2022-10-25,,,,,,,,,
2022-10-27,,,,,,,,,
2022-10-28,,,,,,,,,
2022-10-31,,,,,,,,,
2022-11-01,,,,,,,,,
2022-11-02,,,,,,,,,
2022-11-03,,,,,,,,,
2022-11-04,,,,,,,,,
2022-11-07,,,,,,,,,
2022-11-09,,,,,,,,,
2022-11-10,1799.9000244140625,1822.5,1786.4000244140625,1800.0,306155.0,,,,
2022-11-11,1844.5,1854.4000244140625,1805.0,1808.9000244140625,680200.0,,,,
2022-11-14,1814.5,1844.5,1805.0,1844.5,178696.0,,,,
2022-11-15,1823.4000244140625,1848.0,1810.0,1810.0,301430.0,,,,
2022-11-16,1777.5999755859375,1839.9000244140625,1770.0,1828.0,322796.0,,,,
2022-11-17,1752.3499755859375,1799.0,1745.050048828125,1778.0999755859375,320791.0,,,,
2022-11-18,1728.0,1778.0,1718.3499755859375,1759.4000244140625,714109.0,,,,
2022-11-21,1749.449951171875,1771.550048828125,1711.0,1743.25,898656.0,,,,
2022-11-22,1754.550048828125,1760.5999755859375,1730.0,1758.0999755859375,674683.0,,,,
2022-11-23,1788.699951171875,1793.5,1740.0,1760.0,798452.0,,,,
2022-11-24,1821.699951171875,1825.0,1788.5999755859375,1797.6500244140625,667714.0,,,,
2022-11-25,1866.0,1875.0,1828.300048828125,1835.0,1235484.0,,,,
2022-11-28,1867.25,1873.25,1855.5,1867.5,228561.0,,,,
2022-11-29,1857.800048828125,1888.0,1846.0999755859373,1870.0,407676.0,,,,
2022-11-30,1849.4000244140625,1867.0,1838.0,1856.949951171875,747075.0,,,,
2022-12-01,1898.050048828125,1907.550048828125,1851.5999755859373,1851.5999755859373,813562.0,,,,
2022-12-02,1899.0,1914.75,1872.1500244140625,1907.300048828125,406070.0,,,,
2022-12-05,1912.199951171875,1919.75,1889.550048828125,1908.0,291592.0,,,,
2022-12-06,1917.199951171875,1925.449951171875,1896.75,1912.199951171875,445950.0,,,,
2022-12-07,1868.800048828125,1920.3499755859373,1863.75,1920.0,409915.0,1829.5174987792968,,57.8659857388641,
2022-12-08,1894.0,1901.199951171875,1851.3499755859373,1878.1500244140625,249646.0,1834.2224975585937,,59.14257158974629,
2022-12-09,1883.0999755859373,1909.75,1868.0,1887.5999755859373,218719.0,1836.1524963378904,,60.117391566674144,
2022-12-12,1889.5,1911.0,1866.6500244140625,1882.0,400740.0,1839.9024963378904,,61.02794448626408,
2022-12-13,1895.0999755859373,1905.0,1881.25,1887.0,297680.0,1843.4874938964845,,62.10397738851542,
2022-12-14,1875.3499755859373,1904.0,1859.199951171875,1904.0,333626.0,1848.3749938964845,,60.47073049582687,
2022-12-15,1810.0999755859373,1882.8499755859373,1802.0,1878.0,599825.0,1851.2624938964843,,56.9186378907423,
2022-12-16,1830.550048828125,1837.0,1801.25,1818.0,899926.0,1856.3899963378904,,49.3454166808929,
2022-12-19,1845.6500244140625,1850.0999755859373,1810.5999755859373,1848.0,460542.0,1861.2,,42.60027417321767,
2022-12-20,1813.8499755859373,1852.0,1797.0999755859375,1852.0,341468.0,1864.164996337891,,36.3990113330221,
2022-12-21,1731.449951171875,1832.1500244140625,1725.0999755859375,1821.0,678311.0,1861.3024963378907,,44.08562514310955,
2022-12-22,1726.949951171875,1759.4000244140625,1712.0,1730.0,754595.0,1856.5649963378903,,52.795868670547634,
2022-12-23,1630.6500244140625,1716.0,1617.3499755859375,1710.0,832447.0,1844.7974975585937,,72.95988296378731,
2022-12-26,1671.800048828125,1682.4000244140625,1607.9000244140625,1625.0,628951.0,1835.025,,82.28759392022481,
2022-12-27,1727.8499755859375,1733.25,1676.3499755859375,1676.3499755859375,651732.0,1828.5274963378904,,85.46379537640651,
2022-12-28,1716.8499755859375,1731.8499755859375,1710.199951171875,1725.0,434449.0,1821.8999938964844,,88.83304166079455,
2022-12-29,1704.550048828125,1710.0,1662.949951171875,1700.0,516209.0,1812.2249938964844,,90.62210220845562,
2022-12-30,1720.1500244140625,1732.0,1697.550048828125,1709.949951171875,227031.0,1803.2824951171876,,90.43272445580308,
2023-01-02,1726.4000244140625,1742.0,1710.0,1728.800048828125,224713.0,1793.992498779297,,88.17007990729485,
2023-01-03,1714.4000244140625,1738.0,1711.0,1730.949951171875,118650.0,1783.8525024414062,,84.85398975273215,
2023-01-04,1703.550048828125,1771.4000244140625,1692.0999755859375,1760.0,914829.0,1775.5900024414063,,84.18988945934817,
2023-01-05,1676.75,1716.0,1665.050048828125,1713.0,418733.0,1764.7275024414062,,82.09729551676021,
2023-01-06,1629.1500244140625,1681.699951171875,1616.0,1674.0,580588.0,1752.0300048828126,,82.46339984216634,
2023-01-09,1664.3499755859375,1681.949951171875,1629.699951171875,1642.0,1165874.0,1740.772503662109,,77.95383089143198,
2023-01-10,1670.0999755859375,1689.0,1660.0,1660.0,483366.0,1729.522503662109,,70.377023350039,
2023-01-11,1703.25,1714.0,1653.550048828125,1670.0,708593.0,1720.9175048828124,,61.57975389165249,
2023-01-12,1753.3499755859375,1765.949951171875,1692.1500244140625,1711.800048828125,1457530.0,1718.0800048828123,,58.48372677302212,
2023-01-13,1754.0,1768.9000244140625,1729.050048828125,1757.949951171875,825000.0,1714.2525024414062,,52.98178406591984,
2023-01-16,1684.050048828125,1762.300048828125,1663.800048828125,1753.050048828125,1005567.0,1706.1725036621094,,43.331932574139856,
2023-01-17,1672.5,1699.949951171875,1658.0,1678.1500244140625,409519.0,1699.1050048828124,,35.70042016164879,
2023-01-18,1669.6500244140625,1685.5999755859375,1654.199951171875,1675.25,633495.0,1696.0150085449218,1779.5860009765624,35.42695878866046,84.12789089174814
2023-01-19,1677.9000244140625,1684.75,1646.050048828125,1669.8499755859375,697321.0,1693.5625122070312,1777.1460009765624,34.86606401664015,85.2879034835144
2023-01-20,1610.9000244140625,1714.25,1591.9000244140625,1710.0,2280450.0,1692.5750122070312,1772.4740014648437,36.95858893343283,87.88177147445695
2023-01-23,1622.949951171875,1645.0,1592.0,1615.0999755859375,949377.0,1690.1325073242188,1768.6430004882814,39.90089172052087,90.15796916070636
2023-01-24,1681.949951171875,1685.0,1620.6500244140625,1631.0999755859375,1070273.0,1687.8375061035156,1765.8139990234374,38.92539980041027,90.62275488249266
2023-01-25,1664.300048828125,1685.0,1627.0999755859375,1685.0,1108699.0,1685.210009765625,1763.548000488281,38.63647173347702,91.73176700273768
2023-01-27,1739.800048828125,1755.5,1669.550048828125,1676.8499755859375,1150354.0,1686.972509765625,1763.297001953125,40.33195751388187,91.7801895199846
2023-01-30,1691.5,1740.0,1631.300048828125,1740.0,1173929.0,1685.540008544922,1762.567001953125,39.59357911511904,92.2108102001314
2023-01-31,1697.5999755859375,1710.6500244140625,1665.3499755859375,1688.050048828125,631620.0,1684.1000061035156,1761.5300024414062,38.53898122498654,92.6518314262088
2023-02-01,1657.9000244140625,1725.0,1641.0,1700.0999755859375,416273.0,1681.2750061035156,1759.597001953125,38.27087929225563,93.80150117527486
2023-02-02,1680.1500244140625,1697.3499755859375,1642.1500244140625,1664.0,241082.0,1680.1050048828124,1757.4260034179688,37.91004160303642,94.3686365194972
2023-02-03,1691.949951171875,1718.550048828125,1680.1500244140625,1680.1500244140625,372284.0,1680.8650024414062,1754.8310034179688,37.99151470469273,94.34909235438975
2023-02-06,1682.5,1711.199951171875,1675.0,1689.050048828125,229189.0,1683.5325012207031,1751.1610034179687,35.98952469778552,93.50167448365872
2023-02-07,1681.0,1705.0,1675.0,1687.0,394151.0,1684.3650024414062,1747.4360034179688,35.713962313544855,92.48692389146198
2023-02-08,1691.550048828125,1702.9000244140625,1679.0,1682.0,298880.0,1685.4375061035155,1744.1110034179687,35.58487525903463,91.42053085240843
2023-02-09,1683.5,1692.75,1659.949951171875,1690.050048828125,182524.0,1684.4500061035155,1740.7930029296874,35.3377310376592,90.52741371207672
2023-02-10,1698.75,1716.300048828125,1680.0,1680.0,558715.0,1681.7200073242188,1736.807001953125,31.651536611048623,87.80879557750859
2023-02-13,1686.75,1713.800048828125,1680.5,1700.0999755859375,415724.0,1678.357507324219,1732.562001953125,26.763438323556937,84.88972174472721
2023-02-14,1695.050048828125,1702.0,1656.5,1689.0,313716.0,1678.9075073242188,1728.21900390625,26.998573939107683,80.97634452550355
2023-02-15,1713.0,1726.550048828125,1691.449951171875,1692.0,376742.0,1680.9325073242187,1724.1350048828126,27.993200590690545,76.2628533846755
2023-02-16,1711.050048828125,1721.949951171875,1705.0,1720.0999755859375,192720.0,1683.002508544922,1720.9800048828124,28.638252015396088,73.36387608513357
2023-02-17,1655.4000244140625,1714.0,1645.9000244140625,1695.25,259075.0,1681.877508544922,1716.2080053710938,29.28390017285238,69.54030890366562
2023-02-20,1658.5999755859375,1694.1500244140625,1654.3499755859375,1662.699951171875,311132.0,1684.2625061035155,1711.7180053710938,24.79777727449988,65.68549430336301
2023-02-21,1654.3499755859375,1687.949951171875,1641.0,1665.449951171875,397282.0,1685.8325073242188,1707.0150048828125,21.48426279667805,60.94382935389868
2023-02-22,1623.4000244140625,1659.949951171875,1620.0,1656.3499755859375,299210.0,1682.905010986328,1701.581005859375,25.63019743881624,55.720230079333085
2023-02-23,1600.3499755859375,1638.8499755859375,1593.5999755859375,1631.550048828125,372437.0,1679.7075073242188,1696.081005859375,31.41064356482141,51.64083667554936
2023-02-24,1597.699951171875,1631.949951171875,1592.6500244140625,1608.4000244140625,583620.0,1672.6025024414062,1691.8330053710938,33.12690581445383,50.79937643669267
2023-02-27,1529.3499755859375,1601.8499755859375,1518.0,1600.0,1006087.0,1664.4950012207032,1685.80900390625,45.71075273913007,51.86169653595078
2023-02-28,1518.199951171875,1528.8499755859375,1501.6500244140625,1528.0,764471.0,1655.525,1679.2600024414062,55.43942607484591,51.94017644425849
2023-03-01,1535.25,1546.4000244140625,1485.5,1515.0,1213624.0,1649.3924987792968,1673.6880029296874,61.60372201941075,52.15036649022471
2023-03-02,1542.300048828125,1562.1500244140625,1534.6500244140625,1535.050048828125,378843.0,1642.5,1669.9050048828126,65.56555154201769,54.67420643868566
2023-03-03,1553.5999755859375,1562.0,1545.0,1550.050048828125,325275.0,1635.582501220703,1666.4380053710938,67.34782859542617,56.45043035883976
2023-03-06,1579.300048828125,1587.6500244140625,1562.4000244140625,1568.25,311578.0,1630.4225036621094,1665.411005859375,67.51717971371308,57.57079240819428
2023-03-08,1567.300048828125,1585.6500244140625,1563.0999755859375,1579.300048828125,170181.0,1624.7375061035157,1663.321005859375,67.8205056698688,59.20768458921695
2023-03-09,1541.449951171875,1575.1500244140625,1535.75,1575.1500244140625,373122.0,1617.2325012207032,1659.5930053710938,68.34094009656363,60.90568360278988
2023-03-10,1519.050048828125,1539.800048828125,1497.050048828125,1539.800048828125,279845.0,1609.0100036621093,1655.6370068359374,69.82512781517123,63.48020392637624
2023-03-13,1497.050048828125,1525.0999755859375,1483.0,1525.0999755859375,461430.0,1598.9250061035157,1651.4870068359376,70.74157641587603,66.90738204130305
2023-03-14,1527.8499755859375,1535.75,1494.800048828125,1504.949951171875,428843.0,1590.9800048828124,1647.641005859375,69.26646168182651,68.39041736002119
2023-03-15,1547.050048828125,1575.0,1538.0,1552.1500244140625,649405.0,1583.5800048828123,1644.0540063476562,65.35855702711503,68.87691469320959
2023-03-16,1588.1500244140625,1595.199951171875,1540.050048828125,1546.9000244140625,417049.0,1577.3375061035156,1641.529006347656,57.88148175769395,68.55883086561795
2023-03-17,1575.449951171875,1597.0,1557.050048828125,1597.0,411062.0,1570.5575012207032,1638.9670043945312,48.59077351036652,68.58734790144352
2023-03-20,1546.050048828125,1581.9000244140625,1500.0999755859375,1500.0999755859375,791764.0,1565.0900024414063,1636.3530053710938,44.523614526335976,69.60110054337615
2023-03-21,1570.199951171875,1585.0,1558.75,1566.0,497876.0,1560.6700012207032,1635.17400390625,38.76783870686057,70.22212397291734
2023-03-22,1545.0,1575.699951171875,1536.0,1570.0,212294.0,1555.2025024414063,1632.787004394531,31.97671975966549,71.23135823321817
2023-03-23,1548.449951171875,1559.949951171875,1531.199951171875,1549.0,318030.0,1551.4549987792968,1630.35400390625,27.664836884107864,72.00424017418942
2023-03-24,1506.1500244140625,1554.75,1500.0,1552.0,330586.0,1546.7450012207032,1626.412004394531,26.910828579564008,73.3153315004094
2023-03-27,1506.5999755859375,1522.1500244140625,1493.25,1515.0,188098.0,1542.1900024414062,1621.4770043945311,25.505331829614725,72.89994768968363
2023-03-28,1495.25,1514.699951171875,1471.0,1507.0,515860.0,1540.4850036621094,1616.3020043945312,27.47273692211048,72.483298190059
2023-03-29,1516.449951171875,1523.5,1490.0,1500.949951171875,459704.0,1540.397503662109,1612.9500024414062,27.55012777174896,73.15854135166457
2023-03-31,1534.0,1555.0,1524.3499755859375,1524.8499755859375,610495.0,1540.335003662109,1610.1800024414065,27.5638344276178,73.47909492220398
2023-04-03,1514.050048828125,1543.6500244140625,1504.0,1542.050048828125,529013.0,1538.9225036621094,1607.0680029296875,28.17489431337719,74.2004661351417
2023-04-05,1513.699951171875,1520.9000244140625,1502.75,1514.0,563910.0,1536.9275024414062,1603.7840014648436,28.49175051102297,74.63392757241975
2023-04-06,1529.9000244140625,1534.949951171875,1505.1500244140625,1515.9000244140625,350202.0,1534.457501220703,1602.1640014648438,26.710683586978305,75.3519522087207
2023-04-10,1549.800048828125,1551.75,1522.699951171875,1534.949951171875,153553.0,1533.582501220703,1600.7010034179686,25.850990075440546,75.64967972036014
2023-04-11,1557.300048828125,1561.699951171875,1541.9000244140625,1555.0,185692.0,1534.3750061035155,1598.2080053710938,26.34314460480183,74.96833718487177
2023-04-12,1538.5,1570.0,1536.0999755859375,1560.0,260581.0,1535.3475036621094,1595.6920043945313,26.105565362323745,74.81578766111944
2023-04-13,1530.300048828125,1549.449951171875,1520.25,1543.949951171875,204380.0,1537.0100036621093,1591.5020043945312,24.550714367765647,72.40812284834864
2023-04-17,1529.800048828125,1535.5999755859375,1513.0,1531.199951171875,270864.0,1537.107507324219,1588.2680053710938,24.516268646343494,71.45549081001165
2023-04-18,1547.25,1551.4000244140625,1522.0,1534.75,477347.0,1537.1175048828125,1585.261005859375,24.520576928852652,69.90742653148196
2023-04-19,1501.199951171875,1562.0,1495.050048828125,1562.0,929406.0,1532.770001220703,1582.1270043945312,22.63166391373558,70.09674096007619
2023-04-20,1508.699951171875,1512.0,1482.449951171875,1510.5,540536.0,1529.4325012207032,1578.6980029296874,20.858751886640093,69.3937623949328
2023-04-21,1498.800048828125,1521.0,1482.0,1515.0,1161378.0,1527.070001220703,1574.8350048828124,21.54217308248416,68.32855205942666
2023-04-24,1477.699951171875,1508.75,1465.25,1508.75,589163.0,1522.445001220703,1570.73900390625,21.723908682215477,67.87975060778713
2023-04-25,1478.5999755859375,1488.800048828125,1458.0999755859375,1480.0,428529.0,1519.125,1566.691003417969,23.12420251950802,67.20182281127808
2023-04-26,1449.6500244140625,1478.0,1438.0999755859375,1478.0,809500.0,1514.1850036621097,1561.8530029296876,26.792177075218515,66.73533800263772
2023-04-27,1458.800048828125,1465.0,1430.550048828125,1444.6500244140625,697360.0,1511.8175048828125,1557.35900390625,29.49524994515299,65.9373202165557
2023-04-28,1463.1500244140625,1476.1500244140625,1454.0,1468.0,638951.0,1509.6450073242188,1552.6470043945312,31.436093693634515,64.0173048576048
2023-05-02,1480.5999755859375,1485.0,1449.1500244140625,1460.550048828125,1057803.0,1508.9125061035156,1548.52400390625,31.955559782817467,61.80445711072343
2023-05-03,1484.800048828125,1493.5999755859375,1468.5999755859375,1484.949951171875,822832.0,1507.330010986328,1544.31900390625,32.34396545148621,58.70655395376029
2023-05-04,1483.199951171875,1495.300048828125,1478.0,1484.0,302756.0,1504.790008544922,1539.7230029296877,32.13331534488648,54.04129435720501
2023-05-05,1448.9000244140625,1487.800048828125,1444.0,1487.800048828125,505438.0,1501.5325073242188,1534.4800024414062,34.36963534565137,49.615669298806935
2023-05-08,1449.25,1462.449951171875,1435.550048828125,1456.300048828125,564399.0,1498.310009765625,1530.357001953125,36.144366172399984,47.89797028408852
2023-05-09,1450.699951171875,1460.0,1445.6500244140625,1450.0,329067.0,1494.3500061035156,1526.1990014648438,36.83322655302256,45.5019845629968
2023-05-10,1446.300048828125,1457.449951171875,1441.3499755859375,1452.0,181698.0,1489.1750061035157,1522.0380029296875,35.89130054676434,42.987082631017216
2023-05-11,1454.050048828125,1465.0,1448.25,1455.0,412633.0,1484.0125061035155,1518.6510034179687,32.875552183630155,41.4829910071505
2023-05-12,1447.0999755859375,1457.949951171875,1441.0,1455.0,178574.0,1479.4425048828125,1515.5860034179686,31.213345991014016,40.98187874364557
2023-05-15,1465.050048828125,1473.9000244140625,1416.300048828125,1449.949951171875,724042.0,1476.1800048828125,1512.9330053710937,28.94546713106609,39.83523905075878
2023-05-16,1435.1500244140625,1447.949951171875,1403.4000244140625,1443.0,2049045.0,1471.4475036621093,1511.0490063476564,27.41434517851293,41.24557362542685
2023-05-17,1366.5999755859375,1443.449951171875,1336.4000244140625,1435.0,2353752.0,1462.4150024414062,1508.0170068359375,30.689141090306396,46.00652244463857
2023-05-18,,,,,,,,,
2023-05-19,1372.5999755859375,1384.949951171875,1365.0,1384.949951171875,189521.0,,,,
2023-05-22,1348.0,1371.550048828125,1347.0,1371.550048828125,486737.0,,,,
2023-05-23,1349.9000244140625,1365.050048828125,1341.5,1349.550048828125,695683.0,,,,
2023-05-24,1365.550048828125,1369.949951171875,1346.800048828125,1350.0,503323.0,,,,
2023-05-25,1361.300048828125,1369.949951171875,1356.0,1369.949951171875,201762.0,,,,
2023-05-26,1404.449951171875,1407.5,1352.550048828125,1352.550048828125,782615.0,,,,
2023-05-29,,,,,,,,,
2023-05-30,1415.800048828125,1420.0,1393.0,1398.0,378678.0,,,,
2023-05-31,1415.3499755859375,1421.949951171875,1408.0,1415.800048828125,393786.0,,,,
2023-06-01,1416.199951171875,1424.8499755859375,1411.949951171875,1422.0,246275.0,,,,
2023-06-02,1399.9000244140625,1420.300048828125,1395.8499755859375,1416.25,387978.0,,,,
2023-06-05,1430.699951171875,1443.5,1408.050048828125,1408.050048828125,907532.0,,,,
2023-06-06,1449.050048828125,1451.0,1426.9000244140625,1435.0,446228.0,,,,
2023-06-07,1442.949951171875,1458.5,1440.5999755859375,1451.0,314283.0,,,,
2023-06-08,1429.5,1445.25,1424.0,1444.5,197707.0,,,,
2023-06-09,1414.3499755859375,1436.5,1407.0,1430.0,334934.0,,,,
2023-06-12,1441.25,1447.449951171875,1416.75,1430.949951171875,603346.0,,,,
2023-06-13,1446.949951171875,1465.0,1441.0,1455.949951171875,328543.0,,,,
2023-06-14,1456.8499755859375,1463.1500244140625,1445.800048828125,1457.0,349079.0,,,,
2023-06-15,1498.800048828125,1509.0,1465.5,1470.0,1315471.0,,,,
2023-06-16,1450.949951171875,1516.800048828125,1445.0,1509.949951171875,1121757.0,,,,
2023-06-19,1422.949951171875,1455.9000244140625,1414.5999755859375,1452.0,732131.0,,,,
2023-06-20,1401.5999755859375,1430.699951171875,1391.050048828125,1422.9000244140625,729427.0,,,,
2023-06-21,1388.25,1409.0999755859375,1380.9000244140625,1402.0,712574.0,,,,
2023-06-22,1381.5,1395.25,1378.0,1391.6500244140625,329851.0,,,,
2023-06-23,1381.699951171875,1390.3499755859375,1366.5999755859375,1383.9000244140625,366721.0,,,,
2023-06-26,1374.949951171875,1390.949951171875,1368.699951171875,1390.699951171875,512503.0,1422.9774841308597,,30.71496916894475,
2023-06-27,1376.25,1389.300048828125,1373.050048828125,1376.5,348710.0,1420.999981689453,,32.42684817400107,
2023-06-28,1379.9000244140625,1399.0,1376.6500244140625,1380.050048828125,474872.0,1419.2274841308597,,33.69597675083174,
2023-06-30,1373.449951171875,1394.6500244140625,1370.0,1392.949951171875,466839.0,1417.0899841308594,,35.219609204362534,
2023-07-03,,,,,,,,,
2023-07-04,,,,,,,,,
2023-07-05,,,,,,,,,
2023-07-06,,,,,,,,,
2023-07-07,1439.8499755859375,1445.0,1370.0,1370.0,2711798.0,,,,
2023-07-10,1421.699951171875,1445.949951171875,1399.6500244140625,1443.0,590591.0,,,,
2023-07-11,,,,,,,,,
2023-07-12,,,,,,,,,
2023-07-13,,,,,,,,,
2023-07-14,1416.75,1426.800048828125,1385.5,1403.0,918350.0,,,,
2023-07-17,1429.5999755859375,1449.5,1414.050048828125,1424.9000244140625,609788.0,,,,
2023-07-18,,,,,,,,,
2023-07-19,1439.199951171875,1448.0,1403.75,1410.0,700512.0,,,,
2023-07-20,1448.449951171875,1462.3499755859375,1435.25,1448.949951171875,622405.0,,,,
2023-07-21,1504.0999755859375,1517.0,1444.5,1450.0,2107123.0,,,,
2023-07-24,1494.449951171875,1528.0,1464.050048828125,1516.0,1447591.0,,,,
2023-07-25,,,,,,,,,
2023-07-26,1530.1500244140625,1533.4000244140625,1480.050048828125,1490.050048828125,1004164.0,,,,
2023-07-27,,,,,,,,,
2023-07-28,1529.0,1559.0,1522.050048828125,1549.9000244140625,400518.0,,,,
2023-07-31,,,,,,,,,
2023-08-01,,,,,,,,,
2023-08-02,,,,,,,,,
2023-08-03,1609.949951171875,1636.800048828125,1586.050048828125,1604.050048828125,804853.0,,,,
2023-08-04,1617.050048828125,1633.0,1604.699951171875,1609.0,397597.0,,,,
2023-08-07,1600.800048828125,1628.949951171875,1593.9000244140625,1628.949951171875,567226.0,,,,
2023-08-08,1602.050048828125,1612.199951171875,1579.949951171875,1603.699951171875,368974.0,,,,
2023-08-09,1640.3499755859375,1648.0,1598.0999755859375,1604.8499755859375,650858.0,,,,
2023-08-10,1631.25,1659.0,1615.0,1652.9000244140625,778078.0,,,,
2023-08-11,1638.800048828125,1653.449951171875,1632.0,1637.25,775328.0,,,,
2023-08-14,1713.550048828125,1732.0,1656.0,1668.0,2797741.0,,,,
2023-08-16,1712.050048828125,1735.0,1694.550048828125,1734.9000244140625,971750.0,,,,
2023-08-17,1716.199951171875,1722.449951171875,1700.050048828125,1716.0,496796.0,,,,
2023-08-18,1720.8499755859375,1743.949951171875,1715.0,1728.699951171875,747748.0,,,,
2023-08-21,1709.8499755859375,1744.0,1699.199951171875,1744.0,963754.0,,,,
2023-08-22,1698.75,1724.0,1693.6500244140625,1724.0,413546.0,,,,
2023-08-23,1708.1500244140625,1717.800048828125,1689.300048828125,1704.050048828125,358199.0,,,,
2023-08-24,1733.949951171875,1737.5,1706.5999755859375,1708.5999755859375,486246.0,,,,
2023-08-25,1725.75,1761.550048828125,1718.9000244140625,1732.0,680682.0,,,,
2023-08-28,1737.25,1755.0,1724.5,1735.0,575487.0,,,,
2023-08-29,1750.050048828125,1760.0,1737.6500244140625,1750.25,630682.0,,,,
2023-08-30,1777.0,1784.949951171875,1753.5,1755.9000244140625,550339.0,,,,
2023-08-31,1790.949951171875,1798.800048828125,1768.949951171875,1780.949951171875,592474.0,1691.7300048828124,,59.02135853323156,
2023-09-01,1779.0,1793.9000244140625,1771.050048828125,1791.949951171875,391745.0,1700.1825073242187,,58.79763395320558,
2023-09-04,1795.800048828125,1800.25,1773.25,1794.0,1225468.0,1709.1200073242187,,59.08076714128619,
2023-09-05,1796.9000244140625,1807.75,1780.0,1798.949951171875,670779.0,1718.9250061035157,,56.36794621269706,
2023-09-06,1826.3499755859373,1838.449951171875,1800.949951171875,1800.949951171875,906517.0,1730.1400024414063,,54.16077791242918,
2023-09-07,1847.449951171875,1870.3499755859373,1828.550048828125,1850.0,1620063.0,1740.4950012207032,,55.86132386335454,
2023-09-08,1849.199951171875,1875.449951171875,1830.0,1874.0,921500.0,1751.3924987792968,,54.67437067380202,
2023-09-11,1797.4000244140625,1868.800048828125,1790.0,1868.800048828125,1041069.0,1759.3224975585938,,48.65473654617893,
2023-09-12,1769.75,1809.75,1755.1500244140625,1800.0,758246.0,1762.1324951171875,,47.48078747073427,
2023-09-13,1779.0999755859375,1802.050048828125,1768.050048828125,1771.0,571747.0,1765.4849914550782,,46.10567822732386,
2023-09-14,1774.199951171875,1789.0,1767.949951171875,1789.0,374976.0,1768.384991455078,,44.64342531801444,
2023-09-15,1762.25,1781.0,1752.0,1769.800048828125,569989.0,1770.454992675781,,43.26177074008011,
2023-09-18,1712.050048828125,1760.0,1708.25,1760.0,706512.0,1770.5649963378903,,43.102059235854966,
2023-09-20,1712.1500244140625,1732.0,1695.050048828125,1701.0,551280.0,1771.2349975585937,,42.01747751026532,
2023-09-21,1706.300048828125,1725.0,1701.199951171875,1715.949951171875,211508.0,1771.1424987792968,,42.16544015116392,
2023-09-22,1718.949951171875,1726.0999755859375,1698.6500244140625,1709.0,352418.0,1770.3924987792968,,42.98720063357229,
2023-09-25,1715.449951171875,1730.0,1707.949951171875,1720.9000244140625,195285.0,1769.8774963378903,,43.60740837467037,
2023-09-26,1687.949951171875,1724.25,1683.0,1715.449951171875,424185.0,1767.4124938964844,,46.823610574197424,
2023-09-27,1715.0999755859375,1725.0,1685.5,1693.9000244140625,483393.0,1765.664990234375,,48.13939700119551,
2023-09-28,1707.8499755859375,1729.949951171875,1700.0,1720.800048828125,429365.0,1762.207489013672,,49.73912814703931,
2023-09-29,1716.949951171875,1729.1500244140625,1702.050048828125,1720.050048828125,397864.0,1758.5074890136718,,50.23835403580469,
2023-10-03,1714.75,1722.9000244140625,1703.5999755859375,1711.199951171875,278155.0,1755.294989013672,,50.90875419578328,
2023-10-04,1693.550048828125,1711.0,1686.0,1710.0,404912.0,1750.1824890136718,,51.75414982827901,
2023-10-05,1705.6500244140625,1708.800048828125,1693.050048828125,1700.050048828125,181980.0,1745.6199890136718,,51.44011982722169,
2023-10-06,1704.449951171875,1718.0,1695.75,1701.300048828125,210767.0,1739.524987792969,,48.50951784811149,
2023-10-09,1674.800048828125,1697.0,1661.0,1697.0,271055.0,1730.892492675781,,43.38409463578457,
2023-10-10,1687.25,1699.6500244140625,1671.449951171875,1694.699951171875,199725.0,1722.7949951171877,,34.30362630584429,
2023-10-11,1696.199951171875,1714.449951171875,1692.6500244140625,1697.9000244140625,463977.0,1717.7349914550782,,29.901020931120968,
2023-10-12,1765.9000244140625,1771.0,1701.050048828125,1706.0,1292492.0,1717.5424926757812,,29.558967089134757,
2023-10-13,1752.8499755859375,1782.4000244140625,1726.050048828125,1764.550048828125,836795.0,1716.2299926757812,,27.167859972644557,
2023-10-16,1743.75,1768.75,1739.550048828125,1768.75,556628.0,1714.7074951171876,1722.877998046875,24.46720085203101,58.54947566522512
2023-10-17,1760.6500244140625,1766.0,1734.0999755859375,1751.050048828125,592435.0,1714.6274963378903,1725.8919995117187,24.30565524913589,56.45908504039769
2023-10-18,1773.0,1780.800048828125,1756.300048828125,1764.8499755859375,373589.0,1717.6749938964845,1729.0109985351562,27.567614280673524,54.60058526118412
2023-10-19,1744.550048828125,1787.4000244140625,1735.0999755859375,1772.949951171875,1500348.0,1719.2949951171877,1731.8859985351562,28.17123299071645,51.40279211854924
2023-10-20,1695.199951171875,1760.0,1685.0,1750.050048828125,1080453.0,1718.739990234375,1733.7489965820312,28.54755119131972,48.18862999738902
2023-10-23,1617.199951171875,1699.0,1609.0,1695.550048828125,666433.0,1713.652490234375,1733.28599609375,36.474196521302936,49.20482873695494
2023-10-25,1619.199951171875,1641.5999755859375,1600.0999755859375,1632.0,501695.0,1708.839990234375,1733.0449951171877,42.13500942780867,49.74137612757045
2023-10-26,1575.550048828125,1619.9000244140625,1565.4000244140625,1619.9000244140625,876650.0,1703.2199951171874,1731.7799951171876,51.51900477945943,52.89160216698186
2023-10-27,1605.6500244140625,1613.949951171875,1582.0,1585.0,346883.0,1697.7474975585938,1729.6219946289064,55.82385354721043,55.77325591126357
2023-10-30,1589.75,1614.8499755859375,1573.0,1612.0,282051.0,1691.8424987792969,1727.1759936523438,60.72967239605142,59.13982104622518
2023-10-31,1598.25,1609.8499755859375,1587.050048828125,1591.0999755859375,162659.0,1685.9075012207031,1724.8169946289063,63.86600150603129,61.875714425342345
2023-11-01,1599.6500244140625,1615.5,1594.25,1600.0,405531.0,1680.1525024414063,1722.3929956054687,66.27078389743075,64.35850519821336
2023-11-02,1612.199951171875,1620.0,1597.6500244140625,1605.0,158694.0,1676.0849975585938,1720.4399951171874,67.88212780239732,66.20211962835228
2023-11-03,1611.1500244140625,1623.3499755859375,1606.3499755859375,1615.0,144615.0,1671.3599975585937,1718.6879956054688,68.99566334539678,67.92457975573991
2023-11-06,1653.1500244140625,1657.75,1612.050048828125,1619.699951171875,252346.0,1668.7950012207032,1717.587995605469,68.65347908402892,68.54126643866012
2023-11-07,1666.300048828125,1669.0,1647.8499755859375,1650.0,241656.0,1668.3700012207032,1716.2349975585937,68.64065670583462,68.87856287383698
2023-11-08,1671.300048828125,1674.0,1650.1500244140625,1666.0,238441.0,1667.5725036621093,1715.1459985351562,68.50227275719158,69.15494037821189
2023-11-09,1664.949951171875,1677.0,1656.0,1677.0,173903.0,1666.0100036621093,1713.699997558594,68.17052341497148,69.4386226566114
2023-11-10,1666.199951171875,1683.0,1654.050048828125,1665.9000244140625,213861.0,1661.025,1712.0229956054689,63.99925969751036,69.55524964530576
2023-11-13,1637.75,1661.8499755859375,1618.050048828125,1660.0,362981.0,1655.270001220703,1709.2379956054688,60.38024200166182,69.6881333314598
2023-11-15,1650.0999755859375,1660.0999755859375,1639.050048828125,1660.0,190596.0,1650.5875,1706.42099609375,56.675067147290335,69.16248951664116
2023-11-16,1660.800048828125,1667.4000244140625,1640.0,1648.0,378668.0,1645.5950012207031,1704.0569970703125,50.534635063380776,68.64923893376671
2023-11-17,1655.0999755859375,1671.0,1646.5,1660.800048828125,213214.0,1639.7,1701.2429956054686,40.83634057183653,67.68885214002314
2023-11-20,1669.75,1679.0,1651.0,1655.0,161807.0,1635.9599975585938,1698.6999951171874,33.4933181947389,66.3979120545847
2023-11-21,1686.550048828125,1694.6500244140625,1663.0999755859375,1670.0,390724.0,1635.5275024414063,1695.9039965820311,32.73537041907646,63.80577621250526
2023-11-22,1655.050048828125,1695.0,1648.0999755859375,1684.0,171512.0,1637.420007324219,1692.0559985351565,32.71414006227098,60.17833888416774
2023-11-23,1653.3499755859375,1665.0,1638.0,1655.949951171875,293091.0,1639.127508544922,1688.1389990234377,32.60413799578417,55.96773508843684
2023-11-24,1652.0,1665.8499755859375,1645.550048828125,1650.550048828125,310173.0,1642.9500061035155,1685.2309985351562,29.045286215101186,53.914560793937454
2023-11-28,1666.300048828125,1670.050048828125,1649.050048828125,1659.75,388653.0,1645.982507324219,1683.1619995117187,28.096599310201352,52.57319383969524
2023-11-29,1698.3499755859375,1709.949951171875,1662.949951171875,1674.0,603759.0,1651.4125061035156,1681.5469995117187,27.13467201364419,50.77546871312031
2023-11-30,1717.5999755859375,1726.0,1705.550048828125,1710.0,845778.0,1657.3800048828125,1680.415,27.93962128000789,49.27648762839114
2023-12-01,1740.5,1756.449951171875,1728.800048828125,1728.800048828125,780090.0,1664.4225036621094,1679.98,30.27598794108564,48.63110161424965
2023-12-04,1749.9000244140625,1775.0,1730.5999755859375,1766.300048828125,699497.0,1671.3075073242187,1680.7369995117188,33.28285438727533,49.42854821133764
2023-12-05,1720.75,1754.449951171875,1698.699951171875,1754.449951171875,716127.0,1676.7875061035156,1680.9089990234374,31.84853060033921,49.5548902874593
2023-12-06,1732.199951171875,1744.949951171875,1721.3499755859375,1721.3499755859375,332550.0,1680.7400024414062,1681.4269970703126,33.61673542216123,49.95943470415654
2023-12-07,1743.050048828125,1745.0,1722.050048828125,1735.0,295168.0,1684.5775024414063,1681.9089990234374,36.16563839059744,50.44275858939324
2023-12-08,1744.8499755859375,1759.0,1734.1500244140625,1750.0,344819.0,1688.2549987792968,1682.4969995117187,38.41402927795987,51.00988432470889
2023-12-11,1769.8499755859375,1794.0,1745.3499755859375,1747.4000244140625,897449.0,1693.5,1684.135,42.05355576804156,52.48227341342309
2023-12-12,1751.300048828125,1781.449951171875,1743.300048828125,1770.0,319034.0,1697.7550048828125,1684.8590014648437,43.42869603665568,53.16343059415081
2023-12-13,1752.5999755859375,1762.9000244140625,1735.9000244140625,1753.0,304344.0,1703.4975036621097,1685.7540014648437,42.66320089730749,53.92954033344433
2023-12-14,1769.8499755859375,1777.0,1751.4000244140625,1763.0,647780.0,1709.4850036621094,1686.812001953125,43.17478364071799,55.061069628269
2023-12-15,1776.0,1805.0,1756.0,1795.0,804690.0,1715.2450012207032,1688.037001953125,44.01413970124647,56.36131327183812
2023-12-18,1811.050048828125,1830.4000244140625,1777.0,1785.0,1234160.0,1723.0425048828124,1690.387001953125,46.53963062211648,58.984428084827066
2023-12-19,1811.550048828125,1823.949951171875,1795.550048828125,1812.0,382622.0,1730.1325073242188,1692.5050024414063,48.74257768953238,61.3957059653472
2023-12-20,1748.8499755859375,1826.699951171875,1735.5999755859375,1824.0,794632.0,1733.2475036621097,1693.3930029296876,47.79219689802117,61.89109094723557
2023-12-21,1739.1500244140625,1774.449951171875,1714.0,1740.0,781166.0,1737.4525024414063,1694.6800024414065,44.10761070291721,62.16502699432471
2023-12-22,1700.800048828125,1764.0,1694.550048828125,1764.0,841954.0,1739.8250061035155,1694.9510034179686,40.47204166643696,62.16151057216936
2023-12-26,1657.25,1721.0,1655.0,1710.0999755859375,840149.0,1740.0875061035156,1694.1720043945313,39.88520289350127,62.38918015960356
2023-12-27,1674.300048828125,1677.949951171875,1646.699951171875,1667.0,555912.0,1740.4875061035157,1692.3400048828123,39.13939963424475,61.579590923993045
2023-12-28,1654.25,1678.199951171875,1650.050048828125,1676.0,463496.0,1738.2825073242188,1690.3680053710937,42.71697250468437,61.17976317973902
2023-12-29,1659.050048828125,1670.0,1648.0,1657.9000244140625,1044084.0,1735.355010986328,1688.6740063476564,46.08268639568393,60.84320818511664
2024-01-01,1660.4000244140625,1674.5,1656.300048828125,1671.0,327117.0,1731.350012207031,1686.6690063476562,49.000346142209374,60.0698186905565
2024-01-02,1667.800048828125,1675.0,1647.949951171875,1671.050048828125,369868.0,1727.2450134277344,1684.5650073242186,50.77147930839299,58.81351178515776
2024-01-03,1713.800048828125,1720.5999755859375,1667.0,1672.0,991740.0,1726.8975158691403,1683.9500073242189,50.84200806351641,58.33226440395474
2024-01-04,1665.050048828125,1720.0,1656.4000244140625,1720.0,1275014.0,1723.540020751953,1683.3470092773437,52.65819463627954,58.36941946694544
2024-01-05,1649.300048828125,1678.800048828125,1638.0,1678.300048828125,782358.0,1718.852520751953,1683.9890112304688,54.95275621429706,57.80078758218714
2024-01-08,1582.9000244140625,1655.0,1580.0,1655.0,1208077.0,1710.7550231933594,1683.2630126953125,62.35388274064226,58.84962304069687
2024-01-09,1562.5,1601.0,1556.25,1600.0,571241.0,1700.3875244140625,1683.00201171875,68.9048791522927,59.36377735730904
2024-01-10,1549.199951171875,1564.3499755859375,1528.5999755859375,1560.0,1484209.0,1690.28251953125,1681.8730102539062,75.54473743762169,61.36787271813368
2024-01-11,1526.449951171875,1569.0,1520.300048828125,1565.9000244140625,674293.0,1678.9750183105468,1680.6070092773436,82.34509961607395,63.90750884438241
2024-01-12,1526.449951171875,1565.5,1524.0,1537.0,837352.0,1666.8050170898437,1679.1710083007813,86.1079655330126,66.5479620342115
2024-01-15,1513.300048828125,1545.0,1505.0,1545.0,917529.0,1653.67001953125,1677.4440087890623,88.57548686897742,69.69955834586594
2024-01-16,1505.4000244140625,1525.0,1500.0,1520.0,668990.0,1638.387518310547,1675.3080102539063,86.33202173701272,73.28412895319407
2024-01-17,1509.4000244140625,1519.3499755859375,1490.0,1499.9000244140625,692102.0,1623.2800170898438,1673.2730102539062,80.68748070588012,76.44656205259459
2024-01-18,,,,,,,,,
2024-01-19,1502.5,1543.949951171875,1490.25,1494.949951171875,866089.0,,,,
2024-01-23,1472.8499755859375,1533.0,1468.6500244140625,1530.0,557895.0,,,,
2024-01-24,1451.300048828125,1483.8499755859375,1436.25,1481.0,1261416.0,,,,
2024-01-25,1458.75,1478.199951171875,1442.199951171875,1456.0,874296.0,,,,
2024-01-29,1490.3499755859375,1500.6500244140625,1465.0,1477.0,951120.0,,,,
2024-01-30,1461.550048828125,1496.300048828125,1459.449951171875,1494.300048828125,477765.0,,,,
2024-01-31,1455.0,1478.0,1416.5999755859375,1474.0,1673151.0,,,,
2024-02-01,1434.5,1489.800048828125,1425.0,1454.050048828125,705709.0,,,,
2024-02-02,1434.5,1463.3499755859375,1431.699951171875,1437.3499755859375,368306.0,,,,
2024-02-05,1409.5,1442.199951171875,1405.0999755859375,1434.5,576350.0,,,,
2024-02-06,1406.5,1423.6500244140625,1404.449951171875,1418.0,357953.0,,,,
2024-02-07,1407.050048828125,1423.0,1393.449951171875,1421.0,743523.0,,,,
2024-02-08,1429.75,1434.199951171875,1410.5999755859375,1420.0,1371606.0,,,,
2024-02-09,1405.4000244140625,1440.949951171875,1384.0,1440.949951171875,751744.0,,,,
2024-02-12,1368.699951171875,1410.9000244140625,1366.25,1406.949951171875,644780.0,,,,
2024-02-13,1363.5,1377.1500244140625,1348.0,1372.949951171875,739219.0,,,,
2024-02-14,1368.75,1378.0,1347.300048828125,1360.0,415932.0,,,,
2024-02-15,1361.8499755859375,1379.0,1358.0,1379.0,378127.0,,,,
2024-02-16,1382.449951171875,1389.199951171875,1366.8499755859375,1366.8499755859375,360759.0,,,,
2024-02-19,1382.300048828125,1392.75,1376.050048828125,1390.0,258003.0,1422.3525024414062,,43.36055332044208,
2024-02-20,1375.0,1387.699951171875,1371.050048828125,1385.0,263603.0,1415.9775024414062,,40.21549827158249,
2024-02-21,1382.199951171875,1413.5,1375.0,1387.0,717807.0,1411.445001220703,,38.54185226565104,
2024-02-22,1382.800048828125,1390.0999755859375,1370.0,1390.050048828125,347179.0,1408.020001220703,,37.8511691560103,
2024-02-23,1389.199951171875,1402.050048828125,1382.800048828125,1391.800048828125,323102.0,1404.542498779297,,36.09950441863818,
2024-02-26,1406.449951171875,1414.4000244140625,1384.0,1393.0,448431.0,1400.3474975585937,,29.955286643532656,
2024-02-27,1399.75,1414.449951171875,1388.050048828125,1407.949951171875,788664.0,1397.2574951171875,,26.270563053392152,
2024-02-28,1364.9000244140625,1415.0,1360.0,1409.9000244140625,539132.0,1392.7524963378903,,23.41795975183789,
2024-02-29,1371.050048828125,1380.0,1351.0999755859375,1373.3499755859375,547779.0,1389.5799987792968,,21.699458264576474,
2024-03-01,1391.5,1397.6500244140625,1371.050048828125,1378.949951171875,554777.0,1387.429998779297,,18.973517812668454,
2024-03-04,1382.300048828125,1408.949951171875,1379.050048828125,1408.0,393235.0,1386.070001220703,,18.27009744305726,
2024-03-05,1390.050048828125,1393.550048828125,1377.4000244140625,1393.550048828125,265368.0,1385.2475036621097,,17.6621191956636,
2024-03-06,1378.0999755859375,1391.699951171875,1353.550048828125,1378.050048828125,342018.0,1383.8,,16.953325213348837,
2024-03-07,1415.5,1422.9000244140625,1377.699951171875,1389.949951171875,900690.0,1383.0875,,15.120957667739448,
2024-03-11,1379.8499755859375,1427.300048828125,1374.0,1427.0,698330.0,1381.8099975585938,,14.18712615802253,
2024-03-12,1352.0,1383.0,1342.9000244140625,1383.0,585064.0,1380.975,,15.435834322792989,
2024-03-13,1305.0,1358.0999755859375,1290.0,1355.550048828125,1207916.0,1378.05,,22.737341352212344,
2024-03-14,1320.300048828125,1324.449951171875,1284.0999755859375,1299.050048828125,468081.0,1375.6275024414062,,26.111042346002023,
2024-03-15,1310.0999755859375,1338.949951171875,1303.5999755859375,1320.300048828125,309624.0,1373.0400024414062,,29.845283079699428,
2024-03-18,1314.300048828125,1317.0999755859375,1301.0999755859375,1301.0999755859375,457492.0,1369.6325073242188,,32.48780506099872,
2024-03-19,1277.050048828125,1318.0,1274.199951171875,1318.0,463519.0,1364.3700073242187,,38.32743895791082,
2024-03-20,1272.6500244140625,1285.050048828125,1247.9000244140625,1284.949951171875,743226.0,1359.252508544922,,43.33871589310681,
2024-03-21,1320.3499755859375,1322.449951171875,1282.6500244140625,1289.5999755859375,507762.0,1356.160009765625,,43.81912138704167,
2024-03-22,1329.699951171875,1337.800048828125,1312.0999755859375,1315.050048828125,595348.0,1353.5050048828125,,43.72862159446811,
2024-03-26,1322.9000244140625,1333.0,1308.0,1320.050048828125,498477.0,1350.190008544922,,43.391974888039215,
2024-03-27,1326.8499755859375,1332.050048828125,1311.449951171875,1324.9000244140625,493055.0,1346.210009765625,,41.57249495410616,
2024-03-28,1326.25,1333.949951171875,1320.0,1329.0,543828.0,1342.535009765625,,39.80143698346184,
2024-04-01,1385.300048828125,1388.949951171875,1325.0,1326.25,546549.0,1343.5550109863282,,40.65696028260744,
2024-04-02,1389.699951171875,1397.1500244140625,1375.5,1387.0,399735.0,1344.4875061035157,,41.52536791239984,
2024-04-03,1380.9000244140625,1404.800048828125,1376.8499755859375,1389.699951171875,499024.0,1343.9575073242188,,40.95751737321757,
2024-04-04,1387.550048828125,1396.4000244140625,1378.300048828125,1394.0,420812.0,1344.2200073242188,1383.5320043945312,41.23209494592262,51.61414302234942
2024-04-05,1375.949951171875,1387.6500244140625,1362.050048828125,1387.5999755859375,454849.0,1343.5150024414063,1381.0010034179688,40.52165334964805,48.68071182636662
2024-04-08,1385.3499755859375,1399.0,1378.550048828125,1389.0,545883.0,1343.8775024414062,1379.2510034179688,40.8781886888785,46.84980960969551
2024-04-09,1384.9000244140625,1391.9000244140625,1370.300048828125,1391.0,538637.0,1342.3475036621094,1377.9230029296875,38.56351365731519,45.69262781416511
2024-04-10,1410.6500244140625,1418.6500244140625,1386.3499755859375,1395.0,550090.0,1343.8875061035155,1376.9610034179686,40.69599354174389,44.4455130579955
2024-04-12,1413.949951171875,1429.0,1396.050048828125,1425.050048828125,1431542.0,1346.9850036621094,1375.4330029296875,43.5999503535872,41.69597491719131
2024-04-15,1395.949951171875,1404.949951171875,1365.0,1400.0,984575.0,1351.5325012207031,1374.1210009765623,43.73327567081391,39.92541362547707
2024-04-16,1385.050048828125,1416.300048828125,1370.0,1370.0,632602.0,1354.770001220703,1372.722001953125,43.696152069086494,38.2227802830196
2024-04-18,1426.949951171875,1439.9000244140625,1385.25,1400.0,1229229.0,1360.6125,1372.5710009765626,45.19522480148086,37.98793446063274
2024-04-19,1428.5999755859375,1434.550048828125,1400.0,1420.949951171875,919512.0,1366.3274963378906,1372.4530004882813,46.24522085830269,37.800341196671006
2024-04-22,1433.3499755859375,1450.449951171875,1420.050048828125,1430.0,486920.0,1374.142492675781,1372.93,43.48856796416485,38.42273160915977
2024-04-23,1420.300048828125,1437.949951171875,1412.5,1433.0,778335.0,1381.5249938964844,1373.2060009765626,37.46832186101327,38.7172314931443
2024-04-24,1408.300048828125,1425.449951171875,1400.0,1424.0,533512.0,1385.9224975585937,1373.2310009765624,34.98976365397582,38.73992774424093
2024-04-25,1409.4000244140625,1417.199951171875,1400.0,1413.050048828125,507165.0,1389.9075012207031,1372.8240014648438,32.714073996855326,38.23766618686973
2024-04-26,1402.8499755859375,1427.949951171875,1395.0999755859375,1415.0,732915.0,1393.9049987792969,1372.7730004882812,28.73830020249513,38.19500673938392
2024-04-29,1376.699951171875,1409.800048828125,1374.0,1409.800048828125,592498.0,1396.3974975585938,1372.933000488281,24.459735545824483,38.19435252147356
2024-04-30,1361.1500244140625,1386.5,1356.25,1376.949951171875,527473.0,1398.1424987792968,1372.8860009765624,20.03694871270809,38.207640608205445
2024-05-02,1340.8499755859375,1361.1500244140625,1337.0,1361.1500244140625,407186.0,1395.9199951171877,1372.3280004882813,23.671903402390026,38.47209389720915
2024-05-03,1321.199951171875,1349.949951171875,1313.0,1348.949951171875,424770.0,1392.4949951171875,1371.515,28.97967048199689,39.12205869867281
2024-05-06,1320.550048828125,1329.0,1297.0999755859375,1329.0,726638.0,1389.477496337891,1370.277001953125,33.09963483414872,39.74342700036008
2024-05-07,1307.1500244140625,1324.4000244140625,1293.1500244140625,1324.4000244140625,413386.0,1385.4574951171876,1368.7740014648436,37.88279715128479,40.68920796862447
2024-05-08,1324.3499755859375,1328.5,1297.0999755859375,1307.1500244140625,554009.0,1382.8774963378903,1367.7610009765624,40.247672543017245,41.15882456242207
2024-05-09,1299.8499755859375,1327.4000244140625,1293.6500244140625,1325.0,647121.0,1378.602496337891,1366.1140014648438,44.30728305704962,42.20363337824365
2024-05-10,1288.0999755859375,1304.8499755859375,1278.050048828125,1300.0,547295.0,1373.7624938964843,1364.22,48.65674953773728,43.54322010200202
2024-05-13,1315.5999755859375,1319.8499755859375,1268.300048828125,1299.949951171875,502671.0,1369.009991455078,1362.7480004882811,49.49884064320768,43.92390416810342
2024-05-14,1297.449951171875,1336.0,1282.050048828125,1319.0,1919509.0,1363.184991455078,1360.5680004882813,50.77048259797681,44.41283902942893
2024-05-15,1285.199951171875,1298.6500244140625,1272.5,1296.949951171875,1020100.0,1357.647491455078,1358.2769995117187,52.99952430726304,45.296121553196926
2024-05-16,1322.5,1328.449951171875,1287.5,1297.199951171875,893505.0,1354.519989013672,1357.4289990234374,53.1427385412991,45.56568856688328
2024-05-17,1324.949951171875,1334.0,1316.050048828125,1322.5,454789.0,1349.419989013672,1356.5069970703123,50.66242781673669,45.75048074368127
2024-05-21,1349.300048828125,1357.8499755859375,1316.050048828125,1325.6500244140625,889582.0,1345.454992675781,1355.662998046875,47.11859083671033,45.48021122870416
2024-05-22,1345.199951171875,1355.0,1328.800048828125,1355.0,357951.0,1341.0474914550782,1354.92099609375,42.345127185949806,45.33918555384948
2024-05-23,1348.9000244140625,1353.449951171875,1327.6500244140625,1345.449951171875,324448.0,1337.477490234375,1354.097995605469,38.10987051372051,45.06113327093804
2024-05-24,1339.050048828125,1350.0,1333.050048828125,1350.0,319498.0,1334.014990234375,1353.3169970703125,34.291123901892426,44.974965502371504
2024-05-27,1339.550048828125,1350.0,1327.0,1350.0,589964.0,1330.522491455078,1351.797998046875,29.420298159013196,44.10610205456214
2024-05-28,1333.449951171875,1353.800048828125,1318.300048828125,1350.1500244140625,620821.0,1327.052490234375,1350.8699975585937,24.041643500392613,43.99182248195023
2024-05-29,1335.0999755859375,1342.9000244140625,1325.0,1335.0,266495.0,1324.9724914550782,1350.5319970703124,21.145331158568258,44.04785113475428
2024-05-30,1312.75,1335.0999755859375,1302.300048828125,1325.0,550735.0,1322.552490234375,1350.6869970703126,19.4919995119613,43.897738676660495
2024-05-31,1309.050048828125,1329.550048828125,1305.4000244140625,1315.050048828125,252546.0,1320.9624938964844,1350.4619970703125,19.215918621864247,44.08509840573963
2024-06-03,1328.4000244140625,1343.25,1318.0999755859375,1343.25,272069.0,1321.3224975585938,1350.827998046875,19.28791203491767,43.81832605018631
2024-06-04,1270.449951171875,1328.050048828125,1204.199951171875,1328.050048828125,683741.0,1318.8174926757813,1349.95099609375,22.396388069034423,44.987554269453504
2024-06-05,1320.800048828125,1330.4000244140625,1280.0,1286.5,376325.0,1319.4999938964845,1350.82599609375,22.22948531161964,43.95430611638289
2024-06-06,1337.5,1340.0,1320.6500244140625,1330.550048828125,283780.0,1320.1574951171874,1352.1229956054688,22.57231894367504,42.53427417968049
2024-06-07,1338.3499755859375,1355.0,1329.300048828125,1337.0,314798.0,1322.0824951171876,1352.482995605469,22.390247599179457,42.335576489668576
2024-06-10,1346.300048828125,1367.75,1332.199951171875,1338.4000244140625,501819.0,1324.992498779297,1352.814997558594,21.50575982979461,42.218189631248
2024-06-11,1381.449951171875,1384.949951171875,1348.050048828125,1354.9000244140625,999571.0,1328.2849975585937,1353.98599609375,24.78313293751097,42.183489932889344
2024-06-12,1397.75,1405.949951171875,1385.050048828125,1390.0,1111153.0,1333.3,1355.4039965820311,28.136370332754243,42.44354773748356
2024-06-13,1391.6500244140625,1406.8499755859375,1367.550048828125,1402.0,548452.0,1338.6225036621097,1356.7119970703125,28.622756057050093,42.534393822777695
2024-06-14,1390.300048828125,1400.25,1382.199951171875,1400.0,373526.0,1342.0125061035155,1356.8119970703126,30.56207861896381,42.608789634865886
2024-06-18,1403.25,1404.949951171875,1387.3499755859375,1401.0,324413.0,1345.927508544922,1357.082998046875,33.16555548054203,42.864555851247424
2024-06-19,1390.449951171875,1409.0,1383.0,1409.0,436254.0,1347.9850036621094,1357.2739965820313,34.62987414501266,42.99392839473296
2024-06-20,1383.75,1396.25,1379.550048828125,1395.0,260067.0,1349.9125061035156,1357.1979956054688,35.527904981512634,42.942644869667824
2024-06-21,1436.8499755859375,1455.0,1382.949951171875,1384.050048828125,1907822.0,1354.3100036621097,1358.41599609375,40.49220028884796,44.32673042756202
2024-06-24,1421.0999755859375,1444.800048828125,1416.3499755859375,1435.949951171875,443450.0,1358.4125,1359.13099609375,42.94682881768421,45.052435045559
2024-06-25,1428.0999755859375,1469.949951171875,1417.0,1429.949951171875,1003040.0,1362.8399963378906,1359.9949951171875,45.39456825685709,45.9617689108217
2024-06-26,1451.699951171875,1464.550048828125,1432.3499755859375,1438.5999755859375,851469.0,1368.7524963378903,1360.8159936523436,48.92842969208898,47.23408724841767
2024-06-27,1469.25,1473.0,1447.050048828125,1464.6500244140625,790648.0,1375.4599975585938,1361.9219946289063,53.09042834109643,49.11366352432997
2024-06-28,1427.3499755859375,1476.8499755859375,1419.050048828125,1476.8499755859375,944042.0,1381.1899963378903,1362.5499951171876,52.14183407482523,49.754221424681056
2024-07-01,1497.800048828125,1513.0,1433.1500244140625,1433.1500244140625,2838402.0,1390.6274963378903,1364.8049951171874,55.37862524339026,53.22856343283621
2024-07-02,1470.25,1505.0999755859375,1461.0,1505.0,888694.0,1397.7199951171874,1365.67099609375,56.068785101222765,54.59496012812324
2024-07-03,1461.0,1476.4000244140625,1455.199951171875,1472.0,378665.0,1407.2474975585938,1366.318996582031,49.05512123515653,55.54120389815519
2024-07-04,1469.949951171875,1482.0,1455.300048828125,1461.0,399996.0,1414.704992675781,1367.05099609375,46.491564088883024,56.672325721424855
2024-07-05,1467.8499755859375,1480.9000244140625,1460.449951171875,1471.0,285865.0,1421.2224914550782,1368.0019946289062,44.17791041547353,57.968257564818046
2024-07-08,1458.1500244140625,1477.9000244140625,1447.5,1470.0,213783.0,1427.2124938964844,1368.998994140625,40.30166107577723,59.093260617596016
2024-07-09,1457.8499755859375,1472.0,1452.699951171875,1458.1500244140625,262403.0,1432.789990234375,1369.9679931640626,36.004324325965825,60.156931636465714
2024-07-10,1449.8499755859375,1465.75,1421.0999755859375,1465.0,357524.0,1436.209991455078,1370.9079931640624,34.06744962530543,61.04192121235332
2024-07-11,1460.199951171875,1475.949951171875,1438.0999755859375,1440.0,285219.0,1439.332489013672,1372.5779931640625,33.20794036300275,62.332183371125176
2024-07-12,1476.949951171875,1508.0,1460.199951171875,1460.199951171875,1339704.0,1443.5974853515625,1374.8939916992188,32.22472972700245,64.02717340774046
2024-07-15,1459.949951171875,1496.0,1454.0,1472.9000244140625,492893.0,1447.07998046875,1377.2759912109375,29.836803366240925,64.94366364272962
2024-07-16,1438.300048828125,1466.300048828125,1430.5,1460.0,530010.0,1448.8324829101562,1379.6179931640625,28.106055334430383,64.99159405675151
2024-07-18,1412.199951171875,1438.0,1401.3499755859375,1438.0,480448.0,1449.9199829101562,1381.4509912109374,26.07562466039277,64.58280959300625
2024-07-19,1402.5,1428.699951171875,1390.449951171875,1412.25,377202.0,1450.8574829101562,1383.3579907226565,23.810033094246503,63.74640769367537
2024-07-22,1429.6500244140625,1440.0,1345.0,1345.0,1221712.0,1450.4974853515623,1385.4639916992187,24.085800482326963,63.49608130698392
2024-07-23,1431.199951171875,1444.0,1371.550048828125,1417.0999755859375,722018.0,1451.002484130859,1388.0909912109375,23.536612780348428,62.592433955942695
2024-07-24,1489.300048828125,1495.0,1418.949951171875,1419.050048828125,1082352.0,1454.0624877929688,1392.1149926757812,24.366042805638354,62.50032936835834
2024-07-25,1497.0,1510.0,1464.0,1485.800048828125,748747.0,1456.327490234375,1395.7429931640625,26.173329587446844,63.228846576527495
2024-07-26,1493.8499755859375,1507.5999755859375,1478.699951171875,1492.050048828125,495918.0,1457.5574890136718,1399.6709936523437,27.363544861677237,63.09831386772648
2024-07-29,1523.699951171875,1537.25,1493.550048828125,1493.8499755859375,796780.0,1462.3749877929688,1404.4409936523436,30.109164283911237,63.28271214604054
2024-07-30,1518.75,1530.0,1512.699951171875,1523.699951171875,260145.0,1463.4224853515625,1408.3659936523438,31.727404502573712,64.17646628439114
2024-07-31,1500.25,1536.75,1497.199951171875,1516.0,341577.0,1464.9224853515625,1411.8719946289064,32.759559964137935,64.31462123886557
2024-08-01,1490.300048828125,1512.0,1480.5,1500.0,229898.0,1466.3874877929688,1414.6919946289063,33.226730524369486,64.60559242142135
2024-08-02,1470.8499755859375,1494.8499755859375,1466.0999755859375,1480.0,206704.0,1466.4324890136718,1417.2049951171875,33.23241834748376,64.2903271650786
2024-08-05,1417.800048828125,1459.949951171875,1401.4000244140625,1459.949951171875,416720.0,1463.9299926757812,1418.5829956054688,34.95962646360152,63.5303082067726
2024-08-06,1406.0999755859375,1447.75,1401.0999755859375,1417.800048828125,185277.0,1461.327490234375,1419.923994140625,37.27336895465786,62.51682635436738
2024-08-07,1463.5999755859375,1468.5,1414.949951171875,1414.949951171875,375609.0,1461.614990234375,1422.4049926757812,37.26730935729482,61.71844858268554
2024-08-08,1455.199951171875,1474.8499755859375,1442.550048828125,1455.4000244140625,270354.0,1461.8824890136718,1424.839992675781,37.19755271553204,60.527481786784215
2024-08-09,1501.199951171875,1505.0,1467.0,1467.0,412492.0,1463.9324890136718,1428.1619921875,38.21578795364663,60.05796775929887
2024-08-12,1475.0999755859375,1510.0,1470.550048828125,1490.0,270372.0,1463.839990234375,1431.4089916992189,38.18484808640975,58.04591974108608
2024-08-13,1453.300048828125,1488.949951171875,1450.0,1479.9000244140625,476761.0,1463.5074951171875,1434.2939916992189,38.249400920758816,55.36307937984489
2024-08-14,1432.9000244140625,1472.0,1423.0,1465.0,301988.0,1463.2374938964845,1436.3839916992188,38.45521020505545,53.214710103760034
2024-08-16,1500.050048828125,1503.199951171875,1457.0,1460.0,1047796.0,1467.6299987792968,1440.9759936523435,37.319186610913206,48.28136077746643
2024-08-19,1520.800048828125,1562.4000244140625,1512.9000244140625,1530.0,1311965.0,1473.5450012207032,1444.9759936523435,35.79701876757035,46.36875755840183
2024-08-20,1505.0,1530.3499755859375,1487.449951171875,1530.0,696087.0,1477.3125,1448.3259936523436,34.88769313893989,44.4567410293187
2024-08-21,1516.3499755859375,1526.800048828125,1497.0,1500.0,259833.0,1481.570001220703,1451.8859936523438,34.152061297418875,42.55669613077936
2024-08-22,1515.1500244140625,1534.800048828125,1510.0999755859375,1525.0,286835.0,1482.8625,1455.2629931640624,34.940065816642075,40.664452322435146
2024-08-23,1485.800048828125,1520.0,1480.0,1519.0,340053.0,1482.3025024414062,1457.3499951171875,34.79098804039354,39.45874988823416
2024-08-26,1511.9000244140625,1516.9000244140625,1489.0,1498.0,278133.0,1483.2050048828123,1459.6329956054688,35.33614750206979,39.24168855486533
2024-08-27,,,,,,,,,
2024-08-28,1519.0999755859375,1552.0,1513.550048828125,1522.0,644917.0,,,,
2024-08-29,1509.300048828125,1524.5999755859375,1496.0999755859375,1519.0999755859375,240045.0,,,,
2024-08-30,1514.550048828125,1530.0,1510.0,1516.199951171875,172436.0,,,,
2024-09-02,1513.5,1524.9000244140625,1502.0,1524.9000244140625,189684.0,,,,
2024-09-03,1515.5999755859375,1524.0999755859375,1507.050048828125,1515.0,174045.0,,,,
2024-09-04,1527.0999755859375,1539.949951171875,1502.050048828125,1503.0,319450.0,,,,
2024-09-05,1580.1500244140625,1590.949951171875,1528.300048828125,1528.300048828125,1530650.0,,,,
2024-09-06,1567.0999755859375,1586.4000244140625,1549.4000244140625,1583.0,653874.0,,,,
2024-09-09,1566.449951171875,1571.0,1541.8499755859375,1566.9000244140625,220074.0,,,,
2024-09-10,1601.0999755859375,1610.75,1570.0999755859375,1576.949951171875,640762.0,,,,
2024-09-11,1584.75,1603.9000244140625,1578.300048828125,1600.949951171875,146187.0,,,,
2024-09-12,1595.1500244140625,1607.75,1585.0,1598.9000244140625,201472.0,,,,
2024-09-13,1655.1500244140625,1661.0,1595.1500244140625,1596.25,1503468.0,,,,
2024-09-16,1689.9000244140625,1704.1500244140625,1657.0,1665.949951171875,894486.0,,,,
2024-09-17,1669.9000244140625,1707.75,1662.3499755859375,1689.0,540956.0,,,,
2024-09-18,1676.5999755859375,1718.75,1660.699951171875,1669.9000244140625,636369.0,,,,
2024-09-19,1673.3499755859375,1692.1500244140625,1636.5,1688.8499755859375,301554.0,,,,
2024-09-20,1654.199951171875,1685.050048828125,1648.449951171875,1676.050048828125,341329.0,,,,
2024-09-23,1698.4000244140625,1702.0,1652.0999755859375,1660.0,793404.0,,,,
2024-09-24,1704.75,1712.949951171875,1687.6500244140625,1698.4000244140625,296758.0,1600.804998779297,,70.96681221255308,
2024-09-25,1715.8499755859375,1733.699951171875,1689.1500244140625,1700.3499755859375,403120.0,1610.6424987792968,,72.66128630593808,
2024-09-26,1740.0,1748.0,1692.199951171875,1715.8499755859375,496082.0,1622.1774963378907,,74.02543503541254,
2024-09-27,1684.699951171875,1738.050048828125,1675.3499755859375,1738.050048828125,326961.0,1630.684991455078,,70.70821289641131,
2024-09-30,1663.6500244140625,1707.050048828125,1651.1500244140625,1684.0,466726.0,1638.1924926757813,,65.38167123379748,
2024-10-01,1647.3499755859375,1675.050048828125,1640.5999755859375,1675.0,316368.0,1644.7799926757812,,58.67283369175628,
2024-10-03,1629.699951171875,1639.0,1612.050048828125,1612.050048828125,474034.0,1649.9099914550782,,51.941267608597634,
2024-10-04,1599.5,1634.0,1587.050048828125,1624.0,379245.0,1650.877490234375,,50.7397920737964,
2024-10-07,1548.8499755859375,1620.0,1545.0,1620.0,353021.0,1649.964990234375,,52.46065801793394,
2024-10-08,1603.8499755859375,1609.949951171875,1548.1500244140625,1548.8499755859375,441130.0,1651.834991455078,,49.93268462794568,
2024-10-09,1596.949951171875,1619.0,1592.0,1619.0,152992.0,1651.627490234375,,50.16270976345445,
2024-10-10,1608.25,1626.949951171875,1588.449951171875,1592.0,308542.0,1652.802490234375,,48.76962332415708,
2024-10-11,1620.5,1637.75,1600.3499755859375,1615.949951171875,296771.0,1654.0699890136718,,47.50543460406031,
2024-10-14,1590.0,1628.0,1583.0999755859375,1623.949951171875,301461.0,1650.8124877929688,,49.61437119539834,
2024-10-15,1620.75,1644.800048828125,1580.0,1601.0,1696734.0,1647.3549865722655,,49.154408761175866,
2024-10-16,1626.8499755859375,1635.0,1572.699951171875,1597.050048828125,1751845.0,1645.2024841308594,,49.05768544415243,
2024-10-17,1609.75,1627.550048828125,1594.550048828125,1624.699951171875,486279.0,1641.8599853515625,,49.08322884394577,
2024-10-18,1610.0999755859375,1658.199951171875,1595.050048828125,1612.949951171875,756705.0,1638.6974853515626,,48.9850430080703,
2024-10-21,1580.699951171875,1623.9000244140625,1573.0,1623.9000244140625,404215.0,1635.0224853515624,,50.49462157704029,
2024-10-22,1533.050048828125,1595.0,1526.1500244140625,1595.0,558004.0,1626.7549865722656,,53.04370788994176,
2024-10-23,1530.550048828125,1554.3499755859375,1513.8499755859375,1533.0,545609.0,1618.044989013672,,53.85846498726444,
2024-10-24,1508.800048828125,1539.0,1495.0,1530.550048828125,282412.0,1607.6924926757813,,53.96836730126728,
2024-10-25,1489.550048828125,1518.5,1463.75,1518.0,329277.0,1595.1699951171877,,50.60435302472776,
2024-10-28,1530.5,1542.75,1489.550048828125,1489.949951171875,233014.0,1587.4599975585938,,47.92149520238207,
2024-10-29,1524.8499755859375,1537.300048828125,1496.199951171875,1537.300048828125,285670.0,1580.5199951171876,,46.33104354741207,
2024-10-30,,,,,,,,,
2024-10-31,1570.199951171875,1578.949951171875,1546.5999755859375,1570.0999755859375,551110.0,,,,
2024-11-01,1575.75,1588.0,1560.0,1585.0,79539.0,,,,
2024-11-04,1498.0,1578.0,1441.0,1567.0,2186721.0,,,,
2024-11-05,,,,,,,,,
2024-11-06,1515.0,1526.699951171875,1502.050048828125,1504.0,208174.0,,,,
2024-11-07,1504.8499755859375,1523.0,1497.25,1518.0,272812.0,,,,
2024-11-08,1467.199951171875,1500.0,1463.699951171875,1500.0,273155.0,,,,
2024-11-11,1464.0,1486.0999755859375,1452.5,1464.0,149516.0,,,,
2024-11-12,1478.5999755859375,1502.5,1464.949951171875,1465.0,338471.0,,,,
2024-11-13,1443.3499755859375,1495.0,1435.0,1475.0,164139.0,,,,
2024-11-14,1461.550048828125,1479.0,1447.0,1449.1500244140625,527499.0,,,,
2024-11-18,1435.75,1470.800048828125,1431.9000244140625,1455.0,825613.0,,,,
2024-11-19,1475.5,1493.550048828125,1444.050048828125,1447.9000244140625,413564.0,,,,
2024-11-21,1445.199951171875,1483.300048828125,1441.949951171875,1478.8499755859375,316881.0,,,,
2024-11-22,1465.699951171875,1471.949951171875,1435.3499755859375,1449.050048828125,433892.0,,,,
2024-11-25,1480.699951171875,1496.550048828125,1474.1500244140625,1490.0,325670.0,,,,
2024-11-26,1479.699951171875,1488.550048828125,1462.3499755859375,1488.300048828125,401122.0,,,,
2024-11-27,1514.199951171875,1521.5999755859375,1462.75,1480.5,1298962.0,,,,
2024-11-28,1519.1500244140625,1542.5999755859375,1503.949951171875,1517.0,528400.0,,,,
2024-11-29,1540.050048828125,1554.9000244140625,1525.0,1525.0,464903.0,,,,
2024-12-02,1572.5,1583.199951171875,1547.1500244140625,1560.0,1006254.0,,,,
2024-12-03,1598.300048828125,1604.199951171875,1563.0999755859375,1583.0,583115.0,,,,
2024-12-04,1597.699951171875,1610.0,1589.6500244140625,1607.0,553558.0,,,,
2024-12-05,1577.9000244140625,1620.0,1561.25,1610.0,738747.0,1501.844989013672,,51.34789403943159,
2024-12-06,1547.8499755859375,1587.9000244140625,1526.550048828125,1587.9000244140625,891217.0,1503.4874877929688,,52.30727364841503,
2024-12-09,1480.0999755859375,1569.0,1474.050048828125,1560.0,1228435.0,1502.2499877929688,,52.56547690528518,
2024-12-10,1492.300048828125,1495.449951171875,1470.0,1489.0,665813.0,1503.5049926757813,,51.98099518926821,
2024-12-11,1486.5999755859375,1511.0,1477.0,1500.0,390322.0,1504.634991455078,,51.318433421621165,
2024-12-12,1459.6500244140625,1486.9000244140625,1455.1500244140625,1480.0,419755.0,1503.6874938964845,,51.99489891176165,
2024-12-13,1455.199951171875,1463.949951171875,1438.0999755859375,1460.800048828125,541893.0,1504.2799926757812,,51.334468430382,
2024-12-16,1474.3499755859375,1484.699951171875,1455.300048828125,1455.300048828125,476715.0,1504.919989013672,,50.85122326691548,
2024-12-17,1494.5999755859375,1539.0,1469.050048828125,1481.449951171875,2061454.0,1507.8624877929688,,48.27549261803546,
2024-12-18,1408.449951171875,1489.5,1404.0,1485.25,1866050.0,1504.5099853515626,,52.76096889281511,
2024-12-19,1421.25,1425.0,1385.0,1395.0,495245.0,1503.3124877929688,,54.42355427084151,
2024-12-20,1382.0999755859375,1428.0,1378.0,1423.0,543172.0,1499.1324890136718,,60.351978268941735,
2024-12-23,1361.0,1407.0,1351.0999755859375,1389.9000244140625,967305.0,1493.147491455078,,67.7570297354401,
2024-12-24,1373.8499755859375,1390.0,1358.300048828125,1367.0,513478.0,1487.8549926757812,,72.80837740228554,
2024-12-26,1336.8499755859375,1379.449951171875,1320.3499755859375,1376.0,1029874.0,1478.9874938964845,,79.88674359275785,
2024-12-27,1338.6500244140625,1350.4000244140625,1331.050048828125,1336.8499755859375,281337.0,1469.9624938964844,,85.13410727799439,
2024-12-30,1310.0,1347.6500244140625,1301.9000244140625,1338.6500244140625,429343.0,1458.459991455078,,90.53585828347856,
2024-12-31,1304.9000244140625,1312.9000244140625,1285.5999755859375,1307.699951171875,299936.0,1445.079992675781,,92.5467573572318,
2025-01-01,1317.25,1321.8499755859375,1302.699951171875,1308.0,209839.0,1431.027490234375,,89.3390374308298,
2025-01-02,1320.199951171875,1323.5,1303.949951171875,1317.25,221330.0,1417.152490234375,,83.44570571775982,
2025-01-03,1302.1500244140625,1329.0,1295.0999755859375,1326.1500244140625,238934.0,1403.364990234375,,78.09724859594066,
2025-01-06,1250.699951171875,1312.449951171875,1243.050048828125,1309.0,739335.0,1388.5074890136718,,77.42576099121845,
2025-01-07,1222.699951171875,1253.8499755859375,1153.6500244140625,1251.949951171875,3168224.0,1375.6374877929688,,82.61847576489193,
2025-01-08,1177.699951171875,1216.5999755859375,1166.5,1216.5999755859375,962377.0,1359.9074829101562,,88.94436238477395,
2025-01-09,1161.5999755859375,1198.0,1158.25,1180.0,844435.0,1343.6574829101562,,94.11765373901014,
