Date_Ticker,Close_SBFC.NS,High_SBFC.NS,Low_SBFC.NS,Open_SBFC.NS,Volume_SBFC.NS,MA_20_Unnamed: 6_level_1,MA_50_Unnamed: 7_level_1,Volatility_20_Unnamed: 8_level_1,Volatility_50_Unnamed: 9_level_1
Date,,,,,,,,,
2020-01-10,,,,,,,,,
2020-01-13,,,,,,,,,
2020-01-14,,,,,,,,,
2020-01-15,,,,,,,,,
2020-01-16,,,,,,,,,
2020-01-17,,,,,,,,,
2020-01-20,,,,,,,,,
2020-01-21,,,,,,,,,
2020-01-22,,,,,,,,,
2020-01-23,,,,,,,,,
2020-01-24,,,,,,,,,
2020-01-27,,,,,,,,,
2020-01-28,,,,,,,,,
2020-01-29,,,,,,,,,
2020-01-30,,,,,,,,,
2020-01-31,,,,,,,,,
2020-02-03,,,,,,,,,
2020-02-04,,,,,,,,,
2020-02-05,,,,,,,,,
2020-02-06,,,,,,,,,
2020-02-07,,,,,,,,,
2020-02-10,,,,,,,,,
2020-02-11,,,,,,,,,
2020-02-12,,,,,,,,,
2020-02-13,,,,,,,,,
2020-02-14,,,,,,,,,
2020-02-17,,,,,,,,,
2020-02-18,,,,,,,,,
2020-02-19,,,,,,,,,
2020-02-20,,,,,,,,,
2020-02-24,,,,,,,,,
2020-02-25,,,,,,,,,
2020-02-26,,,,,,,,,
2020-02-27,,,,,,,,,
2020-02-28,,,,,,,,,
2020-03-02,,,,,,,,,
2020-03-03,,,,,,,,,
2020-03-04,,,,,,,,,
2020-03-05,,,,,,,,,
2020-03-06,,,,,,,,,
2020-03-09,,,,,,,,,
2020-03-11,,,,,,,,,
2020-03-12,,,,,,,,,
2020-03-13,,,,,,,,,
2020-03-16,,,,,,,,,
2020-03-17,,,,,,,,,
2020-03-18,,,,,,,,,
2020-03-19,,,,,,,,,
2020-03-20,,,,,,,,,
2020-03-23,,,,,,,,,
2020-03-24,,,,,,,,,
2020-03-25,,,,,,,,,
2020-03-26,,,,,,,,,
2020-03-27,,,,,,,,,
2020-03-30,,,,,,,,,
2020-03-31,,,,,,,,,
2020-04-01,,,,,,,,,
2020-04-03,,,,,,,,,
2020-04-07,,,,,,,,,
2020-04-08,,,,,,,,,
2020-04-09,,,,,,,,,
2020-04-13,,,,,,,,,
2020-04-15,,,,,,,,,
2020-04-16,,,,,,,,,
2020-04-17,,,,,,,,,
2020-04-20,,,,,,,,,
2020-04-21,,,,,,,,,
2020-04-22,,,,,,,,,
2020-04-23,,,,,,,,,
2020-04-24,,,,,,,,,
2020-04-27,,,,,,,,,
2020-04-28,,,,,,,,,
2020-04-29,,,,,,,,,
2020-04-30,,,,,,,,,
2020-05-04,,,,,,,,,
2020-05-05,,,,,,,,,
2020-05-06,,,,,,,,,
2020-05-07,,,,,,,,,
2020-05-08,,,,,,,,,
2020-05-11,,,,,,,,,
2020-05-12,,,,,,,,,
2020-05-13,,,,,,,,,
2020-05-14,,,,,,,,,
2020-05-15,,,,,,,,,
2020-05-18,,,,,,,,,
2020-05-19,,,,,,,,,
2020-05-20,,,,,,,,,
2020-05-21,,,,,,,,,
2020-05-22,,,,,,,,,
2020-05-26,,,,,,,,,
2020-05-27,,,,,,,,,
2020-05-28,,,,,,,,,
2020-05-29,,,,,,,,,
2020-06-01,,,,,,,,,
2020-06-02,,,,,,,,,
2020-06-03,,,,,,,,,
2020-06-04,,,,,,,,,
2020-06-05,,,,,,,,,
2020-06-08,,,,,,,,,
2020-06-09,,,,,,,,,
2020-06-10,,,,,,,,,
2020-06-11,,,,,,,,,
2020-06-12,,,,,,,,,
2020-06-15,,,,,,,,,
2020-06-16,,,,,,,,,
2020-06-17,,,,,,,,,
2020-06-18,,,,,,,,,
2020-06-19,,,,,,,,,
2020-06-22,,,,,,,,,
2020-06-23,,,,,,,,,
2020-06-24,,,,,,,,,
2020-06-25,,,,,,,,,
2020-06-26,,,,,,,,,
2020-06-29,,,,,,,,,
2020-06-30,,,,,,,,,
2020-07-01,,,,,,,,,
2020-07-02,,,,,,,,,
2020-07-03,,,,,,,,,
2020-07-06,,,,,,,,,
2020-07-07,,,,,,,,,
2020-07-08,,,,,,,,,
2020-07-09,,,,,,,,,
2020-07-10,,,,,,,,,
2020-07-13,,,,,,,,,
2020-07-14,,,,,,,,,
2020-07-15,,,,,,,,,
2020-07-16,,,,,,,,,
2020-07-17,,,,,,,,,
2020-07-20,,,,,,,,,
2020-07-21,,,,,,,,,
2020-07-22,,,,,,,,,
2020-07-23,,,,,,,,,
2020-07-24,,,,,,,,,
2020-07-27,,,,,,,,,
2020-07-28,,,,,,,,,
2020-07-29,,,,,,,,,
2020-07-30,,,,,,,,,
2020-07-31,,,,,,,,,
2020-08-03,,,,,,,,,
2020-08-04,,,,,,,,,
2020-08-05,,,,,,,,,
2020-08-06,,,,,,,,,
2020-08-07,,,,,,,,,
2020-08-10,,,,,,,,,
2020-08-11,,,,,,,,,
2020-08-12,,,,,,,,,
2020-08-13,,,,,,,,,
2020-08-14,,,,,,,,,
2020-08-17,,,,,,,,,
2020-08-18,,,,,,,,,
2020-08-19,,,,,,,,,
2020-08-20,,,,,,,,,
2020-08-21,,,,,,,,,
2020-08-24,,,,,,,,,
2020-08-25,,,,,,,,,
2020-08-26,,,,,,,,,
2020-08-27,,,,,,,,,
2020-08-28,,,,,,,,,
2020-08-31,,,,,,,,,
2020-09-01,,,,,,,,,
2020-09-02,,,,,,,,,
2020-09-03,,,,,,,,,
2020-09-04,,,,,,,,,
2020-09-07,,,,,,,,,
2020-09-08,,,,,,,,,
2020-09-09,,,,,,,,,
2020-09-10,,,,,,,,,
2020-09-11,,,,,,,,,
2020-09-14,,,,,,,,,
2020-09-15,,,,,,,,,
2020-09-16,,,,,,,,,
2020-09-17,,,,,,,,,
2020-09-18,,,,,,,,,
2020-09-21,,,,,,,,,
2020-09-22,,,,,,,,,
2020-09-23,,,,,,,,,
2020-09-24,,,,,,,,,
2020-09-25,,,,,,,,,
2020-09-28,,,,,,,,,
2020-09-29,,,,,,,,,
2020-09-30,,,,,,,,,
2020-10-01,,,,,,,,,
2020-10-05,,,,,,,,,
2020-10-06,,,,,,,,,
2020-10-07,,,,,,,,,
2020-10-08,,,,,,,,,
2020-10-09,,,,,,,,,
2020-10-12,,,,,,,,,
2020-10-13,,,,,,,,,
2020-10-14,,,,,,,,,
2020-10-15,,,,,,,,,
2020-10-16,,,,,,,,,
2020-10-19,,,,,,,,,
2020-10-20,,,,,,,,,
2020-10-21,,,,,,,,,
2020-10-22,,,,,,,,,
2020-10-23,,,,,,,,,
2020-10-26,,,,,,,,,
2020-10-27,,,,,,,,,
2020-10-28,,,,,,,,,
2020-10-29,,,,,,,,,
2020-10-30,,,,,,,,,
2020-11-02,,,,,,,,,
2020-11-03,,,,,,,,,
2020-11-04,,,,,,,,,
2020-11-05,,,,,,,,,
2020-11-06,,,,,,,,,
2020-11-09,,,,,,,,,
2020-11-10,,,,,,,,,
2020-11-11,,,,,,,,,
2020-11-12,,,,,,,,,
2020-11-13,,,,,,,,,
2020-11-14,,,,,,,,,
2020-11-17,,,,,,,,,
2020-11-18,,,,,,,,,
2020-11-19,,,,,,,,,
2020-11-20,,,,,,,,,
2020-11-23,,,,,,,,,
2020-11-24,,,,,,,,,
2020-11-25,,,,,,,,,
2020-11-26,,,,,,,,,
2020-11-27,,,,,,,,,
2020-12-01,,,,,,,,,
2020-12-02,,,,,,,,,
2020-12-03,,,,,,,,,
2020-12-04,,,,,,,,,
2020-12-07,,,,,,,,,
2020-12-08,,,,,,,,,
2020-12-09,,,,,,,,,
2020-12-10,,,,,,,,,
2020-12-11,,,,,,,,,
2020-12-14,,,,,,,,,
2020-12-15,,,,,,,,,
2020-12-16,,,,,,,,,
2020-12-17,,,,,,,,,
2020-12-18,,,,,,,,,
2020-12-21,,,,,,,,,
2020-12-22,,,,,,,,,
2020-12-23,,,,,,,,,
2020-12-24,,,,,,,,,
2020-12-28,,,,,,,,,
2020-12-29,,,,,,,,,
2020-12-30,,,,,,,,,
2020-12-31,,,,,,,,,
2021-01-01,,,,,,,,,
2021-01-04,,,,,,,,,
2021-01-05,,,,,,,,,
2021-01-06,,,,,,,,,
2021-01-07,,,,,,,,,
2021-01-08,,,,,,,,,
2021-01-11,,,,,,,,,
2021-01-12,,,,,,,,,
2021-01-13,,,,,,,,,
2021-01-14,,,,,,,,,
2021-01-15,,,,,,,,,
2021-01-18,,,,,,,,,
2021-01-19,,,,,,,,,
2021-01-20,,,,,,,,,
2021-01-21,,,,,,,,,
2021-01-22,,,,,,,,,
2021-01-25,,,,,,,,,
2021-01-27,,,,,,,,,
2021-01-28,,,,,,,,,
2021-01-29,,,,,,,,,
2021-02-01,,,,,,,,,
2021-02-02,,,,,,,,,
2021-02-03,,,,,,,,,
2021-02-04,,,,,,,,,
2021-02-05,,,,,,,,,
2021-02-08,,,,,,,,,
2021-02-09,,,,,,,,,
2021-02-10,,,,,,,,,
2021-02-11,,,,,,,,,
2021-02-12,,,,,,,,,
2021-02-15,,,,,,,,,
2021-02-16,,,,,,,,,
2021-02-17,,,,,,,,,
2021-02-18,,,,,,,,,
2021-02-19,,,,,,,,,
2021-02-22,,,,,,,,,
2021-02-23,,,,,,,,,
2021-02-24,,,,,,,,,
2021-02-25,,,,,,,,,
2021-02-26,,,,,,,,,
2021-03-01,,,,,,,,,
2021-03-02,,,,,,,,,
2021-03-03,,,,,,,,,
2021-03-04,,,,,,,,,
2021-03-05,,,,,,,,,
2021-03-08,,,,,,,,,
2021-03-09,,,,,,,,,
2021-03-10,,,,,,,,,
2021-03-12,,,,,,,,,
2021-03-15,,,,,,,,,
2021-03-16,,,,,,,,,
2021-03-17,,,,,,,,,
2021-03-18,,,,,,,,,
2021-03-19,,,,,,,,,
2021-03-22,,,,,,,,,
2021-03-23,,,,,,,,,
2021-03-24,,,,,,,,,
2021-03-25,,,,,,,,,
2021-03-26,,,,,,,,,
2021-03-30,,,,,,,,,
2021-03-31,,,,,,,,,
2021-04-01,,,,,,,,,
2021-04-05,,,,,,,,,
2021-04-06,,,,,,,,,
2021-04-07,,,,,,,,,
2021-04-08,,,,,,,,,
2021-04-09,,,,,,,,,
2021-04-12,,,,,,,,,
2021-04-13,,,,,,,,,
2021-04-15,,,,,,,,,
2021-04-16,,,,,,,,,
2021-04-19,,,,,,,,,
2021-04-20,,,,,,,,,
2021-04-22,,,,,,,,,
2021-04-23,,,,,,,,,
2021-04-26,,,,,,,,,
2021-04-27,,,,,,,,,
2021-04-28,,,,,,,,,
2021-04-29,,,,,,,,,
2021-04-30,,,,,,,,,
2021-05-03,,,,,,,,,
2021-05-04,,,,,,,,,
2021-05-05,,,,,,,,,
2021-05-06,,,,,,,,,
2021-05-07,,,,,,,,,
2021-05-10,,,,,,,,,
2021-05-11,,,,,,,,,
2021-05-12,,,,,,,,,
2021-05-14,,,,,,,,,
2021-05-17,,,,,,,,,
2021-05-18,,,,,,,,,
2021-05-19,,,,,,,,,
2021-05-20,,,,,,,,,
2021-05-21,,,,,,,,,
2021-05-24,,,,,,,,,
2021-05-25,,,,,,,,,
2021-05-26,,,,,,,,,
2021-05-27,,,,,,,,,
2021-05-28,,,,,,,,,
2021-05-31,,,,,,,,,
2021-06-01,,,,,,,,,
2021-06-02,,,,,,,,,
2021-06-03,,,,,,,,,
2021-06-04,,,,,,,,,
2021-06-07,,,,,,,,,
2021-06-08,,,,,,,,,
2021-06-09,,,,,,,,,
2021-06-10,,,,,,,,,
2021-06-11,,,,,,,,,
2021-06-14,,,,,,,,,
2021-06-15,,,,,,,,,
2021-06-16,,,,,,,,,
2021-06-17,,,,,,,,,
2021-06-18,,,,,,,,,
2021-06-21,,,,,,,,,
2021-06-22,,,,,,,,,
2021-06-23,,,,,,,,,
2021-06-24,,,,,,,,,
2021-06-25,,,,,,,,,
2021-06-28,,,,,,,,,
2021-06-29,,,,,,,,,
2021-06-30,,,,,,,,,
2021-07-01,,,,,,,,,
2021-07-02,,,,,,,,,
2021-07-05,,,,,,,,,
2021-07-06,,,,,,,,,
2021-07-07,,,,,,,,,
2021-07-08,,,,,,,,,
2021-07-09,,,,,,,,,
2021-07-12,,,,,,,,,
2021-07-13,,,,,,,,,
2021-07-14,,,,,,,,,
2021-07-15,,,,,,,,,
2021-07-16,,,,,,,,,
2021-07-19,,,,,,,,,
2021-07-20,,,,,,,,,
2021-07-22,,,,,,,,,
2021-07-23,,,,,,,,,
2021-07-26,,,,,,,,,
2021-07-27,,,,,,,,,
2021-07-28,,,,,,,,,
2021-07-29,,,,,,,,,
2021-07-30,,,,,,,,,
2021-08-02,,,,,,,,,
2021-08-03,,,,,,,,,
2021-08-04,,,,,,,,,
2021-08-05,,,,,,,,,
2021-08-06,,,,,,,,,
2021-08-09,,,,,,,,,
2021-08-10,,,,,,,,,
2021-08-11,,,,,,,,,
2021-08-12,,,,,,,,,
2021-08-13,,,,,,,,,
2021-08-16,,,,,,,,,
2021-08-17,,,,,,,,,
2021-08-18,,,,,,,,,
2021-08-20,,,,,,,,,
2021-08-23,,,,,,,,,
2021-08-24,,,,,,,,,
2021-08-25,,,,,,,,,
2021-08-26,,,,,,,,,
2021-08-27,,,,,,,,,
2021-08-30,,,,,,,,,
2021-08-31,,,,,,,,,
2021-09-01,,,,,,,,,
2021-09-02,,,,,,,,,
2021-09-03,,,,,,,,,
2021-09-06,,,,,,,,,
2021-09-07,,,,,,,,,
2021-09-08,,,,,,,,,
2021-09-09,,,,,,,,,
2021-09-13,,,,,,,,,
2021-09-14,,,,,,,,,
2021-09-15,,,,,,,,,
2021-09-16,,,,,,,,,
2021-09-17,,,,,,,,,
2021-09-20,,,,,,,,,
2021-09-21,,,,,,,,,
2021-09-22,,,,,,,,,
2021-09-23,,,,,,,,,
2021-09-24,,,,,,,,,
2021-09-27,,,,,,,,,
2021-09-28,,,,,,,,,
2021-09-29,,,,,,,,,
2021-09-30,,,,,,,,,
2021-10-01,,,,,,,,,
2021-10-04,,,,,,,,,
2021-10-05,,,,,,,,,
2021-10-06,,,,,,,,,
2021-10-07,,,,,,,,,
2021-10-08,,,,,,,,,
2021-10-11,,,,,,,,,
2021-10-12,,,,,,,,,
2021-10-13,,,,,,,,,
2021-10-14,,,,,,,,,
2021-10-18,,,,,,,,,
2021-10-19,,,,,,,,,
2021-10-20,,,,,,,,,
2021-10-21,,,,,,,,,
2021-10-22,,,,,,,,,
2021-10-25,,,,,,,,,
2021-10-26,,,,,,,,,
2021-10-27,,,,,,,,,
2021-10-28,,,,,,,,,
2021-10-29,,,,,,,,,
2021-11-01,,,,,,,,,
2021-11-02,,,,,,,,,
2021-11-03,,,,,,,,,
2021-11-04,,,,,,,,,
2021-11-08,,,,,,,,,
2021-11-09,,,,,,,,,
2021-11-10,,,,,,,,,
2021-11-11,,,,,,,,,
2021-11-12,,,,,,,,,
2021-11-15,,,,,,,,,
2021-11-16,,,,,,,,,
2021-11-17,,,,,,,,,
2021-11-18,,,,,,,,,
2021-11-22,,,,,,,,,
2021-11-23,,,,,,,,,
2021-11-24,,,,,,,,,
2021-11-25,,,,,,,,,
2021-11-26,,,,,,,,,
2021-11-29,,,,,,,,,
2021-11-30,,,,,,,,,
2021-12-01,,,,,,,,,
2021-12-02,,,,,,,,,
2021-12-03,,,,,,,,,
2021-12-06,,,,,,,,,
2021-12-07,,,,,,,,,
2021-12-08,,,,,,,,,
2021-12-09,,,,,,,,,
2021-12-10,,,,,,,,,
2021-12-13,,,,,,,,,
2021-12-14,,,,,,,,,
2021-12-15,,,,,,,,,
2021-12-16,,,,,,,,,
2021-12-17,,,,,,,,,
2021-12-20,,,,,,,,,
2021-12-21,,,,,,,,,
2021-12-22,,,,,,,,,
2021-12-23,,,,,,,,,
2021-12-24,,,,,,,,,
2021-12-27,,,,,,,,,
2021-12-28,,,,,,,,,
2021-12-29,,,,,,,,,
2021-12-30,,,,,,,,,
2021-12-31,,,,,,,,,
2022-01-03,,,,,,,,,
2022-01-04,,,,,,,,,
2022-01-05,,,,,,,,,
2022-01-06,,,,,,,,,
2022-01-07,,,,,,,,,
2022-01-10,,,,,,,,,
2022-01-11,,,,,,,,,
2022-01-12,,,,,,,,,
2022-01-13,,,,,,,,,
2022-01-14,,,,,,,,,
2022-01-17,,,,,,,,,
2022-01-18,,,,,,,,,
2022-01-19,,,,,,,,,
2022-01-20,,,,,,,,,
2022-01-21,,,,,,,,,
2022-01-24,,,,,,,,,
2022-01-25,,,,,,,,,
2022-01-27,,,,,,,,,
2022-01-28,,,,,,,,,
2022-01-31,,,,,,,,,
2022-02-01,,,,,,,,,
2022-02-02,,,,,,,,,
2022-02-03,,,,,,,,,
2022-02-04,,,,,,,,,
2022-02-07,,,,,,,,,
2022-02-08,,,,,,,,,
2022-02-09,,,,,,,,,
2022-02-10,,,,,,,,,
2022-02-11,,,,,,,,,
2022-02-14,,,,,,,,,
2022-02-15,,,,,,,,,
2022-02-16,,,,,,,,,
2022-02-17,,,,,,,,,
2022-02-18,,,,,,,,,
2022-02-21,,,,,,,,,
2022-02-22,,,,,,,,,
2022-02-23,,,,,,,,,
2022-02-24,,,,,,,,,
2022-02-25,,,,,,,,,
2022-02-28,,,,,,,,,
2022-03-02,,,,,,,,,
2022-03-03,,,,,,,,,
2022-03-04,,,,,,,,,
2022-03-07,,,,,,,,,
2022-03-08,,,,,,,,,
2022-03-09,,,,,,,,,
2022-03-10,,,,,,,,,
2022-03-11,,,,,,,,,
2022-03-14,,,,,,,,,
2022-03-15,,,,,,,,,
2022-03-16,,,,,,,,,
2022-03-17,,,,,,,,,
2022-03-21,,,,,,,,,
2022-03-22,,,,,,,,,
2022-03-23,,,,,,,,,
2022-03-24,,,,,,,,,
2022-03-25,,,,,,,,,
2022-03-28,,,,,,,,,
2022-03-29,,,,,,,,,
2022-03-30,,,,,,,,,
2022-03-31,,,,,,,,,
2022-04-01,,,,,,,,,
2022-04-04,,,,,,,,,
2022-04-05,,,,,,,,,
2022-04-06,,,,,,,,,
2022-04-07,,,,,,,,,
2022-04-08,,,,,,,,,
2022-04-11,,,,,,,,,
2022-04-12,,,,,,,,,
2022-04-13,,,,,,,,,
2022-04-18,,,,,,,,,
2022-04-19,,,,,,,,,
2022-04-20,,,,,,,,,
2022-04-21,,,,,,,,,
2022-04-22,,,,,,,,,
2022-04-25,,,,,,,,,
2022-04-26,,,,,,,,,
2022-04-27,,,,,,,,,
2022-04-28,,,,,,,,,
2022-04-29,,,,,,,,,
2022-05-02,,,,,,,,,
2022-05-04,,,,,,,,,
2022-05-05,,,,,,,,,
2022-05-06,,,,,,,,,
2022-05-09,,,,,,,,,
2022-05-10,,,,,,,,,
2022-05-11,,,,,,,,,
2022-05-12,,,,,,,,,
2022-05-13,,,,,,,,,
2022-05-16,,,,,,,,,
2022-05-17,,,,,,,,,
2022-05-18,,,,,,,,,
2022-05-19,,,,,,,,,
2022-05-20,,,,,,,,,
2022-05-23,,,,,,,,,
2022-05-24,,,,,,,,,
2022-05-25,,,,,,,,,
2022-05-26,,,,,,,,,
2022-05-27,,,,,,,,,
2022-05-30,,,,,,,,,
2022-05-31,,,,,,,,,
2022-06-01,,,,,,,,,
2022-06-02,,,,,,,,,
2022-06-03,,,,,,,,,
2022-06-06,,,,,,,,,
2022-06-07,,,,,,,,,
2022-06-08,,,,,,,,,
2022-06-09,,,,,,,,,
2022-06-10,,,,,,,,,
2022-06-13,,,,,,,,,
2022-06-14,,,,,,,,,
2022-06-15,,,,,,,,,
2022-06-16,,,,,,,,,
2022-06-17,,,,,,,,,
2022-06-20,,,,,,,,,
2022-06-21,,,,,,,,,
2022-06-22,,,,,,,,,
2022-06-23,,,,,,,,,
2022-06-24,,,,,,,,,
2022-06-27,,,,,,,,,
2022-06-28,,,,,,,,,
2022-06-29,,,,,,,,,
2022-06-30,,,,,,,,,
2022-07-01,,,,,,,,,
2022-07-04,,,,,,,,,
2022-07-05,,,,,,,,,
2022-07-06,,,,,,,,,
2022-07-07,,,,,,,,,
2022-07-08,,,,,,,,,
2022-07-11,,,,,,,,,
2022-07-12,,,,,,,,,
2022-07-13,,,,,,,,,
2022-07-14,,,,,,,,,
2022-07-15,,,,,,,,,
2022-07-18,,,,,,,,,
2022-07-19,,,,,,,,,
2022-07-20,,,,,,,,,
2022-07-21,,,,,,,,,
2022-07-22,,,,,,,,,
2022-07-25,,,,,,,,,
2022-07-26,,,,,,,,,
2022-07-27,,,,,,,,,
2022-07-28,,,,,,,,,
2022-07-29,,,,,,,,,
2022-08-01,,,,,,,,,
2022-08-02,,,,,,,,,
2022-08-03,,,,,,,,,
2022-08-04,,,,,,,,,
2022-08-05,,,,,,,,,
2022-08-08,,,,,,,,,
2022-08-10,,,,,,,,,
2022-08-11,,,,,,,,,
2022-08-12,,,,,,,,,
2022-08-16,,,,,,,,,
2022-08-17,,,,,,,,,
2022-08-18,,,,,,,,,
2022-08-19,,,,,,,,,
2022-08-22,,,,,,,,,
2022-08-23,,,,,,,,,
2022-08-24,,,,,,,,,
2022-08-25,,,,,,,,,
2022-08-26,,,,,,,,,
2022-08-29,,,,,,,,,
2022-08-30,,,,,,,,,
2022-09-01,,,,,,,,,
2022-09-02,,,,,,,,,
2022-09-05,,,,,,,,,
2022-09-06,,,,,,,,,
2022-09-07,,,,,,,,,
2022-09-08,,,,,,,,,
2022-09-09,,,,,,,,,
2022-09-12,,,,,,,,,
2022-09-13,,,,,,,,,
2022-09-14,,,,,,,,,
2022-09-15,,,,,,,,,
2022-09-16,,,,,,,,,
2022-09-19,,,,,,,,,
2022-09-20,,,,,,,,,
2022-09-21,,,,,,,,,
2022-09-22,,,,,,,,,
2022-09-23,,,,,,,,,
2022-09-26,,,,,,,,,
2022-09-27,,,,,,,,,
2022-09-28,,,,,,,,,
2022-09-29,,,,,,,,,
2022-09-30,,,,,,,,,
2022-10-03,,,,,,,,,
2022-10-04,,,,,,,,,
2022-10-06,,,,,,,,,
2022-10-07,,,,,,,,,
2022-10-10,,,,,,,,,
2022-10-11,,,,,,,,,
2022-10-12,,,,,,,,,
2022-10-13,,,,,,,,,
2022-10-14,,,,,,,,,
2022-10-17,,,,,,,,,
2022-10-18,,,,,,,,,
2022-10-19,,,,,,,,,
2022-10-20,,,,,,,,,
2022-10-21,,,,,,,,,
2022-10-24,,,,,,,,,
2022-10-25,,,,,,,,,
2022-10-27,,,,,,,,,
2022-10-28,,,,,,,,,
2022-10-31,,,,,,,,,
2022-11-01,,,,,,,,,
2022-11-02,,,,,,,,,
2022-11-03,,,,,,,,,
2022-11-04,,,,,,,,,
2022-11-07,,,,,,,,,
2022-11-09,,,,,,,,,
2022-11-10,,,,,,,,,
2022-11-11,,,,,,,,,
2022-11-14,,,,,,,,,
2022-11-15,,,,,,,,,
2022-11-16,,,,,,,,,
2022-11-17,,,,,,,,,
2022-11-18,,,,,,,,,
2022-11-21,,,,,,,,,
2022-11-22,,,,,,,,,
2022-11-23,,,,,,,,,
2022-11-24,,,,,,,,,
2022-11-25,,,,,,,,,
2022-11-28,,,,,,,,,
2022-11-29,,,,,,,,,
2022-11-30,,,,,,,,,
2022-12-01,,,,,,,,,
2022-12-02,,,,,,,,,
2022-12-05,,,,,,,,,
2022-12-06,,,,,,,,,
2022-12-07,,,,,,,,,
2022-12-08,,,,,,,,,
2022-12-09,,,,,,,,,
2022-12-12,,,,,,,,,
2022-12-13,,,,,,,,,
2022-12-14,,,,,,,,,
2022-12-15,,,,,,,,,
2022-12-16,,,,,,,,,
2022-12-19,,,,,,,,,
2022-12-20,,,,,,,,,
2022-12-21,,,,,,,,,
2022-12-22,,,,,,,,,
2022-12-23,,,,,,,,,
2022-12-26,,,,,,,,,
2022-12-27,,,,,,,,,
2022-12-28,,,,,,,,,
2022-12-29,,,,,,,,,
2022-12-30,,,,,,,,,
2023-01-02,,,,,,,,,
2023-01-03,,,,,,,,,
2023-01-04,,,,,,,,,
2023-01-05,,,,,,,,,
2023-01-06,,,,,,,,,
2023-01-09,,,,,,,,,
2023-01-10,,,,,,,,,
2023-01-11,,,,,,,,,
2023-01-12,,,,,,,,,
2023-01-13,,,,,,,,,
2023-01-16,,,,,,,,,
2023-01-17,,,,,,,,,
2023-01-18,,,,,,,,,
2023-01-19,,,,,,,,,
2023-01-20,,,,,,,,,
2023-01-23,,,,,,,,,
2023-01-24,,,,,,,,,
2023-01-25,,,,,,,,,
2023-01-27,,,,,,,,,
2023-01-30,,,,,,,,,
2023-01-31,,,,,,,,,
2023-02-01,,,,,,,,,
2023-02-02,,,,,,,,,
2023-02-03,,,,,,,,,
2023-02-06,,,,,,,,,
2023-02-07,,,,,,,,,
2023-02-08,,,,,,,,,
2023-02-09,,,,,,,,,
2023-02-10,,,,,,,,,
2023-02-13,,,,,,,,,
2023-02-14,,,,,,,,,
2023-02-15,,,,,,,,,
2023-02-16,,,,,,,,,
2023-02-17,,,,,,,,,
2023-02-20,,,,,,,,,
2023-02-21,,,,,,,,,
2023-02-22,,,,,,,,,
2023-02-23,,,,,,,,,
2023-02-24,,,,,,,,,
2023-02-27,,,,,,,,,
2023-02-28,,,,,,,,,
2023-03-01,,,,,,,,,
2023-03-02,,,,,,,,,
2023-03-03,,,,,,,,,
2023-03-06,,,,,,,,,
2023-03-08,,,,,,,,,
2023-03-09,,,,,,,,,
2023-03-10,,,,,,,,,
2023-03-13,,,,,,,,,
2023-03-14,,,,,,,,,
2023-03-15,,,,,,,,,
2023-03-16,,,,,,,,,
2023-03-17,,,,,,,,,
2023-03-20,,,,,,,,,
2023-03-21,,,,,,,,,
2023-03-22,,,,,,,,,
2023-03-23,,,,,,,,,
2023-03-24,,,,,,,,,
2023-03-27,,,,,,,,,
2023-03-28,,,,,,,,,
2023-03-29,,,,,,,,,
2023-03-31,,,,,,,,,
2023-04-03,,,,,,,,,
2023-04-05,,,,,,,,,
2023-04-06,,,,,,,,,
2023-04-10,,,,,,,,,
2023-04-11,,,,,,,,,
2023-04-12,,,,,,,,,
2023-04-13,,,,,,,,,
2023-04-17,,,,,,,,,
2023-04-18,,,,,,,,,
2023-04-19,,,,,,,,,
2023-04-20,,,,,,,,,
2023-04-21,,,,,,,,,
2023-04-24,,,,,,,,,
2023-04-25,,,,,,,,,
2023-04-26,,,,,,,,,
2023-04-27,,,,,,,,,
2023-04-28,,,,,,,,,
2023-05-02,,,,,,,,,
2023-05-03,,,,,,,,,
2023-05-04,,,,,,,,,
2023-05-05,,,,,,,,,
2023-05-08,,,,,,,,,
2023-05-09,,,,,,,,,
2023-05-10,,,,,,,,,
2023-05-11,,,,,,,,,
2023-05-12,,,,,,,,,
2023-05-15,,,,,,,,,
2023-05-16,,,,,,,,,
2023-05-17,,,,,,,,,
2023-05-18,,,,,,,,,
2023-05-19,,,,,,,,,
2023-05-22,,,,,,,,,
2023-05-23,,,,,,,,,
2023-05-24,,,,,,,,,
2023-05-25,,,,,,,,,
2023-05-26,,,,,,,,,
2023-05-29,,,,,,,,,
2023-05-30,,,,,,,,,
2023-05-31,,,,,,,,,
2023-06-01,,,,,,,,,
2023-06-02,,,,,,,,,
2023-06-05,,,,,,,,,
2023-06-06,,,,,,,,,
2023-06-07,,,,,,,,,
2023-06-08,,,,,,,,,
2023-06-09,,,,,,,,,
2023-06-12,,,,,,,,,
2023-06-13,,,,,,,,,
2023-06-14,,,,,,,,,
2023-06-15,,,,,,,,,
2023-06-16,,,,,,,,,
2023-06-19,,,,,,,,,
2023-06-20,,,,,,,,,
2023-06-21,,,,,,,,,
2023-06-22,,,,,,,,,
2023-06-23,,,,,,,,,
2023-06-26,,,,,,,,,
2023-06-27,,,,,,,,,
2023-06-28,,,,,,,,,
2023-06-30,,,,,,,,,
2023-07-03,,,,,,,,,
2023-07-04,,,,,,,,,
2023-07-05,,,,,,,,,
2023-07-06,,,,,,,,,
2023-07-07,,,,,,,,,
2023-07-10,,,,,,,,,
2023-07-11,,,,,,,,,
2023-07-12,,,,,,,,,
2023-07-13,,,,,,,,,
2023-07-14,,,,,,,,,
2023-07-17,,,,,,,,,
2023-07-18,,,,,,,,,
2023-07-19,,,,,,,,,
2023-07-20,,,,,,,,,
2023-07-21,,,,,,,,,
2023-07-24,,,,,,,,,
2023-07-25,,,,,,,,,
2023-07-26,,,,,,,,,
2023-07-27,,,,,,,,,
2023-07-28,,,,,,,,,
2023-07-31,,,,,,,,,
2023-08-01,,,,,,,,,
2023-08-02,,,,,,,,,
2023-08-03,,,,,,,,,
2023-08-04,,,,,,,,,
2023-08-07,,,,,,,,,
2023-08-08,,,,,,,,,
2023-08-09,,,,,,,,,
2023-08-10,,,,,,,,,
2023-08-11,,,,,,,,,
2023-08-14,,,,,,,,,
2023-08-16,92.1999969482422,95.4499969482422,82.0,82.0,204417000.0,,,,
2023-08-17,89.9000015258789,93.5,86.6500015258789,92.3000030517578,32761570.0,,,,
2023-08-18,88.25,90.1500015258789,87.19999694824219,89.05000305175781,8974679.0,,,,
2023-08-21,86.05000305175781,88.80000305175781,83.75,88.30000305175781,8201753.0,,,,
2023-08-22,90.3499984741211,92.75,86.0,86.05000305175781,13550190.0,,,,
2023-08-23,87.80000305175781,91.4499969482422,87.44999694824219,91.25,3752822.0,,,,
2023-08-24,88.25,89.4000015258789,87.0999984741211,88.19999694824219,2377996.0,,,,
2023-08-25,88.30000305175781,89.69999694824219,87.5,87.80000305175781,2086417.0,,,,
2023-08-28,86.94999694824219,89.30000305175781,86.69999694824219,88.75,1479523.0,,,,
2023-08-29,86.0999984741211,87.5999984741211,85.75,87.0,1096395.0,,,,
2023-08-30,89.1500015258789,92.9000015258789,88.19999694824219,90.3499984741211,7037224.0,,,,
2023-08-31,88.0,89.80000305175781,87.5999984741211,89.0,2099547.0,,,,
2023-09-01,86.8499984741211,88.25,86.0,88.0,1525341.0,,,,
2023-09-04,86.4000015258789,88.0,86.0,87.05000305175781,1568536.0,,,,
2023-09-05,87.0,87.5,85.0,86.5,3178507.0,,,,
2023-09-06,87.0,87.75,86.0,86.0,1599178.0,,,,
2023-09-07,89.3499984741211,91.3499984741211,86.5,86.5999984741211,4912902.0,,,,
2023-09-08,88.9000015258789,90.4000015258789,88.5999984741211,89.0,1343283.0,,,,
2023-09-11,86.80000305175781,89.3499984741211,86.6500015258789,89.0,1852263.0,,,,
2023-09-12,85.19999694824219,88.4000015258789,84.5999984741211,87.0,2199598.0,87.94000015258788,,1.6950079149377302,
2023-09-13,84.30000305175781,86.3499984741211,84.0,85.30000305175781,3609195.0,87.54500045776368,,1.5655753242006163,
2023-09-14,86.5,88.3499984741211,84.4000015258789,84.8499984741211,2825809.0,87.37500038146973,,1.4785749046806222,
2023-09-15,85.9000015258789,87.9000015258789,85.25,86.80000305175781,1064692.0,87.25750045776367,,1.4986197838857642,
2023-09-18,85.6500015258789,86.9000015258789,85.1500015258789,86.0,998469.0,87.23750038146973,,1.5181249973827136,
2023-09-20,86.55000305175781,87.8499984741211,85.4000015258789,85.69999694824219,1612749.0,87.04750061035156,,1.3348048662236156,
2023-09-21,84.94999694824219,86.75,84.5,86.75,1064560.0,86.90500030517578,,1.4007425011442816,
2023-09-22,85.19999694824219,86.30000305175781,84.55000305175781,85.0,950727.0,86.75250015258788,,1.4125825150191356,
2023-09-25,83.69999694824219,86.55000305175781,83.5,85.5999984741211,818441.0,86.5224998474121,,1.51791764659422,
2023-09-26,83.19999694824219,84.25,82.0999984741211,84.0999984741211,1400116.0,86.3349998474121,,1.6847700514465842,
2023-09-27,83.05000305175781,83.9000015258789,82.5999984741211,83.19999694824219,880742.0,86.18250007629395,,1.838211474818932,
2023-09-28,82.94999694824219,83.69999694824219,82.5999984741211,83.1500015258789,501046.0,85.87249984741212,,1.8342130949839868,
2023-09-29,83.25,83.6500015258789,82.8499984741211,83.30000305175781,469621.0,85.6349998474121,,1.8516783202048916,
2023-10-03,82.80000305175781,84.0999984741211,82.55000305175781,83.44999694824219,563440.0,85.43250007629395,,1.9315442615366345,
2023-10-04,81.69999694824219,83.0,80.8499984741211,82.80000305175781,752546.0,85.1974998474121,,2.0872724565012217,
2023-10-05,84.1500015258789,87.6500015258789,81.5,81.80000305175781,3733476.0,85.05499992370605,,2.054770331821148,
2023-10-06,86.8499984741211,88.3499984741211,84.55000305175781,85.19999694824219,2313482.0,85.04749984741211,,2.0475583751133,
2023-10-09,83.0,85.69999694824219,82.0999984741211,85.69999694824219,1342030.0,84.72999992370606,,1.8255791849753409,
2023-10-10,84.30000305175781,85.44999694824219,82.9000015258789,83.25,758730.0,84.5,,1.5399937201060458,
2023-10-11,84.5999984741211,87.0,84.25,86.25,1065420.0,84.38999977111817,,1.442549226579653,
2023-10-12,83.4000015258789,85.4000015258789,82.94999694824219,84.9000015258789,657488.0,84.3,,1.4455015351374043,
2023-10-13,84.25,84.8499984741211,83.05000305175781,83.30000305175781,888946.0,84.29749984741211,,1.4455447718009236,
2023-10-16,84.1500015258789,84.94999694824219,84.0,84.5,443780.0,84.17999992370605,,1.3494056830133525,
2023-10-17,83.30000305175781,84.8499984741211,83.1500015258789,84.5,484027.0,84.05,,1.2992914593309417,
2023-10-18,82.80000305175781,83.55000305175781,82.55000305175781,83.0999984741211,797034.0,83.90750007629394,,1.270544237971148,
2023-10-19,82.9000015258789,83.05000305175781,82.5,82.5,283511.0,83.725,,1.1247801270283355,
2023-10-20,84.5,85.25,82.25,83.69999694824219,1264994.0,83.70250015258789,,1.1032812058182997,
2023-10-23,82.30000305175781,85.69999694824219,80.5999984741211,84.5,1941107.0,83.55750045776367,,1.0865532708617207,
2023-10-25,83.25,84.44999694824219,82.19999694824219,82.4000015258789,1315806.0,83.53500061035156,,1.0881052729894305,
2023-10-26,82.19999694824219,83.0,80.19999694824219,83.0,982529.0,83.48500061035156,,1.1266040247075926,
2023-10-27,84.55000305175781,87.69999694824219,82.5,83.0,4764278.0,83.56000061035157,85.58000030517579,1.1458851615437795,2.442021449276069
2023-10-30,83.55000305175781,85.30000305175781,83.19999694824219,85.30000305175781,717795.0,83.59000091552734,85.40700042724609,1.1368932362654434,2.2633281192048518
2023-10-31,82.6500015258789,85.4000015258789,82.5,83.94999694824219,1194042.0,83.56000099182128,85.2620004272461,1.1541229685506895,2.2009867390758964
2023-11-01,82.3499984741211,83.5,82.0,82.80000305175781,525993.0,83.53750076293946,85.14400039672852,1.173935816458875,2.195673864401284
2023-11-02,81.8499984741211,83.1500015258789,81.5999984741211,82.9000015258789,503434.0,83.5450008392334,85.06000030517578,1.161996906531488,2.240194093759837
2023-11-03,81.8499984741211,84.44999694824219,81.80000305175781,84.44999694824219,611103.0,83.43000068664551,84.89000030517577,1.2117192199076088,2.1513168270925025
2023-11-06,82.6500015258789,84.80000305175781,81.5999984741211,82.5999984741211,1548093.0,83.22000083923339,84.7870002746582,0.915567727127006,2.1323507611862227
2023-11-07,82.69999694824219,83.25,82.25,83.1500015258789,1258443.0,83.2050006866455,84.67600021362304,0.9217981449891456,2.092485260851246
2023-11-08,83.0999984741211,83.6500015258789,82.5,83.19999694824219,1211422.0,83.14500045776367,84.5720001220703,0.8850964656827955,2.037184019505302
2023-11-09,84.80000305175781,86.69999694824219,83.0,83.55000305175781,2400168.0,83.15500068664551,84.52900024414062,0.9033427275429164,2.008453993176502
2023-11-10,83.75,85.0999984741211,83.4000015258789,84.44999694824219,885183.0,83.17250061035156,84.4820002746582,0.9116903736224694,1.9984118223710527
2023-11-13,91.8499984741211,96.9000015258789,87.9000015258789,88.75,22561670.0,83.55250053405761,84.53600021362304,2.1403685468488893,2.157285723241164
2023-11-15,91.25,94.6999969482422,91.0,94.0,5595068.0,83.90750045776367,84.60100021362305,2.7474041766422026,2.307518551917629
2023-11-16,90.5999984741211,93.6999969482422,89.80000305175781,91.5,4290130.0,84.27250022888184,84.67600021362304,3.1218444651663564,2.43928807135838
2023-11-17,91.4000015258789,92.25,87.30000305175781,89.0,6558213.0,84.70250015258789,84.77600021362305,3.480073899271452,2.6080573800383458
2023-11-20,90.8499984741211,92.5,88.69999694824219,92.5,4912148.0,85.1,84.85300018310546,3.709801982823977,2.7290838398244808
2023-11-21,90.8499984741211,94.0,90.5500030517578,91.5,4750053.0,85.41749992370606,84.9300001525879,3.921441348232053,2.8428390600948585
2023-11-22,90.5500030517578,91.5999984741211,89.25,91.3000030517578,1482050.0,85.82999992370605,84.95400024414063,4.009180381637999,2.8856584484097327
2023-11-23,87.9000015258789,90.9000015258789,87.69999694824219,90.5500030517578,2205791.0,86.0625,84.93400024414062,3.9864533811056826,2.861112266946689
2023-11-24,87.75,88.80000305175781,87.4000015258789,88.5999984741211,1266553.0,86.34000015258789,84.95300018310547,3.895564281578435,2.8768677874698425
2023-11-28,86.19999694824219,88.44999694824219,85.80000305175781,87.75,1637971.0,86.42249984741211,84.97300018310547,3.8730675157500665,2.8820912142400097
2023-11-29,85.8499984741211,87.19999694824219,85.5,87.0,1575270.0,86.53749961853028,85.00400009155274,3.8170283887079126,2.883040450565426
2023-11-30,90.0,90.6500015258789,85.6500015258789,86.19999694824219,5228956.0,86.90499954223633,85.07400009155273,3.776656501503818,2.961526044496624
2023-12-01,89.75,91.5999984741211,89.0,91.0,1702815.0,87.27499961853027,85.15100006103516,3.667837051004188,3.032636880867312
2023-12-04,89.75,92.4499969482422,88.0,92.25,2299387.0,87.66999969482421,85.23300003051757,3.473069568215683,3.101063130195905
2023-12-05,88.25,90.5999984741211,88.0,90.5,1343958.0,87.98999977111816,85.26699996948243,3.1920791562545965,3.125024167746486
2023-12-06,87.6500015258789,88.94999694824219,87.4000015258789,88.8499984741211,975005.0,88.23999977111816,85.32100006103515,2.9374893953108714,3.1427124363079533
2023-12-07,87.4000015258789,88.3499984741211,87.0,88.05000305175781,871854.0,88.475,85.3650001525879,2.6443335507692374,3.156354899549489
2023-12-08,86.44999694824219,88.30000305175781,86.30000305175781,87.80000305175781,1596090.0,88.64249992370605,85.42000015258789,2.3787034293845406,3.150704387456331
2023-12-11,90.0,91.0999984741211,87.0,88.0,3447396.0,88.90249977111816,85.55600021362305,2.215167760398491,3.199308446525956
2023-12-12,94.0500030517578,95.5,90.9499969482422,91.1999969482422,12851530.0,89.41749992370606,85.77600021362305,2.1505988017658697,3.395649121027388
2023-12-13,92.9000015258789,94.6999969482422,91.25,94.6999969482422,3127351.0,89.47000007629394,85.97500030517578,2.2246474801510883,3.516074640853934
2023-12-14,93.1500015258789,94.9000015258789,92.3499984741211,94.0,3520132.0,89.56500015258788,86.17300033569336,2.3421265916902105,3.636187390976101
2023-12-15,93.9499969482422,97.8000030517578,93.0,93.6500015258789,8542924.0,89.73250007629395,86.39600021362304,2.532124480830864,3.764737562278528
2023-12-18,94.4499969482422,96.6999969482422,93.3499984741211,94.5999984741211,2581190.0,89.8849998474121,86.65100021362305,2.722523262581856,3.870485819481341
2023-12-19,92.4000015258789,94.9499969482422,91.5999984741211,94.6999969482422,2044075.0,89.9625,86.81600021362304,2.7730318863428085,3.936970593146522
2023-12-20,87.0999984741211,94.1999969482422,86.0,93.0,3833773.0,89.775,86.82100021362305,2.835930622851373,3.937173398813668
2023-12-21,89.9000015258789,90.5999984741211,84.0999984741211,86.5,2084144.0,89.74249992370605,86.95900024414063,2.8303005048465057,3.9214048666241537
2023-12-22,89.0999984741211,91.5,88.5999984741211,90.4499969482422,1350980.0,89.80249977111816,87.0550001525879,2.801760970118303,3.9137283192857457
2023-12-26,89.55000305175781,90.6500015258789,88.75,90.3499984741211,1381301.0,89.89249992370605,87.15400024414062,2.760972605836548,3.912966810701707
2023-12-27,90.05000305175781,91.0999984741211,89.05000305175781,89.8499984741211,1113223.0,90.08500022888184,87.2870002746582,2.620621928344672,3.895743436687346
2023-12-28,89.8499984741211,91.3000030517578,89.5999984741211,90.6500015258789,1082206.0,90.28500022888184,87.39900024414062,2.4257989730679346,3.887138443700196
2023-12-29,89.4000015258789,90.5500030517578,88.5999984741211,90.0,1293715.0,90.25500030517578,87.50400024414063,2.4332078692261625,3.8684468807825056
2024-01-01,89.0,90.4000015258789,88.75,90.4000015258789,837996.0,90.21750030517578,87.61800018310547,2.447139959219657,3.8257820483013214
2024-01-02,88.0,89.5999984741211,87.5,89.0,1133999.0,90.13000030517578,87.72200012207031,2.4955435194119184,3.762288258090528
2024-01-03,91.3499984741211,92.3000030517578,87.80000305175781,88.69999694824219,3048477.0,90.28500022888184,87.89100006103516,2.468757481492603,3.730920131964037
2024-01-04,90.4499969482422,92.3000030517578,89.30000305175781,92.25,2322597.0,90.425,88.01,2.389588310505627,3.715411974588173
2024-01-05,90.1500015258789,91.5999984741211,89.4000015258789,90.8000030517578,1327681.0,90.5625,88.16699996948242,2.28311187651198,3.634172035412398
2024-01-08,89.19999694824219,90.6500015258789,88.80000305175781,90.6500015258789,634258.0,90.7,88.28599990844727,2.0976804882895435,3.566668992927051
2024-01-09,88.75,89.9000015258789,88.19999694824219,89.19999694824219,1206973.0,90.6375,88.41699996948242,2.137871299706455,3.457181436632529
2024-01-10,88.05000305175781,89.3499984741211,87.55000305175781,88.69999694824219,986285.0,90.3375,88.48699996948243,2.053102191511155,3.412429538421716
2024-01-11,87.0999984741211,88.55000305175781,87.0,88.44999694824219,1728980.0,90.04749984741211,88.55799987792969,2.0815270692057344,3.343854788897778
2024-01-12,87.75,88.1500015258789,86.80000305175781,87.44999694824219,1616304.0,89.77749977111816,88.65999984741211,2.006795454356391,3.236006285149021
2024-01-15,87.55000305175781,88.6500015258789,86.4000015258789,88.30000305175781,3487867.0,89.45750007629394,88.76399993896484,1.8067322168516944,3.1101882343519187
2024-01-16,87.0,87.9000015258789,86.4000015258789,87.9000015258789,1307101.0,89.08500022888184,88.86699996948242,1.4574762550547449,2.9581023323236404
2024-01-17,85.8499984741211,87.0,85.4000015258789,86.8499984741211,1068374.0,88.75750007629395,88.94699996948242,1.4084590198666809,2.815090853115884
2024-01-18,,,,,,,,,
2024-01-19,85.94999694824219,87.3499984741211,85.4000015258789,86.5,985814.0,,,,
2024-01-23,85.05000305175781,87.69999694824219,84.75,86.94999694824219,1563709.0,,,,
2024-01-24,86.0,86.4000015258789,84.3499984741211,85.9000015258789,1316035.0,,,,
2024-01-25,89.30000305175781,90.0,85.8499984741211,86.5,9229230.0,,,,
2024-01-29,89.6500015258789,90.05000305175781,87.6500015258789,89.25,3172977.0,,,,
2024-01-30,87.94999694824219,92.25,87.4000015258789,90.0,2554114.0,,,,
2024-01-31,89.94999694824219,90.0,87.5999984741211,88.44999694824219,2194917.0,,,,
2024-02-01,88.5999984741211,90.4000015258789,88.0,90.4000015258789,958642.0,,,,
2024-02-02,87.4000015258789,89.1500015258789,87.0999984741211,88.75,988968.0,,,,
2024-02-05,86.30000305175781,87.75,85.80000305175781,87.4000015258789,1411220.0,,,,
2024-02-06,86.69999694824219,87.1500015258789,85.80000305175781,86.55000305175781,658509.0,,,,
2024-02-07,86.6500015258789,87.4000015258789,86.3499984741211,86.75,749267.0,,,,
2024-02-08,87.94999694824219,89.0,87.05000305175781,87.6500015258789,1586041.0,,,,
2024-02-09,87.8499984741211,88.5,86.19999694824219,88.0,987749.0,,,,
2024-02-12,85.94999694824219,88.5999984741211,85.5999984741211,88.25,1225543.0,,,,
2024-02-13,85.5999984741211,87.0,85.0,86.80000305175781,1456881.0,,,,
2024-02-14,86.05000305175781,86.80000305175781,84.9000015258789,85.0,665168.0,,,,
2024-02-15,86.25,87.05000305175781,85.44999694824219,86.9000015258789,904591.0,,,,
2024-02-16,88.8499984741211,90.9000015258789,86.0999984741211,86.0999984741211,3470570.0,,,,
2024-02-19,89.75,90.9000015258789,88.4000015258789,89.0,1542150.0,87.38749961853027,,1.545440789009546,
2024-02-20,90.9499969482422,91.5,88.69999694824219,90.0,1666386.0,87.63749961853027,,1.6975885483682922,
2024-02-21,89.25,91.9000015258789,88.6500015258789,91.6999969482422,1902913.0,87.84749946594238,,1.618598337587664,
2024-02-22,88.94999694824219,90.8499984741211,88.44999694824219,89.0,814097.0,87.9949993133545,,1.5752104840552958,
2024-02-23,89.0999984741211,90.1999969482422,88.80000305175781,89.0999984741211,700404.0,87.98499908447266,,1.567103624172065,
2024-02-26,88.0999984741211,91.5999984741211,87.0,90.9499969482422,3232188.0,87.90749893188476,,1.5179856435365684,
2024-02-27,87.94999694824219,89.25,87.0999984741211,88.19999694824219,1549365.0,87.90749893188476,,1.5179856435365684,
2024-02-28,86.44999694824219,88.5,85.55000305175781,88.4000015258789,1072616.0,87.73249893188476,,1.4711495997344637,
2024-02-29,84.5999984741211,88.19999694824219,83.0999984741211,86.69999694824219,5523884.0,87.53249893188476,,1.6121470713451669,
2024-03-01,84.0,85.19999694824219,83.19999694824219,84.6500015258789,1985347.0,87.36249885559081,,1.79567225405476,
2024-03-04,89.80000305175781,90.9499969482422,85.19999694824219,86.0,4527274.0,87.53749885559083,,1.8562039277830584,
2024-03-05,91.6500015258789,98.0,91.3499984741211,93.0,22172280.0,87.78499908447266,,2.057726247856179,
2024-03-06,91.6500015258789,95.6999969482422,89.5,91.8499984741211,5849739.0,88.03499908447266,,2.210626647585298,
2024-03-07,82.19999694824219,89.0,80.9000015258789,89.0,78276730.0,87.74749908447265,,2.567380734604232,
2024-03-11,82.55000305175781,83.9000015258789,82.0,83.0,4075400.0,87.4824993133545,,2.817580094628412,
2024-03-12,79.9000015258789,82.9000015258789,76.5999984741211,82.80000305175781,3685489.0,87.17999954223633,,3.277932445040602,
2024-03-13,73.3499984741211,80.44999694824219,72.4000015258789,79.5,5330241.0,86.56749954223633,,4.50392450121105,
2024-03-14,77.6500015258789,78.5999984741211,72.55000305175781,73.25,4509376.0,86.14749946594239,,4.926551849080656,
2024-03-15,77.3499984741211,78.9000015258789,75.8499984741211,78.0,2228727.0,85.70249938964844,,5.304280125250917,
2024-03-18,79.80000305175781,80.1500015258789,77.0999984741211,78.4000015258789,1373073.0,85.24999961853027,,5.406672081644878,
2024-03-19,78.5,80.94999694824219,78.19999694824219,80.25,995816.0,84.68749961853027,,5.498297934659129,
2024-03-20,77.44999694824219,79.4000015258789,75.9000015258789,79.30000305175781,1398793.0,84.01249961853027,,5.517648218909376,
2024-03-21,81.0999984741211,81.44999694824219,78.44999694824219,78.44999694824219,1587288.0,83.60499954223633,,5.410392153856574,
2024-03-22,83.30000305175781,83.5999984741211,80.4000015258789,80.94999694824219,1482446.0,83.3224998474121,,5.262090968973135,
2024-03-26,80.55000305175781,83.5999984741211,80.0,83.44999694824219,1431616.0,82.89500007629394,,5.11321586398986,
2024-03-27,80.80000305175781,81.94999694824219,78.94999694824219,80.5999984741211,2861085.0,82.53000030517578,,4.980948232048011,
2024-03-28,81.94999694824219,83.0999984741211,80.75,81.44999694824219,1595710.0,82.23000030517578,,4.815255913840306,
2024-04-01,83.25,83.55000305175781,82.0,82.55000305175781,722196.0,82.07000045776367,,4.719874716703822,
2024-04-02,83.94999694824219,84.6500015258789,83.1500015258789,84.0,872815.0,82.03750038146973,,4.703747113393951,
2024-04-03,84.44999694824219,84.94999694824219,83.5,83.9000015258789,1104273.0,82.06000022888183,,4.71469210524406,
2024-04-04,83.44999694824219,85.6500015258789,82.9000015258789,85.1500015258789,1547754.0,81.74249992370605,85.23499954223632,4.367020118568958,4.193498837610375
2024-04-05,83.44999694824219,84.94999694824219,82.6500015258789,83.55000305175781,1044391.0,81.33249969482422,85.18499954223633,3.725738245049148,4.1996992251897485
2024-04-08,82.9000015258789,83.8499984741211,82.5,83.8499984741211,1105434.0,80.89499969482422,85.14199951171875,2.864661979677272,4.212098093882641
2024-04-09,82.75,83.5,82.4000015258789,83.0,654940.0,80.92249984741211,85.07699951171875,2.8804455067638783,4.223648181511709
2024-04-10,86.55000305175781,86.80000305175781,81.05000305175781,82.75,2996231.0,81.12249984741212,85.02199951171875,3.1276558033979827,4.185265028615774
2024-04-12,87.5999984741211,88.75,85.05000305175781,86.55000305175781,3226246.0,81.50749969482422,84.9809994506836,3.42868222598381,4.1488856393818745
2024-04-15,86.80000305175781,87.8499984741211,85.0,85.19999694824219,2378551.0,82.17999992370605,84.9579995727539,3.0416582110942345,4.135255905083231
2024-04-16,87.44999694824219,88.69999694824219,85.8499984741211,87.0,1809724.0,82.66999969482421,84.90799957275391,3.0627816427280417,4.088514878685292
2024-04-18,88.25,90.1500015258789,87.05000305175781,87.44999694824219,2329267.0,83.21499977111816,84.90099960327149,3.035972792887188,4.082359768609472
2024-04-19,87.80000305175781,89.4000015258789,85.3499984741211,86.94999694824219,1385575.0,83.61499977111816,84.90899963378907,3.0889066169294925,4.0877452821579485
2024-04-22,88.0,89.6500015258789,87.25,88.19999694824219,1248734.0,84.08999977111816,84.9429995727539,2.989790012190234,4.106577615914718
2024-04-23,88.19999694824219,89.4000015258789,88.0,88.5,761806.0,84.62749977111817,84.9729995727539,2.6838930515501085,4.125112238887428
2024-04-24,89.4000015258789,90.9000015258789,88.30000305175781,88.9000015258789,1483930.0,85.04249992370606,85.02799957275391,2.750611045959524,4.166057596400309
2024-04-25,90.9000015258789,91.8000030517578,89.0999984741211,89.4000015258789,2209548.0,85.42249984741211,85.08699966430665,3.009960589244614,4.2287018480483605
2024-04-26,90.3000030517578,91.6500015258789,89.80000305175781,91.6500015258789,1416681.0,85.90999984741211,85.13599975585937,2.9685463367220133,4.275309364890801
2024-04-29,91.6500015258789,95.5,91.0500030517578,92.8499984741211,6622652.0,86.45249977111817,85.24999984741211,2.9769510045366845,4.3723506606801
2024-04-30,87.3499984741211,89.80000305175781,86.75,88.80000305175781,76857930.0,86.72249984741211,85.28499984741211,2.785842779150332,4.382202665539043
2024-05-02,88.19999694824219,90.25,87.5,87.94999694824219,4922804.0,86.96999969482422,85.3279997253418,2.678934379817931,4.4003729865358965
2024-05-03,85.75,88.4000015258789,85.30000305175781,88.4000015258789,4193506.0,87.05999984741212,85.31799972534179,2.6012454601263384,4.398802801729008
2024-05-06,83.55000305175781,86.80000305175781,83.19999694824219,86.5,3900966.0,87.01500015258789,85.21199981689453,2.655981767671575,4.375751448896177
2024-05-07,81.1500015258789,84.30000305175781,80.0999984741211,84.1500015258789,6579919.0,86.90000038146972,85.0399998474121,2.8603920043370565,4.362736506337069
2024-05-08,84.19999694824219,84.75,80.4000015258789,81.44999694824219,3938875.0,86.93750038146973,84.90499984741211,2.817374438440592,4.27977281130139
2024-05-09,81.55000305175781,84.0,81.0,83.5,1249427.0,86.87000045776367,84.75099990844727,2.93299722285242,4.258718520999676
2024-05-10,82.75,83.1500015258789,80.5999984741211,82.55000305175781,1234186.0,86.87000045776367,84.62699996948243,2.93299722285242,4.22408331768964
2024-05-13,81.25,83.94999694824219,80.75,83.5,1330080.0,86.60500030517578,84.47,3.1914729041778203,4.200255282608431
2024-05-14,81.5999984741211,82.4000015258789,80.75,82.4000015258789,1037050.0,86.30500030517578,84.34,3.370026617391222,4.186177686077746
2024-05-15,82.3499984741211,83.0999984741211,81.8499984741211,82.4000015258789,2443217.0,86.08250007629394,84.22800003051758,3.480709193949563,4.162468179200122
2024-05-16,81.5,83.55000305175781,81.0,83.0,2026343.0,85.78500022888184,84.12900009155274,3.6095671808935945,4.167404101386013
2024-05-17,81.9000015258789,82.6500015258789,81.69999694824219,82.30000305175781,796044.0,85.46750030517578,84.07500015258789,3.6602516195788,4.178654176780626
2024-05-21,81.69999694824219,83.5,81.4000015258789,83.5,1152611.0,85.1625,84.02900009155273,3.709478649795641,4.1921345219209405
2024-05-22,82.80000305175781,83.69999694824219,81.9000015258789,82.19999694824219,1493198.0,84.90250015258789,83.88900009155273,3.6822646948788487,4.111585322141727
2024-05-23,82.25,83.25,82.0,83.0,925708.0,84.60500030517578,83.70100006103516,3.6419669435318736,3.9616465775469374
2024-05-24,83.44999694824219,84.25,82.75,83.0,1449486.0,84.30750007629395,83.53699996948242,3.468553539431019,3.791960113017737
2024-05-27,82.75,84.0,82.5,84.0,878900.0,83.9,83.54800003051758,3.113890901169829,3.788798892232093
2024-05-28,81.94999694824219,83.9000015258789,81.6500015258789,83.9000015258789,1032285.0,83.48249969482421,83.53599990844727,2.749031954843832,3.792972209656343
2024-05-29,82.1500015258789,82.4000015258789,81.5,81.80000305175781,566866.0,83.00749969482422,83.58099990844727,1.9753923300696437,3.762176227187932
2024-05-30,81.25,82.44999694824219,81.05000305175781,81.9000015258789,686532.0,82.70249977111817,83.73899993896484,1.7246255544192444,3.478964477642744
2024-05-31,81.19999694824219,81.69999694824219,80.5,81.25,1190252.0,82.35249977111816,83.80999984741212,1.1719837495825915,3.3871759447701915
2024-06-03,82.44999694824219,87.3499984741211,81.9000015258789,85.0,1401897.0,82.18749961853027,83.91199981689454,0.8589886698487889,3.263192607269477
2024-06-04,80.05000305175781,82.69999694824219,77.05000305175781,82.44999694824219,2356639.0,82.01249961853027,83.91699981689453,0.9210790334411127,3.256949008116877
2024-06-05,82.05000305175781,82.3499984741211,79.0,82.0999984741211,1359250.0,82.05749969482422,83.98799987792968,0.8984298742923565,3.174091111122537
2024-06-06,83.25,84.8499984741211,82.44999694824219,82.5,1302273.0,82.0099998474121,84.10399993896485,0.7987815170705216,3.033130751088925
2024-06-07,84.5999984741211,84.8499984741211,83.0999984741211,84.19999694824219,1204342.0,82.16249961853028,84.17399993896484,0.9774929952306762,3.002622035287662
2024-06-10,85.0199966430664,86.55000305175781,83.0999984741211,84.94999694824219,2465043.0,82.2759994506836,84.20839981079102,1.1634080351279272,3.0022572717342446
2024-06-11,84.95999908447266,85.62999725341797,84.01000213623047,85.0199966430664,1051895.0,82.46149940490723,84.29659973144531,1.28103209559284,2.9570253975288416
2024-06-12,84.86000061035156,86.3499984741211,84.61000061035156,84.93000030517578,1425181.0,82.62449951171875,84.3777996826172,1.3699609070719194,2.914487113091115
2024-06-13,85.08999633789062,86.75,84.79000091552734,85.4000015258789,2051475.0,82.76149940490723,84.44059967041015,1.474110065460525,2.8948699435794314
2024-06-14,86.19000244140625,86.58999633789062,85.0,85.38999938964844,1617509.0,82.99599952697754,84.49939971923828,1.627889421345276,2.9000469303543204
2024-06-18,86.47000122070312,87.30000305175781,85.75,86.75,3436047.0,83.22449951171875,84.5497998046875,1.7796168523691522,2.912176253905532
2024-06-19,86.27999877929688,87.75,85.30000305175781,86.69999694824219,1905749.0,83.45349960327148,84.58639984130859,1.8657132621260704,2.92237814083787
2024-06-20,86.86000061035156,87.5,85.4800033569336,86.58999633789062,3975505.0,83.65649948120117,84.65459991455079,2.0064349886853643,2.935078806181916
2024-06-21,85.22000122070312,87.2699966430664,85.0,87.19999694824219,1615056.0,83.80499954223633,84.69,2.006766152805275,2.9309246446369936
2024-06-24,85.62000274658203,87.5,84.0,85.0,1600373.0,83.91349983215332,84.74440002441406,2.0448634104513714,2.9222527192148338
2024-06-25,84.93000030517578,86.54000091552734,84.62000274658203,85.62999725341797,1738597.0,84.0224998474121,84.78800003051758,2.0376687177980046,2.90811761395507
2024-06-26,84.36000061035156,85.7699966430664,84.0999984741211,85.0,1375255.0,84.14300003051758,84.74419998168945,1.979074941823313,2.897510759312052
2024-06-27,82.5999984741211,85.36000061035156,82.3499984741211,84.94999694824219,1873401.0,84.16549987792969,84.64419998168945,1.957666451652453,2.8831844515163243
2024-06-28,82.33999633789062,83.93000030517578,82.12999725341797,83.56999969482422,1007902.0,84.21999969482422,84.5549998474121,1.886093425969761,2.884118762766098
2024-07-01,83.88999938964844,84.1500015258789,82.33999633789062,82.33999633789062,767787.0,84.35449981689453,84.48379989624023,1.7504329956591724,2.854987246091459
2024-07-02,82.72000122070312,84.3499984741211,82.4000015258789,84.30000305175781,1115804.0,84.36800003051758,84.3731999206543,1.7359527513343969,2.8129139565044734
2024-07-03,83.62999725341797,83.9000015258789,82.70999908447266,83.9000015258789,694770.0,84.54699974060058,84.2897998046875,1.4237799839026584,2.7707412731947807
2024-07-04,83.25,83.94999694824219,82.20999908447266,83.8499984741211,1484766.0,84.6069995880127,84.1947998046875,1.3355672092472182,2.721935464944456
2024-07-05,83.45999908447266,83.77999877929688,82.2300033569336,83.0,1271351.0,84.61749954223633,84.0999998474121,1.3251218996635767,2.661466058456624
2024-07-08,83.94999694824219,84.2699966430664,81.9000015258789,83.05000305175781,1737780.0,84.58499946594239,83.99099975585938,1.3335181260349935,2.549209999738605
2024-07-09,83.18000030517578,84.19999694824219,82.81999969482422,84.19999694824219,985043.0,84.49299964904785,83.83659973144532,1.365026740210234,2.3480628393944865
2024-07-10,82.37000274658203,83.73999786376953,81.20999908447266,83.19000244140625,1785896.0,84.36349983215332,83.67799972534179,1.4392301551792634,2.1631146380393265
2024-07-11,81.93000030517578,83.13999938964844,81.31999969482422,82.75,2540326.0,84.21699981689453,83.48359970092774,1.5321544375160416,1.8454981226704268
2024-07-12,81.9000015258789,82.5,81.36000061035156,81.80000305175781,1272890.0,84.05750007629395,83.37459976196288,1.600986570795244,1.7719584293401591
2024-07-15,82.04000091552734,82.44000244140625,81.0199966430664,82.44000244140625,1196490.0,83.85,83.2513998413086,1.578833894978274,1.6387512800989128
2024-07-16,81.30999755859375,82.5,81.11000061035156,81.6500015258789,1065387.0,83.59199981689453,83.16259979248046,1.5494912069336468,1.620793140309163
2024-07-18,81.0999984741211,82.19999694824219,80.20999908447266,81.30999755859375,1299456.0,83.33299980163574,83.11359970092774,1.508932161974119,1.6456854055289531
2024-07-19,81.12000274658203,82.04000091552734,79.81999969482422,80.5,1562280.0,83.04599990844727,83.1129997253418,1.3391059784040071,1.6464211978103551
2024-07-22,80.05000305175781,80.69999694824219,78.70999908447266,80.0,1512894.0,82.7875,83.02999984741211,1.395182746241867,1.6944108117051435
2024-07-23,82.01000213623047,82.5,78.30000305175781,79.8499984741211,1422284.0,82.60699996948242,83.03919982910156,1.233608077983235,1.687445507962846
2024-07-24,81.81999969482422,83.55000305175781,81.23999786376953,81.51000213623047,1447288.0,82.45149993896484,83.02059982299805,1.1157584768385926,1.695803097865447
2024-07-25,80.75,81.37000274658203,80.20999908447266,80.20999908447266,740756.0,82.27099990844727,83.01059982299805,1.0822623624753565,1.7078884146791655
2024-07-26,82.30999755859375,82.73999786376953,81.0,81.0,1415093.0,82.25649986267089,83.0247998046875,1.0795618101642053,1.698848496002971
2024-07-29,83.81999969482422,84.94999694824219,83.01000213623047,84.0,2136538.0,82.33050003051758,83.05419982910156,1.134892990649398,1.6996517792457455
2024-07-30,82.41999816894531,84.94999694824219,82.30000305175781,84.94999694824219,1557606.0,82.25699996948242,83.07259979248047,1.074576694882,1.687418866187541
2024-07-31,84.7300033569336,85.94999694824219,82.52999877929688,82.5999984741211,3110943.0,82.35750007629395,83.12919982910157,1.206101954248891,1.6947310950483567
2024-08-01,84.16999816894531,85.38999938964844,83.8499984741211,84.75,1254215.0,82.3845001220703,83.17859985351562,1.2416092439261504,1.6882074960159985
2024-08-02,82.5999984741211,83.98999786376953,81.36000061035156,82.19999694824219,1398736.0,82.35200004577636,83.1745997619629,1.2261729331823834,1.6893594179749971
2024-08-05,80.12000274658203,81.4800033569336,79.98999786376953,81.0,2001493.0,82.18500022888183,83.13199981689453,1.2929540325674542,1.7392689488925064
2024-08-06,80.38999938964844,82.19999694824219,80.0,81.0,1016040.0,82.00700035095215,83.07079986572266,1.282185796926349,1.7811824770949831
2024-08-07,80.83000183105469,82.4000015258789,80.0,82.4000015258789,1496776.0,81.88950042724609,83.03239990234376,1.2766996910366346,1.808723054114336
2024-08-08,81.05000305175781,81.80000305175781,80.44999694824219,81.80000305175781,757512.0,81.82350044250488,83.01440002441406,1.2846468555418111,1.824127281271344
2024-08-09,81.2699966430664,82.0,81.02999877929688,81.80000305175781,623126.0,81.79050025939941,82.99679992675782,1.2902320745786702,1.836838715084067
2024-08-12,81.58000183105469,82.47000122070312,80.33999633789062,81.0,770513.0,81.77450027465821,83.00339996337891,1.2907867121684211,1.8310177588726808
2024-08-13,81.45999908447266,82.0,81.01000213623047,81.0999984741211,944824.0,81.74550018310546,83.00860000610352,1.291023190546037,1.826154359257018
2024-08-14,84.61000061035156,85.1500015258789,80.8499984741211,81.45999908447266,3134928.0,81.91050033569336,83.0518000793457,1.435256731970767,1.8381794545561485
2024-08-16,84.11000061035156,86.20999908447266,84.0,86.20999908447266,1004785.0,82.06100044250488,83.13300003051758,1.5020540041150614,1.7919639950369737
2024-08-19,84.36000061035156,85.38999938964844,83.4000015258789,85.0,902899.0,82.22300033569336,83.17919998168945,1.5684756964116842,1.7932500378171583
2024-08-20,84.62000274658203,85.1500015258789,83.5,85.0,786326.0,82.45150032043458,83.2066000366211,1.5681310145273215,1.804783332705954
2024-08-21,86.01000213623047,89.69999694824219,83.87000274658203,84.69999694824219,8319997.0,82.65150032043456,83.23480010986329,1.7530376226498885,1.837715101626568
2024-08-22,86.5999984741211,87.80000305175781,86.19999694824219,86.19999694824219,1691678.0,82.89050025939942,83.26640014648437,1.9486365298636752,1.882087140381555
2024-08-23,84.55999755859375,86.79000091552734,83.70999908447266,86.79000091552734,1309924.0,83.0810001373291,83.2584001159668,1.9142976998114736,1.8755802643499813
2024-08-26,84.98999786376953,85.9000015258789,84.02999877929688,85.0,2204931.0,83.21500015258789,83.26100006103516,1.9509361484050467,1.877934349897934
2024-08-27,,,,,,,,,
2024-08-28,87.08000183105469,89.19000244140625,86.11000061035156,87.0,3897333.0,,,,
2024-08-29,83.94999694824219,87.2699966430664,83.01000213623047,86.75,1649833.0,,,,
2024-08-30,84.37999725341797,85.56999969482422,83.75,84.55000305175781,4028238.0,,,,
2024-09-02,83.88999938964844,85.0,83.69999694824219,84.36000061035156,830921.0,,,,
2024-09-03,83.79000091552734,84.83999633789062,83.5,83.88999938964844,813023.0,,,,
2024-09-04,84.2699966430664,87.30000305175781,83.25,84.0,3123215.0,,,,
2024-09-05,84.02999877929688,85.0,83.69000244140625,84.9000015258789,2294139.0,,,,
2024-09-06,82.52999877929688,84.80000305175781,82.0,84.25,1554684.0,,,,
2024-09-09,82.4800033569336,83.4000015258789,81.11000061035156,83.4000015258789,1074362.0,,,,
2024-09-10,86.16000366210938,86.8499984741211,82.5999984741211,82.5999984741211,3100508.0,,,,
2024-09-11,83.97000122070312,86.69999694824219,83.5,86.5999984741211,1396727.0,,,,
2024-09-12,84.16999816894531,84.73999786376953,83.20999908447266,84.3499984741211,942516.0,,,,
2024-09-13,83.7699966430664,84.6500015258789,83.69999694824219,84.58999633789062,1179017.0,,,,
2024-09-16,86.36000061035156,86.9000015258789,83.81999969482422,84.5999984741211,2390186.0,,,,
2024-09-17,86.80999755859375,88.30000305175781,84.95999908447266,86.16000366210938,4078744.0,,,,
2024-09-18,86.98999786376953,87.5999984741211,86.01000213623047,87.38999938964844,1889866.0,,,,
2024-09-19,87.54000091552734,89.25,86.2699966430664,87.0999984741211,4425789.0,,,,
2024-09-20,88.18000030517578,89.0,87.55000305175781,87.55000305175781,2562404.0,,,,
2024-09-23,105.62000274658205,105.80999755859376,92.58000183105467,93.98999786376952,121157600.0,,,,
2024-09-24,97.9499969482422,105.4000015258789,97.5,104.0,33719480.0,86.69599952697754,,5.563278886738859,
2024-09-25,93.5,99.5999984741211,92.33999633789062,98.63999938964844,14699830.0,87.01699943542481,,5.768049534899085,
2024-09-26,90.91000366210938,95.0,89.91000366210938,93.16000366210938,13594570.0,87.36499977111816,,5.783208025617131,
2024-09-27,93.7300033569336,96.5,92.36000061035156,92.5999984741211,21106640.0,87.83250007629394,,5.905823647685487,
2024-09-30,94.47000122070312,95.29000091552734,91.5,93.7300033569336,5235747.0,88.36150016784669,,6.007068617072967,
2024-10-01,92.83999633789062,96.0,92.25,94.5500030517578,5099967.0,88.81399993896484,,5.985402399118675,
2024-10-03,89.66999816894531,92.3000030517578,89.33000183105469,91.45999908447266,5344475.0,89.0840000152588,,5.890682034949926,
2024-10-04,90.4000015258789,92.0,87.87000274658203,89.5,4058506.0,89.40250015258789,,5.77409207551524,
2024-10-07,86.51000213623047,91.91000366210938,85.9000015258789,90.9499969482422,6170579.0,89.60150032043457,,5.59043306366338,
2024-10-08,90.37000274658205,91.05999755859376,85.0999984741211,85.0999984741211,4440497.0,89.99600028991699,,5.333943773538443,
2024-10-09,89.04000091552734,92.37000274658205,88.69999694824219,91.0,2497924.0,90.14000015258787,,5.263341508527677,
2024-10-10,88.91000366210938,91.29000091552734,88.5999984741211,89.9000015258789,2169719.0,90.3870002746582,,5.070950996729946,
2024-10-11,89.91999816894531,90.5500030517578,88.25,88.25,1874376.0,90.6745002746582,,4.858471640762595,
2024-10-14,89.87000274658203,91.0999984741211,89.01000213623047,89.91999816894531,1739048.0,90.97950057983398,,4.586047083265674,
2024-10-15,89.05999755859375,90.76000213623048,87.70999908447266,90.19000244140624,1566180.0,91.1145004272461,,4.481452665405543,
2024-10-16,90.1999969482422,91.5,88.3499984741211,88.3499984741211,2403939.0,91.28400039672852,,4.372870361233425,
2024-10-17,88.0199966430664,90.48999786376952,87.75,90.1999969482422,1637552.0,91.33550033569335,,4.3254456819561895,
2024-10-18,87.52999877929688,88.19999694824219,85.0199966430664,88.19999694824219,2318299.0,91.33500022888184,,4.325908166583938,
2024-10-21,84.58000183105469,88.2699966430664,84.2300033569336,87.52999877929688,2004014.0,91.15500030517578,,4.533989339213975,
2024-10-22,81.97000122070312,85.2300033569336,81.55999755859375,84.69999694824219,2178311.0,89.97250022888184,,3.5373638056519248,
2024-10-23,81.2300033569336,82.44000244140625,79.01000213623047,79.2699966430664,4461798.0,89.13650054931641,,3.5285213806556843,
2024-10-24,80.55999755859375,82.36000061035156,79.7300033569336,82.0,2494931.0,88.4895004272461,,3.85734359423495,
2024-10-25,78.83000183105469,81.19999694824219,77.61000061035156,81.19000244140625,2453234.0,87.88550033569337,,4.370075559286859,
2024-10-28,81.33999633789062,82.88999938964844,79.22000122070312,81.0999984741211,3873824.0,87.26599998474121,,4.37615212382932,
2024-10-29,84.79000091552734,85.19999694824219,80.41000366210938,82.0,3606282.0,86.78199996948243,,4.061444247235344,
2024-10-30,,,,,,,,,
2024-10-31,86.83999633789062,87.3499984741211,83.33000183105469,83.69999694824219,3338782.0,,,,
2024-11-01,86.9800033569336,88.36000061035156,86.0,87.44999694824219,842915.0,,,,
2024-11-04,84.9000015258789,87.0,83.47000122070312,87.0,1571185.0,,,,
2024-11-05,,,,,,,,,
2024-11-06,85.52999877929688,85.95999908447266,84.95999908447266,85.0,1128674.0,,,,
2024-11-07,85.79000091552734,86.94000244140625,84.95999908447266,85.69999694824219,1232096.0,,,,
2024-11-08,84.80999755859375,86.4000015258789,84.4800033569336,86.0,949598.0,,,,
2024-11-11,84.36000061035156,85.44999694824219,83.51000213623047,84.25,1231605.0,,,,
2024-11-12,83.62000274658203,85.23999786376953,83.11000061035156,84.01000213623047,835920.0,,,,
2024-11-13,81.86000061035156,84.08999633789062,81.2300033569336,83.16999816894531,2048183.0,,,,
2024-11-14,82.91000366210938,83.69000244140625,81.5,82.30000305175781,1025387.0,,,,
2024-11-18,83.80999755859375,84.58000183105469,82.69000244140625,83.0999984741211,1491604.0,,,,
2024-11-19,84.41999816894531,85.62999725341797,83.55000305175781,83.86000061035156,1537024.0,,,,
2024-11-21,84.55000305175781,85.11000061035156,83.63999938964844,84.83999633789062,1093088.0,,,,
2024-11-22,84.2699966430664,85.4800033569336,83.30000305175781,85.19999694824219,1337697.0,,,,
2024-11-25,87.93000030517578,93.58999633789062,85.26000213623047,85.30000305175781,6090967.0,,,,
2024-11-26,87.62999725341797,89.0999984741211,87.01000213623047,88.68000030517578,1634460.0,,,,
2024-11-27,85.73999786376953,87.3499984741211,85.01000213623047,87.20999908447266,1675993.0,,,,
2024-11-28,85.44000244140625,87.37999725341797,84.98999786376953,85.80999755859375,1187072.0,,,,
2024-11-29,86.91999816894531,88.27999877929688,84.66999816894531,85.19999694824219,2379019.0,,,,
2024-12-02,85.91000366210938,87.4000015258789,85.43000030517578,87.0,1475012.0,,,,
2024-12-03,87.91000366210938,89.26000213623047,85.91000366210938,85.91000366210938,2535849.0,,,,
2024-12-04,87.69000244140625,88.58000183105469,87.20999908447266,87.91999816894531,980722.0,,,,
2024-12-05,87.30000305175781,88.80999755859375,86.91000366210938,87.9800033569336,1011941.0,85.42000045776368,,1.750103913079444,
2024-12-06,87.12999725341797,88.0,86.62999725341797,87.30000305175781,908700.0,85.50000038146973,,1.791476898502459,
2024-12-09,89.54000091552734,92.75,86.66000366210938,87.12999725341797,6515037.0,85.68750038146973,,2.006735750638511,
2024-12-10,93.37000274658205,94.5,88.80000305175781,89.80000305175781,5025995.0,86.11550064086914,,2.626784366260728,
2024-12-11,94.16000366210938,95.4000015258789,92.4000015258789,93.55999755859376,3685250.0,86.60550079345703,,3.1450058282991376,
2024-12-12,92.0,94.5500030517578,91.8000030517578,94.4000015258789,1712445.0,87.02450065612793,,3.2815783826160616,
2024-12-13,92.23999786376952,94.12000274658205,90.80999755859376,92.0,3100552.0,87.54350051879882,,3.242387929279831,
2024-12-16,92.06999969482422,93.33999633789062,91.0199966430664,93.0,1387457.0,88.00150032043457,,3.200108020368344,
2024-12-17,88.45999908447266,93.0,88.0999984741211,91.6500015258789,3649856.0,88.23400039672852,,3.0446980275732547,
2024-12-18,87.54000091552734,89.97000122070312,86.9800033569336,88.44999694824219,1314603.0,88.39000053405762,,2.9162145337703835,
2024-12-19,86.75,87.43000030517578,85.52999877929688,85.98999786376953,996102.0,88.50000038146973,,2.803042132093414,
2024-12-20,84.54000091552734,87.97000122070312,84.2300033569336,87.0999984741211,1639521.0,88.51350059509278,,2.7821695218652804,
2024-12-23,85.08999633789062,85.51000213623047,83.70999908447266,84.91999816894531,1091973.0,88.37150039672852,,2.884126296632038,
2024-12-24,85.62999725341797,85.86000061035156,84.69999694824219,85.08999633789062,684328.0,88.27150039672851,,2.9452148342407782,
2024-12-26,87.02999877929688,87.33999633789062,85.55999755859375,85.62999725341797,1359761.0,88.33600044250488,,2.9006454277263978,
2024-12-27,89.12999725341797,90.3000030517578,86.8499984741211,87.02999877929688,2406114.0,88.52050018310547,,2.823062516582691,
2024-12-30,89.37000274658203,91.6500015258789,88.20999908447266,88.93000030517578,2306534.0,88.6430004119873,,2.803042325239995,
2024-12-31,90.70999908447266,91.5,87.80000305175781,88.95999908447266,4996349.0,88.88300018310547,,2.761912892973833,
2025-01-01,89.77999877929688,91.5,89.51000213623047,90.9499969482422,808124.0,88.97649993896485,,2.758891214199055,
2025-01-02,91.16000366210938,92.19000244140624,89.69999694824219,90.0,1902054.0,89.15,,2.782735318257606,
2025-01-03,89.75,91.93000030517578,89.51000213623047,91.12000274658205,810498.0,89.2724998474121,,2.7507519375547345,
2025-01-06,86.55000305175781,91.70999908447266,86.11000061035156,89.75,2441146.0,89.24350013732911,,2.777455670124612,
2025-01-07,90.62999725341795,91.16999816894533,86.63999938964844,86.95999908447266,1800107.0,89.29799995422363,,2.794223335564581,
2025-01-08,88.87999725341797,90.62999725341795,88.55000305175781,90.25,890894.0,89.07349967956543,,2.625096579493832,
2025-01-09,87.02999877929688,89.27999877929688,86.4000015258789,88.94999694824219,605113.0,88.71699943542481,,2.369688339104304,
