Date_Ticker,Close_IREDA.NS,High_IREDA.NS,Low_IREDA.NS,Open_IREDA.NS,Volume_IREDA.NS,MA_20_Unnamed: 6_level_1,MA_50_Unnamed: 7_level_1,Volatility_20_Unnamed: 8_level_1,Volatility_50_Unnamed: 9_level_1
Date,,,,,,,,,
2020-01-10,,,,,,,,,
2020-01-13,,,,,,,,,
2020-01-14,,,,,,,,,
2020-01-15,,,,,,,,,
2020-01-16,,,,,,,,,
2020-01-17,,,,,,,,,
2020-01-20,,,,,,,,,
2020-01-21,,,,,,,,,
2020-01-22,,,,,,,,,
2020-01-23,,,,,,,,,
2020-01-24,,,,,,,,,
2020-01-27,,,,,,,,,
2020-01-28,,,,,,,,,
2020-01-29,,,,,,,,,
2020-01-30,,,,,,,,,
2020-01-31,,,,,,,,,
2020-02-03,,,,,,,,,
2020-02-04,,,,,,,,,
2020-02-05,,,,,,,,,
2020-02-06,,,,,,,,,
2020-02-07,,,,,,,,,
2020-02-10,,,,,,,,,
2020-02-11,,,,,,,,,
2020-02-12,,,,,,,,,
2020-02-13,,,,,,,,,
2020-02-14,,,,,,,,,
2020-02-17,,,,,,,,,
2020-02-18,,,,,,,,,
2020-02-19,,,,,,,,,
2020-02-20,,,,,,,,,
2020-02-24,,,,,,,,,
2020-02-25,,,,,,,,,
2020-02-26,,,,,,,,,
2020-02-27,,,,,,,,,
2020-02-28,,,,,,,,,
2020-03-02,,,,,,,,,
2020-03-03,,,,,,,,,
2020-03-04,,,,,,,,,
2020-03-05,,,,,,,,,
2020-03-06,,,,,,,,,
2020-03-09,,,,,,,,,
2020-03-11,,,,,,,,,
2020-03-12,,,,,,,,,
2020-03-13,,,,,,,,,
2020-03-16,,,,,,,,,
2020-03-17,,,,,,,,,
2020-03-18,,,,,,,,,
2020-03-19,,,,,,,,,
2020-03-20,,,,,,,,,
2020-03-23,,,,,,,,,
2020-03-24,,,,,,,,,
2020-03-25,,,,,,,,,
2020-03-26,,,,,,,,,
2020-03-27,,,,,,,,,
2020-03-30,,,,,,,,,
2020-03-31,,,,,,,,,
2020-04-01,,,,,,,,,
2020-04-03,,,,,,,,,
2020-04-07,,,,,,,,,
2020-04-08,,,,,,,,,
2020-04-09,,,,,,,,,
2020-04-13,,,,,,,,,
2020-04-15,,,,,,,,,
2020-04-16,,,,,,,,,
2020-04-17,,,,,,,,,
2020-04-20,,,,,,,,,
2020-04-21,,,,,,,,,
2020-04-22,,,,,,,,,
2020-04-23,,,,,,,,,
2020-04-24,,,,,,,,,
2020-04-27,,,,,,,,,
2020-04-28,,,,,,,,,
2020-04-29,,,,,,,,,
2020-04-30,,,,,,,,,
2020-05-04,,,,,,,,,
2020-05-05,,,,,,,,,
2020-05-06,,,,,,,,,
2020-05-07,,,,,,,,,
2020-05-08,,,,,,,,,
2020-05-11,,,,,,,,,
2020-05-12,,,,,,,,,
2020-05-13,,,,,,,,,
2020-05-14,,,,,,,,,
2020-05-15,,,,,,,,,
2020-05-18,,,,,,,,,
2020-05-19,,,,,,,,,
2020-05-20,,,,,,,,,
2020-05-21,,,,,,,,,
2020-05-22,,,,,,,,,
2020-05-26,,,,,,,,,
2020-05-27,,,,,,,,,
2020-05-28,,,,,,,,,
2020-05-29,,,,,,,,,
2020-06-01,,,,,,,,,
2020-06-02,,,,,,,,,
2020-06-03,,,,,,,,,
2020-06-04,,,,,,,,,
2020-06-05,,,,,,,,,
2020-06-08,,,,,,,,,
2020-06-09,,,,,,,,,
2020-06-10,,,,,,,,,
2020-06-11,,,,,,,,,
2020-06-12,,,,,,,,,
2020-06-15,,,,,,,,,
2020-06-16,,,,,,,,,
2020-06-17,,,,,,,,,
2020-06-18,,,,,,,,,
2020-06-19,,,,,,,,,
2020-06-22,,,,,,,,,
2020-06-23,,,,,,,,,
2020-06-24,,,,,,,,,
2020-06-25,,,,,,,,,
2020-06-26,,,,,,,,,
2020-06-29,,,,,,,,,
2020-06-30,,,,,,,,,
2020-07-01,,,,,,,,,
2020-07-02,,,,,,,,,
2020-07-03,,,,,,,,,
2020-07-06,,,,,,,,,
2020-07-07,,,,,,,,,
2020-07-08,,,,,,,,,
2020-07-09,,,,,,,,,
2020-07-10,,,,,,,,,
2020-07-13,,,,,,,,,
2020-07-14,,,,,,,,,
2020-07-15,,,,,,,,,
2020-07-16,,,,,,,,,
2020-07-17,,,,,,,,,
2020-07-20,,,,,,,,,
2020-07-21,,,,,,,,,
2020-07-22,,,,,,,,,
2020-07-23,,,,,,,,,
2020-07-24,,,,,,,,,
2020-07-27,,,,,,,,,
2020-07-28,,,,,,,,,
2020-07-29,,,,,,,,,
2020-07-30,,,,,,,,,
2020-07-31,,,,,,,,,
2020-08-03,,,,,,,,,
2020-08-04,,,,,,,,,
2020-08-05,,,,,,,,,
2020-08-06,,,,,,,,,
2020-08-07,,,,,,,,,
2020-08-10,,,,,,,,,
2020-08-11,,,,,,,,,
2020-08-12,,,,,,,,,
2020-08-13,,,,,,,,,
2020-08-14,,,,,,,,,
2020-08-17,,,,,,,,,
2020-08-18,,,,,,,,,
2020-08-19,,,,,,,,,
2020-08-20,,,,,,,,,
2020-08-21,,,,,,,,,
2020-08-24,,,,,,,,,
2020-08-25,,,,,,,,,
2020-08-26,,,,,,,,,
2020-08-27,,,,,,,,,
2020-08-28,,,,,,,,,
2020-08-31,,,,,,,,,
2020-09-01,,,,,,,,,
2020-09-02,,,,,,,,,
2020-09-03,,,,,,,,,
2020-09-04,,,,,,,,,
2020-09-07,,,,,,,,,
2020-09-08,,,,,,,,,
2020-09-09,,,,,,,,,
2020-09-10,,,,,,,,,
2020-09-11,,,,,,,,,
2020-09-14,,,,,,,,,
2020-09-15,,,,,,,,,
2020-09-16,,,,,,,,,
2020-09-17,,,,,,,,,
2020-09-18,,,,,,,,,
2020-09-21,,,,,,,,,
2020-09-22,,,,,,,,,
2020-09-23,,,,,,,,,
2020-09-24,,,,,,,,,
2020-09-25,,,,,,,,,
2020-09-28,,,,,,,,,
2020-09-29,,,,,,,,,
2020-09-30,,,,,,,,,
2020-10-01,,,,,,,,,
2020-10-05,,,,,,,,,
2020-10-06,,,,,,,,,
2020-10-07,,,,,,,,,
2020-10-08,,,,,,,,,
2020-10-09,,,,,,,,,
2020-10-12,,,,,,,,,
2020-10-13,,,,,,,,,
2020-10-14,,,,,,,,,
2020-10-15,,,,,,,,,
2020-10-16,,,,,,,,,
2020-10-19,,,,,,,,,
2020-10-20,,,,,,,,,
2020-10-21,,,,,,,,,
2020-10-22,,,,,,,,,
2020-10-23,,,,,,,,,
2020-10-26,,,,,,,,,
2020-10-27,,,,,,,,,
2020-10-28,,,,,,,,,
2020-10-29,,,,,,,,,
2020-10-30,,,,,,,,,
2020-11-02,,,,,,,,,
2020-11-03,,,,,,,,,
2020-11-04,,,,,,,,,
2020-11-05,,,,,,,,,
2020-11-06,,,,,,,,,
2020-11-09,,,,,,,,,
2020-11-10,,,,,,,,,
2020-11-11,,,,,,,,,
2020-11-12,,,,,,,,,
2020-11-13,,,,,,,,,
2020-11-14,,,,,,,,,
2020-11-17,,,,,,,,,
2020-11-18,,,,,,,,,
2020-11-19,,,,,,,,,
2020-11-20,,,,,,,,,
2020-11-23,,,,,,,,,
2020-11-24,,,,,,,,,
2020-11-25,,,,,,,,,
2020-11-26,,,,,,,,,
2020-11-27,,,,,,,,,
2020-12-01,,,,,,,,,
2020-12-02,,,,,,,,,
2020-12-03,,,,,,,,,
2020-12-04,,,,,,,,,
2020-12-07,,,,,,,,,
2020-12-08,,,,,,,,,
2020-12-09,,,,,,,,,
2020-12-10,,,,,,,,,
2020-12-11,,,,,,,,,
2020-12-14,,,,,,,,,
2020-12-15,,,,,,,,,
2020-12-16,,,,,,,,,
2020-12-17,,,,,,,,,
2020-12-18,,,,,,,,,
2020-12-21,,,,,,,,,
2020-12-22,,,,,,,,,
2020-12-23,,,,,,,,,
2020-12-24,,,,,,,,,
2020-12-28,,,,,,,,,
2020-12-29,,,,,,,,,
2020-12-30,,,,,,,,,
2020-12-31,,,,,,,,,
2021-01-01,,,,,,,,,
2021-01-04,,,,,,,,,
2021-01-05,,,,,,,,,
2021-01-06,,,,,,,,,
2021-01-07,,,,,,,,,
2021-01-08,,,,,,,,,
2021-01-11,,,,,,,,,
2021-01-12,,,,,,,,,
2021-01-13,,,,,,,,,
2021-01-14,,,,,,,,,
2021-01-15,,,,,,,,,
2021-01-18,,,,,,,,,
2021-01-19,,,,,,,,,
2021-01-20,,,,,,,,,
2021-01-21,,,,,,,,,
2021-01-22,,,,,,,,,
2021-01-25,,,,,,,,,
2021-01-27,,,,,,,,,
2021-01-28,,,,,,,,,
2021-01-29,,,,,,,,,
2021-02-01,,,,,,,,,
2021-02-02,,,,,,,,,
2021-02-03,,,,,,,,,
2021-02-04,,,,,,,,,
2021-02-05,,,,,,,,,
2021-02-08,,,,,,,,,
2021-02-09,,,,,,,,,
2021-02-10,,,,,,,,,
2021-02-11,,,,,,,,,
2021-02-12,,,,,,,,,
2021-02-15,,,,,,,,,
2021-02-16,,,,,,,,,
2021-02-17,,,,,,,,,
2021-02-18,,,,,,,,,
2021-02-19,,,,,,,,,
2021-02-22,,,,,,,,,
2021-02-23,,,,,,,,,
2021-02-24,,,,,,,,,
2021-02-25,,,,,,,,,
2021-02-26,,,,,,,,,
2021-03-01,,,,,,,,,
2021-03-02,,,,,,,,,
2021-03-03,,,,,,,,,
2021-03-04,,,,,,,,,
2021-03-05,,,,,,,,,
2021-03-08,,,,,,,,,
2021-03-09,,,,,,,,,
2021-03-10,,,,,,,,,
2021-03-12,,,,,,,,,
2021-03-15,,,,,,,,,
2021-03-16,,,,,,,,,
2021-03-17,,,,,,,,,
2021-03-18,,,,,,,,,
2021-03-19,,,,,,,,,
2021-03-22,,,,,,,,,
2021-03-23,,,,,,,,,
2021-03-24,,,,,,,,,
2021-03-25,,,,,,,,,
2021-03-26,,,,,,,,,
2021-03-30,,,,,,,,,
2021-03-31,,,,,,,,,
2021-04-01,,,,,,,,,
2021-04-05,,,,,,,,,
2021-04-06,,,,,,,,,
2021-04-07,,,,,,,,,
2021-04-08,,,,,,,,,
2021-04-09,,,,,,,,,
2021-04-12,,,,,,,,,
2021-04-13,,,,,,,,,
2021-04-15,,,,,,,,,
2021-04-16,,,,,,,,,
2021-04-19,,,,,,,,,
2021-04-20,,,,,,,,,
2021-04-22,,,,,,,,,
2021-04-23,,,,,,,,,
2021-04-26,,,,,,,,,
2021-04-27,,,,,,,,,
2021-04-28,,,,,,,,,
2021-04-29,,,,,,,,,
2021-04-30,,,,,,,,,
2021-05-03,,,,,,,,,
2021-05-04,,,,,,,,,
2021-05-05,,,,,,,,,
2021-05-06,,,,,,,,,
2021-05-07,,,,,,,,,
2021-05-10,,,,,,,,,
2021-05-11,,,,,,,,,
2021-05-12,,,,,,,,,
2021-05-14,,,,,,,,,
2021-05-17,,,,,,,,,
2021-05-18,,,,,,,,,
2021-05-19,,,,,,,,,
2021-05-20,,,,,,,,,
2021-05-21,,,,,,,,,
2021-05-24,,,,,,,,,
2021-05-25,,,,,,,,,
2021-05-26,,,,,,,,,
2021-05-27,,,,,,,,,
2021-05-28,,,,,,,,,
2021-05-31,,,,,,,,,
2021-06-01,,,,,,,,,
2021-06-02,,,,,,,,,
2021-06-03,,,,,,,,,
2021-06-04,,,,,,,,,
2021-06-07,,,,,,,,,
2021-06-08,,,,,,,,,
2021-06-09,,,,,,,,,
2021-06-10,,,,,,,,,
2021-06-11,,,,,,,,,
2021-06-14,,,,,,,,,
2021-06-15,,,,,,,,,
2021-06-16,,,,,,,,,
2021-06-17,,,,,,,,,
2021-06-18,,,,,,,,,
2021-06-21,,,,,,,,,
2021-06-22,,,,,,,,,
2021-06-23,,,,,,,,,
2021-06-24,,,,,,,,,
2021-06-25,,,,,,,,,
2021-06-28,,,,,,,,,
2021-06-29,,,,,,,,,
2021-06-30,,,,,,,,,
2021-07-01,,,,,,,,,
2021-07-02,,,,,,,,,
2021-07-05,,,,,,,,,
2021-07-06,,,,,,,,,
2021-07-07,,,,,,,,,
2021-07-08,,,,,,,,,
2021-07-09,,,,,,,,,
2021-07-12,,,,,,,,,
2021-07-13,,,,,,,,,
2021-07-14,,,,,,,,,
2021-07-15,,,,,,,,,
2021-07-16,,,,,,,,,
2021-07-19,,,,,,,,,
2021-07-20,,,,,,,,,
2021-07-22,,,,,,,,,
2021-07-23,,,,,,,,,
2021-07-26,,,,,,,,,
2021-07-27,,,,,,,,,
2021-07-28,,,,,,,,,
2021-07-29,,,,,,,,,
2021-07-30,,,,,,,,,
2021-08-02,,,,,,,,,
2021-08-03,,,,,,,,,
2021-08-04,,,,,,,,,
2021-08-05,,,,,,,,,
2021-08-06,,,,,,,,,
2021-08-09,,,,,,,,,
2021-08-10,,,,,,,,,
2021-08-11,,,,,,,,,
2021-08-12,,,,,,,,,
2021-08-13,,,,,,,,,
2021-08-16,,,,,,,,,
2021-08-17,,,,,,,,,
2021-08-18,,,,,,,,,
2021-08-20,,,,,,,,,
2021-08-23,,,,,,,,,
2021-08-24,,,,,,,,,
2021-08-25,,,,,,,,,
2021-08-26,,,,,,,,,
2021-08-27,,,,,,,,,
2021-08-30,,,,,,,,,
2021-08-31,,,,,,,,,
2021-09-01,,,,,,,,,
2021-09-02,,,,,,,,,
2021-09-03,,,,,,,,,
2021-09-06,,,,,,,,,
2021-09-07,,,,,,,,,
2021-09-08,,,,,,,,,
2021-09-09,,,,,,,,,
2021-09-13,,,,,,,,,
2021-09-14,,,,,,,,,
2021-09-15,,,,,,,,,
2021-09-16,,,,,,,,,
2021-09-17,,,,,,,,,
2021-09-20,,,,,,,,,
2021-09-21,,,,,,,,,
2021-09-22,,,,,,,,,
2021-09-23,,,,,,,,,
2021-09-24,,,,,,,,,
2021-09-27,,,,,,,,,
2021-09-28,,,,,,,,,
2021-09-29,,,,,,,,,
2021-09-30,,,,,,,,,
2021-10-01,,,,,,,,,
2021-10-04,,,,,,,,,
2021-10-05,,,,,,,,,
2021-10-06,,,,,,,,,
2021-10-07,,,,,,,,,
2021-10-08,,,,,,,,,
2021-10-11,,,,,,,,,
2021-10-12,,,,,,,,,
2021-10-13,,,,,,,,,
2021-10-14,,,,,,,,,
2021-10-18,,,,,,,,,
2021-10-19,,,,,,,,,
2021-10-20,,,,,,,,,
2021-10-21,,,,,,,,,
2021-10-22,,,,,,,,,
2021-10-25,,,,,,,,,
2021-10-26,,,,,,,,,
2021-10-27,,,,,,,,,
2021-10-28,,,,,,,,,
2021-10-29,,,,,,,,,
2021-11-01,,,,,,,,,
2021-11-02,,,,,,,,,
2021-11-03,,,,,,,,,
2021-11-04,,,,,,,,,
2021-11-08,,,,,,,,,
2021-11-09,,,,,,,,,
2021-11-10,,,,,,,,,
2021-11-11,,,,,,,,,
2021-11-12,,,,,,,,,
2021-11-15,,,,,,,,,
2021-11-16,,,,,,,,,
2021-11-17,,,,,,,,,
2021-11-18,,,,,,,,,
2021-11-22,,,,,,,,,
2021-11-23,,,,,,,,,
2021-11-24,,,,,,,,,
2021-11-25,,,,,,,,,
2021-11-26,,,,,,,,,
2021-11-29,,,,,,,,,
2021-11-30,,,,,,,,,
2021-12-01,,,,,,,,,
2021-12-02,,,,,,,,,
2021-12-03,,,,,,,,,
2021-12-06,,,,,,,,,
2021-12-07,,,,,,,,,
2021-12-08,,,,,,,,,
2021-12-09,,,,,,,,,
2021-12-10,,,,,,,,,
2021-12-13,,,,,,,,,
2021-12-14,,,,,,,,,
2021-12-15,,,,,,,,,
2021-12-16,,,,,,,,,
2021-12-17,,,,,,,,,
2021-12-20,,,,,,,,,
2021-12-21,,,,,,,,,
2021-12-22,,,,,,,,,
2021-12-23,,,,,,,,,
2021-12-24,,,,,,,,,
2021-12-27,,,,,,,,,
2021-12-28,,,,,,,,,
2021-12-29,,,,,,,,,
2021-12-30,,,,,,,,,
2021-12-31,,,,,,,,,
2022-01-03,,,,,,,,,
2022-01-04,,,,,,,,,
2022-01-05,,,,,,,,,
2022-01-06,,,,,,,,,
2022-01-07,,,,,,,,,
2022-01-10,,,,,,,,,
2022-01-11,,,,,,,,,
2022-01-12,,,,,,,,,
2022-01-13,,,,,,,,,
2022-01-14,,,,,,,,,
2022-01-17,,,,,,,,,
2022-01-18,,,,,,,,,
2022-01-19,,,,,,,,,
2022-01-20,,,,,,,,,
2022-01-21,,,,,,,,,
2022-01-24,,,,,,,,,
2022-01-25,,,,,,,,,
2022-01-27,,,,,,,,,
2022-01-28,,,,,,,,,
2022-01-31,,,,,,,,,
2022-02-01,,,,,,,,,
2022-02-02,,,,,,,,,
2022-02-03,,,,,,,,,
2022-02-04,,,,,,,,,
2022-02-07,,,,,,,,,
2022-02-08,,,,,,,,,
2022-02-09,,,,,,,,,
2022-02-10,,,,,,,,,
2022-02-11,,,,,,,,,
2022-02-14,,,,,,,,,
2022-02-15,,,,,,,,,
2022-02-16,,,,,,,,,
2022-02-17,,,,,,,,,
2022-02-18,,,,,,,,,
2022-02-21,,,,,,,,,
2022-02-22,,,,,,,,,
2022-02-23,,,,,,,,,
2022-02-24,,,,,,,,,
2022-02-25,,,,,,,,,
2022-02-28,,,,,,,,,
2022-03-02,,,,,,,,,
2022-03-03,,,,,,,,,
2022-03-04,,,,,,,,,
2022-03-07,,,,,,,,,
2022-03-08,,,,,,,,,
2022-03-09,,,,,,,,,
2022-03-10,,,,,,,,,
2022-03-11,,,,,,,,,
2022-03-14,,,,,,,,,
2022-03-15,,,,,,,,,
2022-03-16,,,,,,,,,
2022-03-17,,,,,,,,,
2022-03-21,,,,,,,,,
2022-03-22,,,,,,,,,
2022-03-23,,,,,,,,,
2022-03-24,,,,,,,,,
2022-03-25,,,,,,,,,
2022-03-28,,,,,,,,,
2022-03-29,,,,,,,,,
2022-03-30,,,,,,,,,
2022-03-31,,,,,,,,,
2022-04-01,,,,,,,,,
2022-04-04,,,,,,,,,
2022-04-05,,,,,,,,,
2022-04-06,,,,,,,,,
2022-04-07,,,,,,,,,
2022-04-08,,,,,,,,,
2022-04-11,,,,,,,,,
2022-04-12,,,,,,,,,
2022-04-13,,,,,,,,,
2022-04-18,,,,,,,,,
2022-04-19,,,,,,,,,
2022-04-20,,,,,,,,,
2022-04-21,,,,,,,,,
2022-04-22,,,,,,,,,
2022-04-25,,,,,,,,,
2022-04-26,,,,,,,,,
2022-04-27,,,,,,,,,
2022-04-28,,,,,,,,,
2022-04-29,,,,,,,,,
2022-05-02,,,,,,,,,
2022-05-04,,,,,,,,,
2022-05-05,,,,,,,,,
2022-05-06,,,,,,,,,
2022-05-09,,,,,,,,,
2022-05-10,,,,,,,,,
2022-05-11,,,,,,,,,
2022-05-12,,,,,,,,,
2022-05-13,,,,,,,,,
2022-05-16,,,,,,,,,
2022-05-17,,,,,,,,,
2022-05-18,,,,,,,,,
2022-05-19,,,,,,,,,
2022-05-20,,,,,,,,,
2022-05-23,,,,,,,,,
2022-05-24,,,,,,,,,
2022-05-25,,,,,,,,,
2022-05-26,,,,,,,,,
2022-05-27,,,,,,,,,
2022-05-30,,,,,,,,,
2022-05-31,,,,,,,,,
2022-06-01,,,,,,,,,
2022-06-02,,,,,,,,,
2022-06-03,,,,,,,,,
2022-06-06,,,,,,,,,
2022-06-07,,,,,,,,,
2022-06-08,,,,,,,,,
2022-06-09,,,,,,,,,
2022-06-10,,,,,,,,,
2022-06-13,,,,,,,,,
2022-06-14,,,,,,,,,
2022-06-15,,,,,,,,,
2022-06-16,,,,,,,,,
2022-06-17,,,,,,,,,
2022-06-20,,,,,,,,,
2022-06-21,,,,,,,,,
2022-06-22,,,,,,,,,
2022-06-23,,,,,,,,,
2022-06-24,,,,,,,,,
2022-06-27,,,,,,,,,
2022-06-28,,,,,,,,,
2022-06-29,,,,,,,,,
2022-06-30,,,,,,,,,
2022-07-01,,,,,,,,,
2022-07-04,,,,,,,,,
2022-07-05,,,,,,,,,
2022-07-06,,,,,,,,,
2022-07-07,,,,,,,,,
2022-07-08,,,,,,,,,
2022-07-11,,,,,,,,,
2022-07-12,,,,,,,,,
2022-07-13,,,,,,,,,
2022-07-14,,,,,,,,,
2022-07-15,,,,,,,,,
2022-07-18,,,,,,,,,
2022-07-19,,,,,,,,,
2022-07-20,,,,,,,,,
2022-07-21,,,,,,,,,
2022-07-22,,,,,,,,,
2022-07-25,,,,,,,,,
2022-07-26,,,,,,,,,
2022-07-27,,,,,,,,,
2022-07-28,,,,,,,,,
2022-07-29,,,,,,,,,
2022-08-01,,,,,,,,,
2022-08-02,,,,,,,,,
2022-08-03,,,,,,,,,
2022-08-04,,,,,,,,,
2022-08-05,,,,,,,,,
2022-08-08,,,,,,,,,
2022-08-10,,,,,,,,,
2022-08-11,,,,,,,,,
2022-08-12,,,,,,,,,
2022-08-16,,,,,,,,,
2022-08-17,,,,,,,,,
2022-08-18,,,,,,,,,
2022-08-19,,,,,,,,,
2022-08-22,,,,,,,,,
2022-08-23,,,,,,,,,
2022-08-24,,,,,,,,,
2022-08-25,,,,,,,,,
2022-08-26,,,,,,,,,
2022-08-29,,,,,,,,,
2022-08-30,,,,,,,,,
2022-09-01,,,,,,,,,
2022-09-02,,,,,,,,,
2022-09-05,,,,,,,,,
2022-09-06,,,,,,,,,
2022-09-07,,,,,,,,,
2022-09-08,,,,,,,,,
2022-09-09,,,,,,,,,
2022-09-12,,,,,,,,,
2022-09-13,,,,,,,,,
2022-09-14,,,,,,,,,
2022-09-15,,,,,,,,,
2022-09-16,,,,,,,,,
2022-09-19,,,,,,,,,
2022-09-20,,,,,,,,,
2022-09-21,,,,,,,,,
2022-09-22,,,,,,,,,
2022-09-23,,,,,,,,,
2022-09-26,,,,,,,,,
2022-09-27,,,,,,,,,
2022-09-28,,,,,,,,,
2022-09-29,,,,,,,,,
2022-09-30,,,,,,,,,
2022-10-03,,,,,,,,,
2022-10-04,,,,,,,,,
2022-10-06,,,,,,,,,
2022-10-07,,,,,,,,,
2022-10-10,,,,,,,,,
2022-10-11,,,,,,,,,
2022-10-12,,,,,,,,,
2022-10-13,,,,,,,,,
2022-10-14,,,,,,,,,
2022-10-17,,,,,,,,,
2022-10-18,,,,,,,,,
2022-10-19,,,,,,,,,
2022-10-20,,,,,,,,,
2022-10-21,,,,,,,,,
2022-10-24,,,,,,,,,
2022-10-25,,,,,,,,,
2022-10-27,,,,,,,,,
2022-10-28,,,,,,,,,
2022-10-31,,,,,,,,,
2022-11-01,,,,,,,,,
2022-11-02,,,,,,,,,
2022-11-03,,,,,,,,,
2022-11-04,,,,,,,,,
2022-11-07,,,,,,,,,
2022-11-09,,,,,,,,,
2022-11-10,,,,,,,,,
2022-11-11,,,,,,,,,
2022-11-14,,,,,,,,,
2022-11-15,,,,,,,,,
2022-11-16,,,,,,,,,
2022-11-17,,,,,,,,,
2022-11-18,,,,,,,,,
2022-11-21,,,,,,,,,
2022-11-22,,,,,,,,,
2022-11-23,,,,,,,,,
2022-11-24,,,,,,,,,
2022-11-25,,,,,,,,,
2022-11-28,,,,,,,,,
2022-11-29,,,,,,,,,
2022-11-30,,,,,,,,,
2022-12-01,,,,,,,,,
2022-12-02,,,,,,,,,
2022-12-05,,,,,,,,,
2022-12-06,,,,,,,,,
2022-12-07,,,,,,,,,
2022-12-08,,,,,,,,,
2022-12-09,,,,,,,,,
2022-12-12,,,,,,,,,
2022-12-13,,,,,,,,,
2022-12-14,,,,,,,,,
2022-12-15,,,,,,,,,
2022-12-16,,,,,,,,,
2022-12-19,,,,,,,,,
2022-12-20,,,,,,,,,
2022-12-21,,,,,,,,,
2022-12-22,,,,,,,,,
2022-12-23,,,,,,,,,
2022-12-26,,,,,,,,,
2022-12-27,,,,,,,,,
2022-12-28,,,,,,,,,
2022-12-29,,,,,,,,,
2022-12-30,,,,,,,,,
2023-01-02,,,,,,,,,
2023-01-03,,,,,,,,,
2023-01-04,,,,,,,,,
2023-01-05,,,,,,,,,
2023-01-06,,,,,,,,,
2023-01-09,,,,,,,,,
2023-01-10,,,,,,,,,
2023-01-11,,,,,,,,,
2023-01-12,,,,,,,,,
2023-01-13,,,,,,,,,
2023-01-16,,,,,,,,,
2023-01-17,,,,,,,,,
2023-01-18,,,,,,,,,
2023-01-19,,,,,,,,,
2023-01-20,,,,,,,,,
2023-01-23,,,,,,,,,
2023-01-24,,,,,,,,,
2023-01-25,,,,,,,,,
2023-01-27,,,,,,,,,
2023-01-30,,,,,,,,,
2023-01-31,,,,,,,,,
2023-02-01,,,,,,,,,
2023-02-02,,,,,,,,,
2023-02-03,,,,,,,,,
2023-02-06,,,,,,,,,
2023-02-07,,,,,,,,,
2023-02-08,,,,,,,,,
2023-02-09,,,,,,,,,
2023-02-10,,,,,,,,,
2023-02-13,,,,,,,,,
2023-02-14,,,,,,,,,
2023-02-15,,,,,,,,,
2023-02-16,,,,,,,,,
2023-02-17,,,,,,,,,
2023-02-20,,,,,,,,,
2023-02-21,,,,,,,,,
2023-02-22,,,,,,,,,
2023-02-23,,,,,,,,,
2023-02-24,,,,,,,,,
2023-02-27,,,,,,,,,
2023-02-28,,,,,,,,,
2023-03-01,,,,,,,,,
2023-03-02,,,,,,,,,
2023-03-03,,,,,,,,,
2023-03-06,,,,,,,,,
2023-03-08,,,,,,,,,
2023-03-09,,,,,,,,,
2023-03-10,,,,,,,,,
2023-03-13,,,,,,,,,
2023-03-14,,,,,,,,,
2023-03-15,,,,,,,,,
2023-03-16,,,,,,,,,
2023-03-17,,,,,,,,,
2023-03-20,,,,,,,,,
2023-03-21,,,,,,,,,
2023-03-22,,,,,,,,,
2023-03-23,,,,,,,,,
2023-03-24,,,,,,,,,
2023-03-27,,,,,,,,,
2023-03-28,,,,,,,,,
2023-03-29,,,,,,,,,
2023-03-31,,,,,,,,,
2023-04-03,,,,,,,,,
2023-04-05,,,,,,,,,
2023-04-06,,,,,,,,,
2023-04-10,,,,,,,,,
2023-04-11,,,,,,,,,
2023-04-12,,,,,,,,,
2023-04-13,,,,,,,,,
2023-04-17,,,,,,,,,
2023-04-18,,,,,,,,,
2023-04-19,,,,,,,,,
2023-04-20,,,,,,,,,
2023-04-21,,,,,,,,,
2023-04-24,,,,,,,,,
2023-04-25,,,,,,,,,
2023-04-26,,,,,,,,,
2023-04-27,,,,,,,,,
2023-04-28,,,,,,,,,
2023-05-02,,,,,,,,,
2023-05-03,,,,,,,,,
2023-05-04,,,,,,,,,
2023-05-05,,,,,,,,,
2023-05-08,,,,,,,,,
2023-05-09,,,,,,,,,
2023-05-10,,,,,,,,,
2023-05-11,,,,,,,,,
2023-05-12,,,,,,,,,
2023-05-15,,,,,,,,,
2023-05-16,,,,,,,,,
2023-05-17,,,,,,,,,
2023-05-18,,,,,,,,,
2023-05-19,,,,,,,,,
2023-05-22,,,,,,,,,
2023-05-23,,,,,,,,,
2023-05-24,,,,,,,,,
2023-05-25,,,,,,,,,
2023-05-26,,,,,,,,,
2023-05-29,,,,,,,,,
2023-05-30,,,,,,,,,
2023-05-31,,,,,,,,,
2023-06-01,,,,,,,,,
2023-06-02,,,,,,,,,
2023-06-05,,,,,,,,,
2023-06-06,,,,,,,,,
2023-06-07,,,,,,,,,
2023-06-08,,,,,,,,,
2023-06-09,,,,,,,,,
2023-06-12,,,,,,,,,
2023-06-13,,,,,,,,,
2023-06-14,,,,,,,,,
2023-06-15,,,,,,,,,
2023-06-16,,,,,,,,,
2023-06-19,,,,,,,,,
2023-06-20,,,,,,,,,
2023-06-21,,,,,,,,,
2023-06-22,,,,,,,,,
2023-06-23,,,,,,,,,
2023-06-26,,,,,,,,,
2023-06-27,,,,,,,,,
2023-06-28,,,,,,,,,
2023-06-30,,,,,,,,,
2023-07-03,,,,,,,,,
2023-07-04,,,,,,,,,
2023-07-05,,,,,,,,,
2023-07-06,,,,,,,,,
2023-07-07,,,,,,,,,
2023-07-10,,,,,,,,,
2023-07-11,,,,,,,,,
2023-07-12,,,,,,,,,
2023-07-13,,,,,,,,,
2023-07-14,,,,,,,,,
2023-07-17,,,,,,,,,
2023-07-18,,,,,,,,,
2023-07-19,,,,,,,,,
2023-07-20,,,,,,,,,
2023-07-21,,,,,,,,,
2023-07-24,,,,,,,,,
2023-07-25,,,,,,,,,
2023-07-26,,,,,,,,,
2023-07-27,,,,,,,,,
2023-07-28,,,,,,,,,
2023-07-31,,,,,,,,,
2023-08-01,,,,,,,,,
2023-08-02,,,,,,,,,
2023-08-03,,,,,,,,,
2023-08-04,,,,,,,,,
2023-08-07,,,,,,,,,
2023-08-08,,,,,,,,,
2023-08-09,,,,,,,,,
2023-08-10,,,,,,,,,
2023-08-11,,,,,,,,,
2023-08-14,,,,,,,,,
2023-08-16,,,,,,,,,
2023-08-17,,,,,,,,,
2023-08-18,,,,,,,,,
2023-08-21,,,,,,,,,
2023-08-22,,,,,,,,,
2023-08-23,,,,,,,,,
2023-08-24,,,,,,,,,
2023-08-25,,,,,,,,,
2023-08-28,,,,,,,,,
2023-08-29,,,,,,,,,
2023-08-30,,,,,,,,,
2023-08-31,,,,,,,,,
2023-09-01,,,,,,,,,
2023-09-04,,,,,,,,,
2023-09-05,,,,,,,,,
2023-09-06,,,,,,,,,
2023-09-07,,,,,,,,,
2023-09-08,,,,,,,,,
2023-09-11,,,,,,,,,
2023-09-12,,,,,,,,,
2023-09-13,,,,,,,,,
2023-09-14,,,,,,,,,
2023-09-15,,,,,,,,,
2023-09-18,,,,,,,,,
2023-09-20,,,,,,,,,
2023-09-21,,,,,,,,,
2023-09-22,,,,,,,,,
2023-09-25,,,,,,,,,
2023-09-26,,,,,,,,,
2023-09-27,,,,,,,,,
2023-09-28,,,,,,,,,
2023-09-29,,,,,,,,,
2023-10-03,,,,,,,,,
2023-10-04,,,,,,,,,
2023-10-05,,,,,,,,,
2023-10-06,,,,,,,,,
2023-10-09,,,,,,,,,
2023-10-10,,,,,,,,,
2023-10-11,,,,,,,,,
2023-10-12,,,,,,,,,
2023-10-13,,,,,,,,,
2023-10-16,,,,,,,,,
2023-10-17,,,,,,,,,
2023-10-18,,,,,,,,,
2023-10-19,,,,,,,,,
2023-10-20,,,,,,,,,
2023-10-23,,,,,,,,,
2023-10-25,,,,,,,,,
2023-10-26,,,,,,,,,
2023-10-27,,,,,,,,,
2023-10-30,,,,,,,,,
2023-10-31,,,,,,,,,
2023-11-01,,,,,,,,,
2023-11-02,,,,,,,,,
2023-11-03,,,,,,,,,
2023-11-06,,,,,,,,,
2023-11-07,,,,,,,,,
2023-11-08,,,,,,,,,
2023-11-09,,,,,,,,,
2023-11-10,,,,,,,,,
2023-11-13,,,,,,,,,
2023-11-15,,,,,,,,,
2023-11-16,,,,,,,,,
2023-11-17,,,,,,,,,
2023-11-20,,,,,,,,,
2023-11-21,,,,,,,,,
2023-11-22,,,,,,,,,
2023-11-23,,,,,,,,,
2023-11-24,,,,,,,,,
2023-11-28,,,,,,,,,
2023-11-29,60.0,60.0,50.0,50.0,579810954.0,,,,
2023-11-30,65.30000305175781,68.9000015258789,60.54999923706055,64.30000305175781,391471914.0,,,,
2023-12-01,62.75,68.4000015258789,62.29999923706055,67.0,144125388.0,,,,
2023-12-04,64.55000305175781,65.9000015258789,63.150001525878906,64.9000015258789,59388902.0,,,,
2023-12-05,63.04999923706055,65.0,62.84999847412109,64.9000015258789,36397214.0,,,,
2023-12-06,64.1500015258789,64.94999694824219,61.5,63.5,47249714.0,,,,
2023-12-07,64.19999694824219,64.8499984741211,63.45000076293945,64.1500015258789,23388127.0,,,,
2023-12-08,70.8499984741211,73.69999694824219,64.19999694824219,64.19999694824219,232352550.0,,,,
2023-12-11,85.0,85.0,73.4000015258789,74.0,193564938.0,,,,
2023-12-12,101.8499984741211,102.0,92.5500030517578,94.0,352556081.0,,,,
2023-12-13,112.0,112.0,98.9000015258789,104.5999984741211,200767357.0,,,,
2023-12-14,120.3000030517578,123.1999969482422,113.8000030517578,121.3000030517578,233953872.0,,,,
2023-12-15,108.3000030517578,121.0,108.3000030517578,120.4000015258789,107529568.0,,,,
2023-12-18,110.75,114.1999969482422,98.3000030517578,102.0,167648627.0,,,,
2023-12-19,112.4499969482422,116.1999969482422,111.3499984741211,113.0,47989953.0,,,,
2023-12-20,104.9499969482422,114.6999969482422,103.3000030517578,114.0,54934849.0,,,,
2023-12-21,109.9000015258789,111.25,100.0,102.0,50301973.0,,,,
2023-12-22,109.8499984741211,111.8000030517578,108.25,111.3000030517578,25157149.0,,,,
2023-12-26,101.9499969482422,105.75,100.3499984741211,103.8499984741211,98548301.0,,,,
2023-12-27,99.8000030517578,104.3499984741211,97.3499984741211,104.0,55795339.0,89.59750003814698,,22.258466475402106,
2023-12-28,97.3000030517578,100.6999969482422,95.5500030517578,99.8499984741211,51912306.0,91.46250019073486,,21.184775193121595,
2023-12-29,102.8000030517578,105.6500015258789,96.0,97.5,85731200.0,93.33750019073486,,20.39201277365288,
2024-01-01,104.6500015258789,107.5500030517578,102.0999984741211,103.3499984741211,49275011.0,95.4325002670288,,19.20176325017769,
2024-01-02,103.5,105.4000015258789,101.75,105.3000030517578,23688907.0,97.38000011444092,,17.831000991735955,
2024-01-03,101.8000030517578,103.5500030517578,100.1999969482422,103.5,24148229.0,99.31750030517578,,15.905736563499548,
2024-01-04,104.4000015258789,106.25,102.4499969482422,102.6999969482422,37518306.0,101.3300003051758,,13.601339678962898,
2024-01-05,105.0999984741211,107.25,104.0,105.0,32759854.0,103.37500038146972,,10.429885226333193,
2024-01-08,103.9000015258789,106.3000030517578,103.1500015258789,105.8000030517578,22377695.0,105.02750053405762,,7.088360930344008,
2024-01-09,103.3000030517578,104.8499984741211,102.5999984741211,104.6999969482422,14941191.0,105.9425006866455,,5.330109691883389,
2024-01-10,102.8000030517578,103.8000030517578,101.1999969482422,103.5,14828774.0,105.99000091552736,,5.295842007569198,
2024-01-11,103.4000015258789,106.4000015258789,103.0,103.4000015258789,19177567.0,105.56000099182128,,5.128675411063139,
2024-01-12,110.75,112.5,103.8000030517578,104.3000030517578,82669666.0,105.0825008392334,,4.005727603480084,
2024-01-15,110.75,110.75,110.75,110.75,0.0,105.2050006866455,,4.1443640933691,
2024-01-16,119.5,127.4000015258789,116.75,125.0,109786020.0,105.6425006866455,,5.109903614362573,
2024-01-17,124.1999969482422,125.5999984741211,114.3000030517578,118.5500030517578,81578431.0,106.23000068664552,,6.43692767986716,
2024-01-18,123.0500030517578,126.4000015258789,116.0,125.0,55701971.0,107.13500099182129,,7.441492069208096,
2024-01-19,135.35000610351562,135.35000610351562,123.6999969482422,124.1999969482422,111113228.0,108.40750122070312,,9.755420703532137,
2024-01-23,154.0500030517578,156.25,144.10000610351562,156.25,120793026.0,110.61750144958496,,14.126629545115597,
2024-01-24,161.75,161.75,148.5500030517578,157.5,73799763.0,113.60750160217285,,17.99455522807943,
2024-01-25,169.8000030517578,169.8000030517578,166.0,167.0,9149447.0,117.10750160217285,,21.611676354539064,
2024-01-29,178.25,178.25,175.89999389648438,177.8000030517578,7515722.0,121.15500144958496,,25.01857157921428,
2024-01-30,173.14999389648438,187.1499938964844,169.39999389648438,184.8000030517578,100689188.0,124.6725009918213,,27.15624069614991,
2024-01-31,181.8000030517578,181.8000030517578,169.60000610351562,174.89999389648438,51527355.0,128.53000106811524,,29.537497699106385,
2024-02-01,185.8000030517578,190.8500061035156,177.8000030517578,183.0,119539925.0,132.64500122070314,,31.532355383662495,
2024-02-02,195.0500030517578,195.0500030517578,186.3000030517578,191.3999938964844,59779078.0,137.30750122070313,,33.560386658962194,
2024-02-05,204.8000030517578,204.8000030517578,193.1999969482422,203.8999938964844,27925173.0,142.32750129699707,,35.8123896182461,
2024-02-06,209.4499969482422,214.8000030517578,198.0500030517578,214.8000030517578,71926776.0,147.5450012207031,,37.65711933818714,
2024-02-07,199.0,213.1499938964844,199.0,213.1499938964844,40621079.0,152.30000114440918,,37.85960527200341,
2024-02-08,189.0500030517578,191.9499969482422,189.0500030517578,190.0,8349479.0,156.58750114440917,,36.8607295082996,
2024-02-09,179.60000610351562,179.60000610351562,179.60000610351562,179.60000610351562,4080213.0,160.42750129699706,120.60100090026856,34.91125789452676,42.05823439284239
2024-02-12,170.64999389648438,170.64999389648438,170.64999389648438,170.64999389648438,3358365.0,163.79000091552734,122.81400077819823,32.268086057845835,41.71414160903566
2024-02-13,162.14999389648438,162.14999389648438,162.14999389648438,162.14999389648438,2750096.0,166.36000061035156,124.75100059509278,29.77168217952104,41.23483590273476
2024-02-14,168.64999389648438,170.25,154.0500030517578,154.0500030517578,53059961.0,169.25500030517577,126.86900047302248,26.740329853569587,40.701495301289874
2024-02-15,177.0500030517578,177.0500030517578,177.0500030517578,177.0500030517578,5249920.0,172.13250045776368,129.11900047302245,24.067297579435262,40.29364786331296
2024-02-16,177.9499969482422,185.6999969482422,171.35000610351562,175.0,74074391.0,174.82000045776368,131.41700042724608,21.27183298277098,39.72112940814344
2024-02-19,178.35000610351562,182.3000030517578,173.6999969482422,179.0,24033651.0,177.58500061035156,133.70100051879882,17.436728450474483,39.05194421749925
2024-02-20,175.0500030517578,179.8000030517578,174.25,179.64999389648438,12824200.0,179.57000045776368,135.91800064086914,14.364754831112148,38.162183185115175
2024-02-21,166.3000030517578,176.3000030517578,166.3000030517578,172.4499969482422,30569754.0,180.18250045776367,137.82700073242188,13.451466138744667,37.21648365988175
2024-02-22,167.8000030517578,171.5,160.0,167.0,27560147.0,180.4850006103516,139.48300079345702,13.077976518181574,36.65582844649652
2024-02-23,159.4499969482422,162.0500030517578,159.4499969482422,160.60000610351562,15227080.0,179.96750030517578,140.63500076293946,13.712426176575685,36.35284034919358
2024-02-26,151.5,151.5,151.5,151.5,7605436.0,178.63000030517577,141.42500076293945,15.121007768280569,36.14647102513398
2024-02-27,154.89999389648438,159.0500030517578,146.60000610351562,146.60000610351562,154589413.0,177.71750030517578,142.11700057983398,15.994542246056536,36.06489834391641
2024-02-28,149.25,158.5,148.10000610351562,156.8000030517578,30930219.0,176.0900001525879,142.93600051879883,17.170106920509316,35.74482124591179
2024-02-29,150.0500030517578,152.60000610351562,141.8000030517578,149.75,62619592.0,174.3025001525879,143.72200057983397,17.949245738854675,35.453534018904875
2024-03-01,157.25,157.5500030517578,150.85000610351562,153.4499969482422,24614814.0,172.4125,144.61800064086913,17.63701237178785,35.2123669134609
2024-03-04,152.89999389648438,160.8000030517578,152.85000610351562,160.8000030517578,20299727.0,169.81749954223633,145.577000579834,16.395324904319185,34.76001845010861
2024-03-05,146.8000030517578,154.25,146.0,151.0,22487081.0,166.68499984741212,146.31500061035158,14.272067129695634,34.376694918137666
2024-03-06,141.75,149.60000610351562,140.0,147.1999969482422,28753729.0,163.8224998474121,146.9530006408691,13.146468327963715,33.979853325490666
2024-03-07,147.9499969482422,148.8000030517578,140.14999389648438,142.0500030517578,22757080.0,161.76749954223632,147.87300064086915,12.171606012913683,33.35348552276561
2024-03-11,141.10000610351562,148.89999389648438,140.8000030517578,148.89999389648438,17124387.0,159.84249954223634,148.6990007019043,12.247118588123884,32.64247932951355
2024-03-12,134.0500030517578,143.5,134.0500030517578,143.5,32417965.0,158.0125,149.4340007019043,13.24132155716052,31.86603537157548
2024-03-13,127.3499984741211,136.5,127.3499984741211,133.75,33355997.0,156.27250022888182,149.92500061035156,14.856927313960142,31.31723320228884
2024-03-14,132.3000030517578,133.39999389648438,121.0500030517578,122.5500030517578,64900398.0,154.45500068664552,150.47800064086914,15.473661279954824,30.740258195387195
2024-03-15,128.75,133.39999389648438,126.6999969482422,130.0,22010436.0,152.0400005340576,150.98300064086914,15.530645576458287,30.15457877699116
2024-03-18,133.14999389648438,135.0,127.8000030517578,129.5500030517578,20658376.0,149.80000038146972,151.61000045776368,14.8110387555014,29.42823331249798
2024-03-19,129.35000610351562,132.8000030517578,128.64999389648438,132.0,12511667.0,147.35000038146973,152.10900054931642,13.862140699271936,28.81655496899701
2024-03-20,125.8000030517578,129.89999389648438,124.4000015258789,128.0,14062942.0,144.88750038146972,152.52300064086913,13.032053727027373,28.27093605404048
2024-03-21,132.0500030517578,132.0500030517578,126.5,127.25,19716558.0,143.17500038146972,153.08600067138673,12.29999359140546,27.55408210019866
2024-03-22,138.64999389648438,138.64999389648438,132.1999969482422,133.6999969482422,22898920.0,141.71749992370604,153.79300048828125,10.87272245990789,26.690556640194767
2024-03-26,140.75,144.4499969482422,139.35000610351562,141.39999389648438,21428828.0,140.78250007629396,154.5520004272461,10.039699857113302,25.73330047092455
2024-03-27,136.0,144.39999389648438,135.0,142.89999389648438,23110828.0,140.00750007629395,155.2040003967285,9.763279468343574,24.807145709125013
2024-03-28,135.89999389648438,139.5,135.5,138.25,13307678.0,139.05750007629393,155.7070002746582,9.142572851041336,24.133204116406773
2024-04-01,142.64999389648438,142.64999389648438,137.6999969482422,138.0,15806364.0,138.72749977111818,156.3450001525879,8.870373757984316,23.32869252655807
2024-04-02,149.75,149.75,146.4499969482422,146.4499969482422,10211472.0,138.71249961853027,156.9500001525879,8.850450515397359,22.73844429357294
2024-04-03,157.1999969482422,157.1999969482422,147.10000610351562,148.85000610351562,26027259.0,138.7099994659424,157.6100001525879,8.844943617363079,22.241955842009563
2024-04-04,158.35000610351562,165.0500030517578,154.5,163.85000610351562,54231026.0,138.98250007629397,158.31600021362306,9.373300018289845,21.67560360438464
2024-04-05,176.4499969482422,181.1499938964844,161.0,162.0,142812761.0,140.46499977111816,159.1380000305176,12.49854764952095,21.56593049907852
2024-04-08,174.3000030517578,183.6499938964844,170.85000610351562,182.0,59008202.0,142.09249992370604,159.5430000305176,14.614774896224151,21.65837535534765
2024-04-09,169.25,175.1999969482422,166.6999969482422,175.1999969482422,34261082.0,143.15750007629396,159.69300003051757,15.79269700072921,21.699904038236816
2024-04-10,166.39999389648438,170.4499969482422,165.0,169.4499969482422,18676248.0,144.4224994659424,159.6249998474121,16.611270842408782,21.67289616631951
2024-04-12,167.1999969482422,173.0,164.25,165.39999389648438,27576778.0,146.0799991607666,159.40399978637694,17.166417132119214,21.534999932531324
2024-04-15,158.60000610351562,163.10000610351562,153.25,160.3000030517578,44926047.0,147.64249954223632,159.11300003051758,16.78994242366118,21.443573268466064
2024-04-16,160.0500030517578,163.5,155.5,156.0,22634141.0,149.02999954223634,158.67800003051758,16.60087503239979,21.193102223080764
2024-04-18,163.14999389648438,169.6999969482422,162.5,164.0,30562725.0,150.74999923706054,158.2249998474121,16.165460035638574,20.840681729721577
2024-04-19,160.6999969482422,162.9499969482422,157.14999389648438,160.0,20720974.0,152.12749938964845,157.5379997253418,15.755386711533486,20.15694189647764
2024-04-22,170.5,179.0,169.25,179.0,62935305.0,154.18499908447265,156.85199966430665,15.30476443974034,19.07001049451669
2024-04-23,167.9499969482422,172.5,167.5,172.5,26323408.0,156.29249877929686,156.02199966430663,14.040198948398386,17.578843347418672
2024-04-24,166.60000610351562,170.9499969482422,165.64999389648438,168.5500030517578,21484168.0,158.01999893188477,155.37399978637694,12.986384603431864,16.52799817100991
2024-04-25,167.25,170.39999389648438,165.39999389648438,166.5,17047847.0,159.44999923706055,154.9379997253418,12.29757212556654,15.897004489992558
2024-04-26,170.64999389648438,174.64999389648438,166.8000030517578,168.39999389648438,40701192.0,160.94499893188475,154.75899948120116,11.707902753091904,15.662299062251067
2024-04-29,181.3999938964844,192.1999969482422,180.10000610351562,187.1000061035156,103326709.0,163.214998626709,154.97399948120116,10.996460257357729,15.955921819111763
2024-04-30,178.25,184.3000030517578,177.4499969482422,182.6999969482422,31699020.0,165.33249893188477,155.2959996032715,9.425012236975435,16.263188503146544
2024-05-02,181.3999938964844,184.4499969482422,176.25,179.4499969482422,32180611.0,167.26999893188477,155.5509996032715,8.449155960437311,16.573837151705828
2024-05-03,179.64999389648438,183.6999969482422,177.6999969482422,182.8000030517578,18860176.0,168.76499862670897,155.602999420166,7.806845590592967,16.64658511052175
2024-05-06,172.25,178.8000030517578,167.5500030517578,178.8000030517578,35683685.0,169.5174987792969,155.48899948120118,7.345104938478139,16.509376140409948
2024-05-07,167.6999969482422,173.85000610351562,166.1999969482422,172.25,18264182.0,169.9849983215332,155.2759992980957,6.8797187380938,16.27545410394147
2024-05-08,170.89999389648438,174.0,165.10000610351562,165.64999389648438,20738689.0,169.7074981689453,155.19299911499024,6.715186838939284,16.182872931430587
2024-05-09,164.8000030517578,171.9499969482422,163.75,171.4499969482422,12181730.0,169.2324981689453,155.16299911499024,6.709227183443025,16.16324087754801
2024-05-10,164.6999969482422,167.39999389648438,160.5500030517578,166.0,13237010.0,169.00499801635743,155.10099899291993,6.785313060283411,16.119664556970342
2024-05-13,163.10000610351562,165.1999969482422,158.6999969482422,165.0,12640558.0,168.839998626709,155.1739991760254,6.89128885756459,16.14800143458483
2024-05-14,173.14999389648438,174.75,164.0,164.5,20644658.0,169.1374984741211,155.60699905395506,6.944985736734217,16.336639200355197
2024-05-15,172.0,175.89999389648438,171.10000610351562,175.0,14330210.0,169.8074981689453,155.94899917602538,6.5074891612389045,16.499712834431243
2024-05-16,171.14999389648438,174.25,170.5,173.9499969482422,11865626.0,170.36249771118165,156.3869990539551,6.0915557708064805,16.608571129484265
2024-05-17,174.9499969482422,178.5,170.6999969482422,171.9499969482422,26994094.0,170.95249786376954,156.88499893188475,5.9253999058469295,16.78702991304039
2024-05-21,183.6499938964844,184.8000030517578,174.60000610351562,177.0,47989916.0,172.09999771118163,157.41299880981444,6.056203558604031,17.20862789528754
2024-05-22,188.8500061035156,193.1499938964844,182.5500030517578,186.0,73020031.0,173.01749801635742,158.13199905395507,7.100930560179155,17.758457010656684
2024-05-23,189.0500030517578,194.6000061035156,187.1999969482422,189.1999969482422,40572853.0,174.0724983215332,158.97699905395507,7.837635986717903,18.207749282274424
2024-05-24,185.5500030517578,194.4499969482422,184.1999969482422,189.6999969482422,33110360.0,175.0199981689453,159.85299911499024,8.029819670953803,18.414485647865995
2024-05-27,193.3000030517578,196.8000030517578,190.5,190.5,46470616.0,176.3224983215332,160.75999923706055,8.78077340147543,18.925988477563497
2024-05-28,184.8999938964844,196.1999969482422,182.3500061035156,194.8000030517578,38059308.0,177.0349983215332,161.63599899291992,8.873914011893813,19.010906744053127
2024-05-29,185.25,186.3000030517578,178.5,183.0,23919211.0,177.22749862670898,162.65999893188476,9.01423607055218,18.87310972509037
2024-05-30,181.3000030517578,185.8000030517578,180.8500061035156,185.0,15258803.0,177.37999877929687,163.7389990234375,9.058137499043871,18.348086051246188
2024-05-31,184.8000030517578,186.0,176.10000610351562,182.5,24117438.0,177.54999923706055,164.7889990234375,9.168783836097123,18.011329341882693
2024-06-03,191.8999938964844,200.25,189.3999938964844,200.0,45427419.0,178.16249923706056,166.0519989013672,9.709665796688668,17.64296090555895
2024-06-04,167.4499969482422,190.0,154.0,190.0,87754131.0,177.92249908447266,166.73799896240234,9.920533316466146,16.992382487365717
2024-06-05,172.6999969482422,174.6999969482422,155.0,168.0,43855047.0,178.17249908447266,167.60499877929686,9.710134757092112,16.129837381097566
2024-06-06,178.3000030517578,182.0,175.75,176.5,22320317.0,178.54249954223633,168.65499877929688,9.558232995129138,15.02379846239902
2024-06-07,180.8500061035156,182.5,174.85000610351562,178.64999389648438,19795848.0,179.34499969482422,169.63099884033204,9.001241986338382,14.157406064417843
2024-06-10,178.5500030517578,182.6999969482422,178.0,182.25,14840898.0,180.0375,170.4289990234375,8.322416050382191,13.483974563441134
2024-06-11,180.22999572753903,183.0,178.60000610351562,180.6999969482422,16956779.0,180.8939994812012,171.21859893798828,7.307084151998072,12.851668742163271
2024-06-12,182.5800018310547,186.13999938964844,179.9199981689453,180.4499969482422,20214465.0,181.3654998779297,172.15019897460937,7.0818627724503065,11.899615768611362
2024-06-13,180.05999755859375,184.0,179.25999450683594,183.5,12309733.0,181.76849975585935,173.03339904785156,6.742037785568363,10.73609907451564
2024-06-14,179.11000061035156,182.3000030517578,177.5,180.25999450683597,15913225.0,182.16650009155276,173.7625991821289,6.302853414861717,9.830309729709164
2024-06-18,178.02999877929688,181.75999450683597,177.7100067138672,180.1999969482422,14305706.0,182.32050018310548,174.32819915771483,6.153097923811976,9.214811826552603
2024-06-19,175.77999877929688,178.7899932861328,173.22000122070312,178.75999450683594,10800398.0,181.9270004272461,174.69979919433592,6.313166821736612,8.878491753224527
2024-06-20,177.49000549316406,180.9900054931641,174.8000030517578,176.63999938964844,14018198.0,181.3590003967285,175.08259918212892,6.166854810493753,8.566303110820735
2024-06-21,187.5399932861328,191.0,178.25,178.25,94311893.0,181.28349990844723,175.3043991088867,6.076317321350216,8.744156102351909
2024-06-24,189.63999938964844,195.3999938964844,188.3999938964844,192.0,35818533.0,181.4879997253418,175.61119903564452,6.292445941512614,8.974279967012624
2024-06-25,185.0500030517578,190.8000030517578,184.5,190.3999938964844,16110541.0,181.07549972534176,175.9271990966797,5.721906025481763,9.023756301376174
2024-06-26,194.69000244140625,199.44000244140625,183.1000061035156,185.0500030517578,100559239.0,181.56500015258788,176.4929992675781,6.440005221882444,9.296970507557724
2024-06-27,193.3800048828125,205.1000061035156,192.25999450683597,196.0,66090155.0,181.9715003967285,177.01659942626952,6.923301394678803,9.497961736802232
2024-06-28,190.44000244140625,195.6999969482422,188.75999450683597,195.3000030517578,24355673.0,182.42850036621093,177.65339935302734,7.17377380163673,9.30338287397561
2024-07-01,196.1100006103516,201.82000732421875,194.6100006103516,200.0,34096446.0,182.99400024414064,178.37459930419922,7.789876028633301,9.308602354858683
2024-07-02,205.3500061035156,209.0,192.8000030517578,197.1499938964844,65912468.0,183.6665008544922,179.21859954833985,9.07393704349934,9.800167588951954
2024-07-03,223.1100006103516,225.8800048828125,208.75,212.1000061035156,159681424.0,186.44950103759768,180.46679962158203,11.925874589100651,11.259224995612657
2024-07-04,220.4900054931641,228.47999572753903,218.41000366210935,223.22999572753903,68381930.0,188.83900146484376,181.4665997314453,13.68405919431004,12.506551041026096
2024-07-05,228.83999633789065,232.0,219.25999450683597,220.8300018310547,55309588.0,191.3660011291504,182.6843997192383,16.09038712996158,14.034698576746957
2024-07-08,246.3800048828125,248.8500061035156,231.8000030517578,232.0,97684592.0,194.6425010681152,184.27999969482423,20.026766329191453,16.48919923423652
2024-07-09,240.52999877929688,254.0,228.00999450683597,251.00999450683597,72152055.0,197.7415008544922,185.74559967041012,22.094264536472213,18.12058994675673
2024-07-10,247.27999877929688,249.5500030517578,230.0,241.5500030517578,70516062.0,201.09400100708007,187.2781997680664,24.2764763788856,19.96455789640668
2024-07-11,283.69000244140625,289.3299865722656,241.5500030517578,248.38999938964844,200719317.0,206.14950103759764,189.32399993896485,30.05763628203176,24.151736533434654
2024-07-12,284.260009765625,304.5,275.04998779296875,282.8999938964844,227015725.0,211.35950164794923,191.4442001342773,34.06145817965888,27.57085955933608
2024-07-15,289.6499938964844,310.0,286.8800048828125,300.0,106576924.0,216.88650131225583,193.60920013427733,37.36159869700679,30.824252691243803
2024-07-16,272.0799865722656,288.70001220703125,270.20001220703125,288.70001220703125,73797972.0,221.5890007019043,195.45779998779295,38.12452940354089,32.68543080521273
2024-07-18,257.3999938964844,267.3900146484375,252.0,267.3900146484375,89133329.0,225.67000045776368,197.16079986572265,37.322905693617024,33.655443486062026
2024-07-19,272.1000061035156,279.0,251.25,253.5,107729154.0,230.40050048828124,199.2488000488281,36.88807209695952,35.001957210788525
2024-07-22,269.8500061035156,279.8800048828125,266.29998779296875,274.0,38163945.0,234.5160011291504,201.22780029296877,36.44343916316027,36.14504985119
2024-07-23,258.6499938964844,282.8999938964844,232.0,272.70001220703125,106704297.0,237.96650085449215,203.10480010986328,35.21724757649491,36.64805986436091
2024-07-24,269.260009765625,272.8900146484375,261.79998779296875,261.79998779296875,35527332.0,242.17700119018556,205.1960003662109,33.552313991222015,37.387616970081496
2024-07-25,261.17999267578125,268.25,260.0,266.3999938964844,23498679.0,245.5015007019043,207.15760009765623,31.85034941914602,37.70551906200005
2024-07-26,258.0299987792969,268.1000061035156,257.010009765625,263.5,19934107.0,248.7340003967285,208.8552001953125,29.474147687714648,38.05232530171765
2024-07-29,266.010009765625,268.3500061035156,257.010009765625,261.0,28683160.0,252.51250076293945,210.735400390625,26.27837940426658,38.51387304234691
2024-07-30,263.94000244140625,269.95001220703125,262.79998779296875,265.95001220703125,16147525.0,255.90400085449215,212.59120056152344,22.757082844116574,38.80199026500171
2024-07-31,262.6300048828125,268.739990234375,262.1099853515625,265.20001220703125,12879999.0,258.768000793457,214.34480072021483,19.419597269125003,39.046647672970806
2024-08-01,257.8500061035156,265.3999938964844,256.04998779296875,264.1499938964844,13170422.0,260.50500106811523,215.82880096435548,17.523368971198227,39.26566057615928
2024-08-02,254.5,258.45001220703125,251.8000030517578,254.0,15185550.0,262.205500793457,217.1418008422852,14.88787377021854,39.44234251031893
2024-08-05,238.8999938964844,247.6000061035156,235.0,241.9499969482422,34693995.0,262.7085006713868,218.13880065917968,13.833895271298294,39.34768882627522
2024-08-06,235.9499969482422,250.0,234.0,244.0,20303478.0,262.1870002746582,219.14680053710936,14.654108464102674,39.14082267355066
2024-08-07,248.25,249.5,236.5,246.0,21802887.0,262.57300033569334,220.2458004760742,14.146506625906262,39.17171647648451
2024-08-08,247.8000030517578,252.5,244.6000061035156,249.0,19944879.0,262.59900054931643,221.5038006591797,14.117367759242772,39.023155090534544
2024-08-09,243.4499969482422,251.8000030517578,242.5,251.4499969482422,11933160.0,260.5870002746582,222.6678005981445,13.81759452852879,38.786984379152585
2024-08-12,247.75,253.0,236.8500061035156,240.0,24208283.0,258.76149978637693,223.99680053710935,12.907200376410875,38.477819668412806
2024-08-13,240.5,247.6499938964844,240.0,245.0,10661503.0,256.3040000915527,225.11080047607425,11.294893631138816,38.12452865724388
2024-08-14,236.1999969482422,242.6000061035156,234.3000030517578,241.75,9658732.0,254.5100006103516,225.99680053710935,11.504777796549648,37.85074538419995
2024-08-16,240.1000061035156,242.6499938964844,238.25,239.1999969482422,8414689.0,253.64500122070316,227.44980072021485,11.91895821220823,36.94090125774999
2024-08-19,244.6999969482422,249.3000030517578,241.1999969482422,241.6000061035156,10896632.0,252.27500076293944,228.88980072021485,11.241505807420724,36.1581637147309
2024-08-20,240.4499969482422,245.9499969482422,240.0,245.4499969482422,7513400.0,250.80500030517575,230.1328005981445,10.733100496587303,35.44477896318736
2024-08-21,238.9499969482422,242.8500061035156,238.5,240.5,6332911.0,249.82000045776368,231.29480041503905,10.878230712575029,34.741530276373446
2024-08-22,257.1000061035156,265.70001220703125,246.0,246.0,87125691.0,249.2120002746582,232.8658004760742,10.04220934263162,34.07740747283348
2024-08-23,260.29998779296875,265.79998779296875,257.29998779296875,260.95001220703125,24704533.0,249.1680000305176,234.4672003173828,9.988797161153512,33.42860131959354
2024-08-26,253.5500030517578,262.45001220703125,253.1000061035156,262.0,12144509.0,248.94400024414065,235.88660034179688,9.828553238224234,32.67878144975644
2024-08-27,255.1499938964844,258.5,250.6999969482422,253.5500030517578,12343641.0,248.4009994506836,237.38840026855468,9.109790555588752,31.77373247586212
2024-08-28,253.9499969482422,258.3999938964844,253.0500030517578,256.1000061035156,10585106.0,247.9014991760254,238.8852001953125,8.463911451636523,30.71755059516428
2024-08-29,254.75,262.95001220703125,253.0,255.5,13819601.0,247.50749893188475,240.41960021972656,7.907313415257769,29.50802207614621
2024-08-30,241.5,259.5,238.0500030517578,258.0,45308414.0,246.68999862670896,241.73400024414065,7.621793397665664,27.99487992311397
2024-09-02,238.92999267578125,241.3500061035156,235.3000030517578,241.3500061035156,16826533.0,245.91149826049804,242.96279998779295,7.577123714254038,26.421630729520064
2024-09-03,239.3000030517578,240.0,236.44000244140625,239.0,9344884.0,245.9314987182617,243.99800018310543,7.558146343771645,25.19117619910977
2024-09-04,235.4600067138672,238.3300018310547,235.0,235.0,8671698.0,245.90699920654296,244.91440032958985,7.5929181326563535,23.977578036885003
2024-09-05,235.3300018310547,238.6499938964844,234.3600006103516,236.67999267578125,7763279.0,245.2609992980957,245.9200003051758,7.925417514301277,22.41939814445785
2024-09-06,227.3999938964844,235.6999969482422,226.2700042724609,234.3000030517578,14795733.0,244.24099884033205,246.57420013427733,8.841271544542451,21.345515387270847
2024-09-09,223.1699981689453,228.25,220.63999938964844,226.0,15786916.0,243.2269989013672,247.17,10.021006976762822,20.21633291877066
2024-09-10,233.5,239.4499969482422,228.41000366210935,228.7700042724609,30985815.0,242.5144989013672,248.03119995117189,10.18769866949252,18.603159006838972
2024-09-11,228.8699951171875,240.0,227.75,239.4499969482422,15692638.0,241.93299865722656,248.6863998413086,10.631003087893896,17.266030830619897
2024-09-12,232.63999938964844,234.8800048828125,224.8000030517578,231.3000030517578,12505012.0,241.75499877929687,249.23219970703124,10.761053446041103,16.270810399732927
2024-09-13,231.58999633789065,235.4499969482422,229.82000732421875,232.5,8982424.0,241.3294982910156,249.40179962158203,10.995626917023015,16.035460786834705
2024-09-16,228.38999938964844,233.80999755859372,227.5,232.0,8067727.0,240.51399841308597,249.5597994995117,11.332166570085034,15.7816865196696
2024-09-17,227.7400054931641,235.0,224.5399932861328,230.0,19142098.0,239.87849884033204,249.5377996826172,11.686779730830818,15.811897360413866
2024-09-18,227.38999938964844,233.3300018310547,227.0,227.05999755859372,10331172.0,239.30049896240237,249.1579995727539,12.016336280796574,16.114469219018368
2024-09-19,230.00999450683597,237.5,225.75,235.0,24253906.0,237.94599838256835,248.9475994873047,11.416175036480167,16.297063766361944
2024-09-20,232.3699951171875,234.0,228.0399932861328,231.0,14476821.0,236.54949874877929,248.6493994140625,10.17902575764002,16.463757347075163
2024-09-23,230.2400054931641,233.3999938964844,228.3000030517578,233.0,5648228.0,235.3839988708496,247.5803994750977,9.437504970782244,15.866556969803366
2024-09-24,227.3500061035156,230.4199981689453,227.0,230.0,3939928.0,233.9939994812012,246.44219940185548,8.358645117371264,15.209243905244968
2024-09-25,223.47000122070312,228.5800018310547,222.8699951171875,227.3500061035156,4842465.0,232.46999969482425,245.11859954833983,7.231266953379753,14.219809740586207
2024-09-26,224.50999450683597,228.8999938964844,217.0,220.0,14222826.0,230.957999420166,244.16719970703124,5.205126954580074,13.96824868316751
2024-09-27,232.19000244140625,234.0,223.5,224.8699951171875,10159834.0,230.49249954223632,243.66299987792968,4.593037282811856,13.93580188254061
2024-09-30,234.8800048828125,237.0,226.2700042724609,232.3800048828125,10957632.0,230.29000015258788,242.9185998535156,4.280080119906144,13.36832476152808
2024-10-01,230.91000366210935,237.0,230.0,236.0,6535085.0,229.87050018310543,242.1397998046875,3.7257798791122063,12.893181637101703
2024-10-03,223.32000732421875,228.4900054931641,222.3000030517578,225.0,7162150.0,229.26350021362305,241.43320007324215,3.756010429769513,12.937925917013777
2024-10-04,221.66000366210935,226.69000244140625,218.0,224.2899932861328,6733533.0,228.5800003051758,240.48119995117187,3.836884344990533,12.59530133617922
2024-10-07,211.1300048828125,225.58999633789065,210.0,223.97999572753903,9932387.0,227.7665008544922,239.4802001953125,5.47523729863313,12.901820610200362
2024-10-08,224.38999938964844,225.3999938964844,206.0,208.1499938964844,14528642.0,227.8275009155273,238.80740020751952,5.427923665762036,12.7914017035216
2024-10-09,231.1300048828125,234.0,225.50999450683597,226.3999938964844,11941882.0,227.709001159668,238.10980010986327,5.322411374027987,12.215752674556274
2024-10-10,233.69000244140625,237.0,231.6000061035156,233.6000061035156,10834531.0,227.9500015258789,237.50480010986328,5.484408712963416,11.64617837452563
2024-10-11,228.6100006103516,239.8999938964844,225.0,238.0,19061371.0,227.74850158691407,236.82440002441408,5.375987126037192,11.130702524055785
2024-10-14,221.5,229.6999969482422,221.0,229.4900054931641,8045227.0,227.24400177001957,236.0973999023437,5.469146969289032,10.914387678574068
2024-10-15,222.67999267578125,225.8999938964844,220.16000366210935,222.6999969482422,5670233.0,226.95850143432617,235.46099975585935,5.554545139823764,10.74584868161402
2024-10-16,221.1100006103516,224.2899932861328,220.92999267578125,222.6699981689453,3370769.0,226.62700119018555,235.10519989013676,5.701351767474459,10.922719954551054
2024-10-17,217.7100067138672,224.3999938964844,217.0200042724609,221.9900054931641,4518520.0,226.14300155639648,234.7404000854492,6.034324358819231,11.195124547225983
2024-10-18,216.13999938964844,221.0,211.3699951171875,215.88999938964844,5532586.0,225.44950180053712,234.0982000732422,6.355005977565675,11.32457544473961
2024-10-21,210.02999877929688,218.1999969482422,209.0,216.19000244140625,4784083.0,224.33250198364257,233.34279998779297,7.004697643200027,11.64707363209908
2024-10-22,199.5200042724609,210.0,198.0,210.0,10110438.0,222.79650192260743,232.46420013427732,8.783433909422769,12.4951346285217
2024-10-23,200.4199981689453,203.8699951171875,188.47000122070312,199.0,14376392.0,221.4500015258789,231.51760009765624,10.025067967027896,13.092031928208833
2024-10-24,200.19000244140625,203.0,197.1999969482422,200.3800048828125,6264850.0,220.28600158691407,230.7114001464844,11.074738947317806,13.752106071951092
2024-10-25,191.25999450683597,200.88999938964844,190.0,199.97999572753903,8488645.0,218.62350158691407,229.81260009765623,12.772783272705697,14.813670799332384
2024-10-28,198.9600067138672,200.4499969482422,188.0,193.0,7754423.0,216.9620018005371,228.98980010986327,13.072927656004602,15.362955106212198
2024-10-29,205.3699951171875,209.50999450683597,197.47999572753903,199.7899932861328,9002675.0,215.48650131225585,228.2032000732422,12.600971272413217,15.547916070407847
2024-10-30,210.2100067138672,211.8300018310547,201.91000366210935,205.50999450683597,7183024.0,214.45150146484372,227.59840026855468,12.10793028509022,15.649625962715938
2024-10-31,210.0399932861328,213.9499969482422,208.2100067138672,210.8999938964844,5484791.0,213.78750076293943,227.0202001953125,11.95920832086253,15.75536966335535
2024-11-01,211.97999572753903,212.72999572753903,211.1199951171875,211.55999755859372,1570071.0,213.30350036621093,226.11779998779295,11.818888215699587,15.282408660226825
2024-11-04,205.3800048828125,212.0,203.1199951171875,212.0,5183081.0,213.01600036621093,225.01940032958984,11.94381766417899,14.739478295437108
2024-11-05,204.7700042724609,206.83999633789065,201.41000366210935,203.9900054931641,4672040.0,212.0350006103516,224.0438003540039,11.764849999895928,14.423486928767158
2024-11-06,209.8999938964844,211.75,205.8000030517578,205.9900054931641,5561341.0,210.9735000610352,223.1388003540039,10.875432506970965,13.83968894781182
2024-11-07,205.97999572753903,211.5800018310547,205.25,210.47999572753903,5042170.0,209.5879997253418,222.17940032958984,9.50824847888186,13.312863840949328
2024-11-08,200.5800018310547,205.9499969482422,200.0,205.5,3467278.0,208.1864997863769,221.09600036621092,8.577057710460421,12.802572379680605
2024-11-11,197.47000122070312,202.2899932861328,196.2100067138672,199.47999572753903,4876477.0,206.9849998474121,220.215400390625,8.292274375034054,12.884478033846396
2024-11-12,194.4900054931641,200.8500061035156,193.1999969482422,198.47000122070312,3537890.0,205.57550048828125,219.32660064697265,7.869102761227432,13.098169886997452
2024-11-13,187.58999633789065,195.2899932861328,187.0,192.9900054931641,6135625.0,203.8995002746582,218.2924005126953,7.955504278727528,13.523477256770072
2024-11-14,189.8600006103516,195.1000061035156,187.7100067138672,187.97999572753903,4515956.0,202.5069999694824,217.380400390625,7.847585075967833,13.875117112210264
2024-11-18,187.5200042724609,192.8000030517578,186.0,192.0,4132173.0,201.07600021362305,216.42420043945316,7.840191323435488,14.255084317556978
2024-11-19,190.1499938964844,193.33999633789065,187.6499938964844,187.6499938964844,3871625.0,200.0819999694824,215.67920043945315,7.905182157075682,14.637998255576976
2024-11-21,184.5800018310547,190.0,184.0,189.9900054931641,4160737.0,199.3349998474121,214.9074005126953,8.633417684139012,15.239946837376294
2024-11-22,185.5,187.8500061035156,181.3999938964844,184.6000061035156,6235018.0,198.58899993896483,213.9474005126953,9.1630889971363,15.553445349605756
2024-11-25,189.97000122070312,196.38999938964844,189.00999450683597,192.38999938964844,5629419.0,198.0779998779297,213.1694006347656,9.35212699720278,15.763262059126491
2024-11-26,190.42999267578125,192.6000061035156,189.25999450683597,190.5,2768289.0,198.03649978637696,212.32520050048828,9.385755387922044,15.829373285263143
2024-11-27,197.19000244140625,198.3999938964844,189.5,191.0,7167773.0,197.9479995727539,211.6372006225586,9.384933969960738,15.722178888848816
2024-11-28,208.41000366210935,213.0,200.0,200.0,27498429.0,198.1,211.23760070800785,9.534889274041436,15.540554629046582
2024-11-29,205.16000366210935,210.6999969482422,202.0,210.25,10682035.0,197.8474998474121,210.78600067138672,9.26022739988582,15.378452831634815
2024-12-02,203.9499969482422,207.47000122070312,201.0,203.5,6828904.0,197.5430000305176,210.3172006225586,8.932535416274412,15.218405386190904
2024-12-03,206.7100067138672,208.4199981689453,204.66000366210935,205.1000061035156,5755283.0,197.279500579834,209.85120086669923,8.553952973128798,14.95758710673793
2024-12-04,217.0200042724609,219.0,206.3600006103516,207.75,20170233.0,197.8615005493164,209.54420104980468,9.47997044923771,14.640121273420808
2024-12-05,220.8600006103516,226.0,217.1499938964844,220.50999450683597,23333519.0,198.6660003662109,209.35660095214843,10.701170956358649,14.428073331167376
2024-12-06,221.25,223.47000122070312,216.3000030517578,220.3999938964844,11933173.0,199.2335006713867,209.2346008300781,11.59214669234564,14.29802456236136
2024-12-09,221.80999755859372,225.8999938964844,220.47000122070312,222.1499938964844,7410010.0,200.02500076293944,209.20140075683597,12.575734784553552,14.266187139357674
2024-12-10,221.1499938964844,223.5,217.0500030517578,222.0,6277101.0,201.05350036621093,209.1342007446289,13.435291472530784,14.200366999134877
2024-12-11,225.42999267578125,227.8300018310547,221.69000244140625,221.8999938964844,11364606.0,202.45149993896484,208.9990005493164,14.45850312039982,14.007242740765369
2024-12-12,221.02999877929688,224.7400054931641,220.0,224.5,5545974.0,203.77849960327148,208.7220004272461,14.90050264135928,13.616482876560408
2024-12-13,217.47999572753903,219.97000122070312,212.6999969482422,219.8999938964844,5854750.0,205.27299957275392,208.45340026855467,14.688820229993718,13.298618450818967
2024-12-16,216.16000366210935,220.75999450683597,215.1199951171875,217.47999572753903,4636915.0,206.5879997253418,208.3102001953125,14.41097748288638,13.173225628719042
2024-12-17,212.50999450683597,216.7400054931641,212.0,215.2899932861328,4935296.0,207.8374992370605,208.12720001220703,13.73835537395058,13.046937529549222
2024-12-18,206.3300018310547,213.9499969482422,205.6699981689453,212.5,6155093.0,208.64649963378903,208.03119995117189,13.103717491123328,13.042050240823071
2024-12-19,209.02999877929688,212.75,200.0,200.0500030517578,7305551.0,209.8689994812012,207.72399993896485,11.817697405126216,12.828004551092196
2024-12-20,206.32000732421875,209.7899932861328,203.25,209.1499938964844,6713257.0,210.9099998474121,207.22779998779296,10.388695884900292,12.376035718878567
2024-12-23,201.58999633789065,208.75,200.50999450683597,208.0,4435629.0,211.4909996032715,206.58579986572263,9.43733556899542,11.794217892501964
2024-12-24,200.97000122070312,204.3500061035156,200.3500061035156,202.5,2972880.0,212.0180000305176,206.03299987792968,8.441044944525737,11.381391538026636
2024-12-26,199.17999267578125,203.4900054931641,198.5,202.0,3099729.0,212.11749954223632,205.5865997314453,8.266993575072455,11.19861466846832
2024-12-27,196.94000244140625,201.0,196.1000061035156,200.16000366210935,3101323.0,211.5439994812012,205.07179992675785,8.91052989971294,10.986418493637974
2024-12-30,218.47000122070312,222.5,195.32000732421875,196.94000244140625,27105385.0,212.2094993591309,205.01899993896484,8.905674165523,10.913871251816849
2024-12-31,215.25,219.5800018310547,211.6000061035156,215.75,17332627.0,212.77449951171877,204.9697998046875,8.710400241967204,10.860908534917284
2025-01-01,221.75999450683597,227.6499938964844,215.0500030517578,216.4499969482422,31034531.0,213.5269989013672,205.08219970703124,8.808447846762766,11.006967152073072
2025-01-02,222.4600067138672,224.9900054931641,220.1100006103516,223.6999969482422,11402806.0,213.7989990234375,205.33079986572267,9.003812574451675,11.258493689089574
2025-01-03,230.5500030517578,234.2899932861328,220.6100006103516,221.5800018310547,35753765.0,214.28349914550785,205.9513998413086,9.641870755970416,11.775030633560585
2025-01-06,214.67999267578125,231.8000030517578,213.3999938964844,231.4499969482422,22955524.0,213.9549987792969,206.23659973144527,9.502948531276743,11.810960798486194
2025-01-07,218.72000122070312,222.8999938964844,213.63999938964844,215.6999969482422,18450188.0,213.80049896240237,206.60719970703124,9.393002500599898,11.90767863311222
2025-01-08,223.3800048828125,225.97999572753903,215.6000061035156,220.91000366210935,26174024.0,213.9119995117188,207.2495999145508,9.497491729793335,11.929216488735776
2025-01-09,216.08999633789065,227.3000030517578,213.66000366210935,224.8999938964844,20675319.0,213.44499969482425,207.59219970703128,9.12360259252483,11.932266851298923
