Date_Ticker,Close_JSWINFRA.NS,High_JSWINFRA.NS,Low_JSWINFRA.NS,Open_JSWINFRA.NS,Volume_JSWINFRA.NS,MA_20_Unnamed: 6_level_1,MA_50_Unnamed: 7_level_1,Volatility_20_Unnamed: 8_level_1,Volatility_50_Unnamed: 9_level_1
Date,,,,,,,,,
2020-01-10,,,,,,,,,
2020-01-13,,,,,,,,,
2020-01-14,,,,,,,,,
2020-01-15,,,,,,,,,
2020-01-16,,,,,,,,,
2020-01-17,,,,,,,,,
2020-01-20,,,,,,,,,
2020-01-21,,,,,,,,,
2020-01-22,,,,,,,,,
2020-01-23,,,,,,,,,
2020-01-24,,,,,,,,,
2020-01-27,,,,,,,,,
2020-01-28,,,,,,,,,
2020-01-29,,,,,,,,,
2020-01-30,,,,,,,,,
2020-01-31,,,,,,,,,
2020-02-03,,,,,,,,,
2020-02-04,,,,,,,,,
2020-02-05,,,,,,,,,
2020-02-06,,,,,,,,,
2020-02-07,,,,,,,,,
2020-02-10,,,,,,,,,
2020-02-11,,,,,,,,,
2020-02-12,,,,,,,,,
2020-02-13,,,,,,,,,
2020-02-14,,,,,,,,,
2020-02-17,,,,,,,,,
2020-02-18,,,,,,,,,
2020-02-19,,,,,,,,,
2020-02-20,,,,,,,,,
2020-02-24,,,,,,,,,
2020-02-25,,,,,,,,,
2020-02-26,,,,,,,,,
2020-02-27,,,,,,,,,
2020-02-28,,,,,,,,,
2020-03-02,,,,,,,,,
2020-03-03,,,,,,,,,
2020-03-04,,,,,,,,,
2020-03-05,,,,,,,,,
2020-03-06,,,,,,,,,
2020-03-09,,,,,,,,,
2020-03-11,,,,,,,,,
2020-03-12,,,,,,,,,
2020-03-13,,,,,,,,,
2020-03-16,,,,,,,,,
2020-03-17,,,,,,,,,
2020-03-18,,,,,,,,,
2020-03-19,,,,,,,,,
2020-03-20,,,,,,,,,
2020-03-23,,,,,,,,,
2020-03-24,,,,,,,,,
2020-03-25,,,,,,,,,
2020-03-26,,,,,,,,,
2020-03-27,,,,,,,,,
2020-03-30,,,,,,,,,
2020-03-31,,,,,,,,,
2020-04-01,,,,,,,,,
2020-04-03,,,,,,,,,
2020-04-07,,,,,,,,,
2020-04-08,,,,,,,,,
2020-04-09,,,,,,,,,
2020-04-13,,,,,,,,,
2020-04-15,,,,,,,,,
2020-04-16,,,,,,,,,
2020-04-17,,,,,,,,,
2020-04-20,,,,,,,,,
2020-04-21,,,,,,,,,
2020-04-22,,,,,,,,,
2020-04-23,,,,,,,,,
2020-04-24,,,,,,,,,
2020-04-27,,,,,,,,,
2020-04-28,,,,,,,,,
2020-04-29,,,,,,,,,
2020-04-30,,,,,,,,,
2020-05-04,,,,,,,,,
2020-05-05,,,,,,,,,
2020-05-06,,,,,,,,,
2020-05-07,,,,,,,,,
2020-05-08,,,,,,,,,
2020-05-11,,,,,,,,,
2020-05-12,,,,,,,,,
2020-05-13,,,,,,,,,
2020-05-14,,,,,,,,,
2020-05-15,,,,,,,,,
2020-05-18,,,,,,,,,
2020-05-19,,,,,,,,,
2020-05-20,,,,,,,,,
2020-05-21,,,,,,,,,
2020-05-22,,,,,,,,,
2020-05-26,,,,,,,,,
2020-05-27,,,,,,,,,
2020-05-28,,,,,,,,,
2020-05-29,,,,,,,,,
2020-06-01,,,,,,,,,
2020-06-02,,,,,,,,,
2020-06-03,,,,,,,,,
2020-06-04,,,,,,,,,
2020-06-05,,,,,,,,,
2020-06-08,,,,,,,,,
2020-06-09,,,,,,,,,
2020-06-10,,,,,,,,,
2020-06-11,,,,,,,,,
2020-06-12,,,,,,,,,
2020-06-15,,,,,,,,,
2020-06-16,,,,,,,,,
2020-06-17,,,,,,,,,
2020-06-18,,,,,,,,,
2020-06-19,,,,,,,,,
2020-06-22,,,,,,,,,
2020-06-23,,,,,,,,,
2020-06-24,,,,,,,,,
2020-06-25,,,,,,,,,
2020-06-26,,,,,,,,,
2020-06-29,,,,,,,,,
2020-06-30,,,,,,,,,
2020-07-01,,,,,,,,,
2020-07-02,,,,,,,,,
2020-07-03,,,,,,,,,
2020-07-06,,,,,,,,,
2020-07-07,,,,,,,,,
2020-07-08,,,,,,,,,
2020-07-09,,,,,,,,,
2020-07-10,,,,,,,,,
2020-07-13,,,,,,,,,
2020-07-14,,,,,,,,,
2020-07-15,,,,,,,,,
2020-07-16,,,,,,,,,
2020-07-17,,,,,,,,,
2020-07-20,,,,,,,,,
2020-07-21,,,,,,,,,
2020-07-22,,,,,,,,,
2020-07-23,,,,,,,,,
2020-07-24,,,,,,,,,
2020-07-27,,,,,,,,,
2020-07-28,,,,,,,,,
2020-07-29,,,,,,,,,
2020-07-30,,,,,,,,,
2020-07-31,,,,,,,,,
2020-08-03,,,,,,,,,
2020-08-04,,,,,,,,,
2020-08-05,,,,,,,,,
2020-08-06,,,,,,,,,
2020-08-07,,,,,,,,,
2020-08-10,,,,,,,,,
2020-08-11,,,,,,,,,
2020-08-12,,,,,,,,,
2020-08-13,,,,,,,,,
2020-08-14,,,,,,,,,
2020-08-17,,,,,,,,,
2020-08-18,,,,,,,,,
2020-08-19,,,,,,,,,
2020-08-20,,,,,,,,,
2020-08-21,,,,,,,,,
2020-08-24,,,,,,,,,
2020-08-25,,,,,,,,,
2020-08-26,,,,,,,,,
2020-08-27,,,,,,,,,
2020-08-28,,,,,,,,,
2020-08-31,,,,,,,,,
2020-09-01,,,,,,,,,
2020-09-02,,,,,,,,,
2020-09-03,,,,,,,,,
2020-09-04,,,,,,,,,
2020-09-07,,,,,,,,,
2020-09-08,,,,,,,,,
2020-09-09,,,,,,,,,
2020-09-10,,,,,,,,,
2020-09-11,,,,,,,,,
2020-09-14,,,,,,,,,
2020-09-15,,,,,,,,,
2020-09-16,,,,,,,,,
2020-09-17,,,,,,,,,
2020-09-18,,,,,,,,,
2020-09-21,,,,,,,,,
2020-09-22,,,,,,,,,
2020-09-23,,,,,,,,,
2020-09-24,,,,,,,,,
2020-09-25,,,,,,,,,
2020-09-28,,,,,,,,,
2020-09-29,,,,,,,,,
2020-09-30,,,,,,,,,
2020-10-01,,,,,,,,,
2020-10-05,,,,,,,,,
2020-10-06,,,,,,,,,
2020-10-07,,,,,,,,,
2020-10-08,,,,,,,,,
2020-10-09,,,,,,,,,
2020-10-12,,,,,,,,,
2020-10-13,,,,,,,,,
2020-10-14,,,,,,,,,
2020-10-15,,,,,,,,,
2020-10-16,,,,,,,,,
2020-10-19,,,,,,,,,
2020-10-20,,,,,,,,,
2020-10-21,,,,,,,,,
2020-10-22,,,,,,,,,
2020-10-23,,,,,,,,,
2020-10-26,,,,,,,,,
2020-10-27,,,,,,,,,
2020-10-28,,,,,,,,,
2020-10-29,,,,,,,,,
2020-10-30,,,,,,,,,
2020-11-02,,,,,,,,,
2020-11-03,,,,,,,,,
2020-11-04,,,,,,,,,
2020-11-05,,,,,,,,,
2020-11-06,,,,,,,,,
2020-11-09,,,,,,,,,
2020-11-10,,,,,,,,,
2020-11-11,,,,,,,,,
2020-11-12,,,,,,,,,
2020-11-13,,,,,,,,,
2020-11-14,,,,,,,,,
2020-11-17,,,,,,,,,
2020-11-18,,,,,,,,,
2020-11-19,,,,,,,,,
2020-11-20,,,,,,,,,
2020-11-23,,,,,,,,,
2020-11-24,,,,,,,,,
2020-11-25,,,,,,,,,
2020-11-26,,,,,,,,,
2020-11-27,,,,,,,,,
2020-12-01,,,,,,,,,
2020-12-02,,,,,,,,,
2020-12-03,,,,,,,,,
2020-12-04,,,,,,,,,
2020-12-07,,,,,,,,,
2020-12-08,,,,,,,,,
2020-12-09,,,,,,,,,
2020-12-10,,,,,,,,,
2020-12-11,,,,,,,,,
2020-12-14,,,,,,,,,
2020-12-15,,,,,,,,,
2020-12-16,,,,,,,,,
2020-12-17,,,,,,,,,
2020-12-18,,,,,,,,,
2020-12-21,,,,,,,,,
2020-12-22,,,,,,,,,
2020-12-23,,,,,,,,,
2020-12-24,,,,,,,,,
2020-12-28,,,,,,,,,
2020-12-29,,,,,,,,,
2020-12-30,,,,,,,,,
2020-12-31,,,,,,,,,
2021-01-01,,,,,,,,,
2021-01-04,,,,,,,,,
2021-01-05,,,,,,,,,
2021-01-06,,,,,,,,,
2021-01-07,,,,,,,,,
2021-01-08,,,,,,,,,
2021-01-11,,,,,,,,,
2021-01-12,,,,,,,,,
2021-01-13,,,,,,,,,
2021-01-14,,,,,,,,,
2021-01-15,,,,,,,,,
2021-01-18,,,,,,,,,
2021-01-19,,,,,,,,,
2021-01-20,,,,,,,,,
2021-01-21,,,,,,,,,
2021-01-22,,,,,,,,,
2021-01-25,,,,,,,,,
2021-01-27,,,,,,,,,
2021-01-28,,,,,,,,,
2021-01-29,,,,,,,,,
2021-02-01,,,,,,,,,
2021-02-02,,,,,,,,,
2021-02-03,,,,,,,,,
2021-02-04,,,,,,,,,
2021-02-05,,,,,,,,,
2021-02-08,,,,,,,,,
2021-02-09,,,,,,,,,
2021-02-10,,,,,,,,,
2021-02-11,,,,,,,,,
2021-02-12,,,,,,,,,
2021-02-15,,,,,,,,,
2021-02-16,,,,,,,,,
2021-02-17,,,,,,,,,
2021-02-18,,,,,,,,,
2021-02-19,,,,,,,,,
2021-02-22,,,,,,,,,
2021-02-23,,,,,,,,,
2021-02-24,,,,,,,,,
2021-02-25,,,,,,,,,
2021-02-26,,,,,,,,,
2021-03-01,,,,,,,,,
2021-03-02,,,,,,,,,
2021-03-03,,,,,,,,,
2021-03-04,,,,,,,,,
2021-03-05,,,,,,,,,
2021-03-08,,,,,,,,,
2021-03-09,,,,,,,,,
2021-03-10,,,,,,,,,
2021-03-12,,,,,,,,,
2021-03-15,,,,,,,,,
2021-03-16,,,,,,,,,
2021-03-17,,,,,,,,,
2021-03-18,,,,,,,,,
2021-03-19,,,,,,,,,
2021-03-22,,,,,,,,,
2021-03-23,,,,,,,,,
2021-03-24,,,,,,,,,
2021-03-25,,,,,,,,,
2021-03-26,,,,,,,,,
2021-03-30,,,,,,,,,
2021-03-31,,,,,,,,,
2021-04-01,,,,,,,,,
2021-04-05,,,,,,,,,
2021-04-06,,,,,,,,,
2021-04-07,,,,,,,,,
2021-04-08,,,,,,,,,
2021-04-09,,,,,,,,,
2021-04-12,,,,,,,,,
2021-04-13,,,,,,,,,
2021-04-15,,,,,,,,,
2021-04-16,,,,,,,,,
2021-04-19,,,,,,,,,
2021-04-20,,,,,,,,,
2021-04-22,,,,,,,,,
2021-04-23,,,,,,,,,
2021-04-26,,,,,,,,,
2021-04-27,,,,,,,,,
2021-04-28,,,,,,,,,
2021-04-29,,,,,,,,,
2021-04-30,,,,,,,,,
2021-05-03,,,,,,,,,
2021-05-04,,,,,,,,,
2021-05-05,,,,,,,,,
2021-05-06,,,,,,,,,
2021-05-07,,,,,,,,,
2021-05-10,,,,,,,,,
2021-05-11,,,,,,,,,
2021-05-12,,,,,,,,,
2021-05-14,,,,,,,,,
2021-05-17,,,,,,,,,
2021-05-18,,,,,,,,,
2021-05-19,,,,,,,,,
2021-05-20,,,,,,,,,
2021-05-21,,,,,,,,,
2021-05-24,,,,,,,,,
2021-05-25,,,,,,,,,
2021-05-26,,,,,,,,,
2021-05-27,,,,,,,,,
2021-05-28,,,,,,,,,
2021-05-31,,,,,,,,,
2021-06-01,,,,,,,,,
2021-06-02,,,,,,,,,
2021-06-03,,,,,,,,,
2021-06-04,,,,,,,,,
2021-06-07,,,,,,,,,
2021-06-08,,,,,,,,,
2021-06-09,,,,,,,,,
2021-06-10,,,,,,,,,
2021-06-11,,,,,,,,,
2021-06-14,,,,,,,,,
2021-06-15,,,,,,,,,
2021-06-16,,,,,,,,,
2021-06-17,,,,,,,,,
2021-06-18,,,,,,,,,
2021-06-21,,,,,,,,,
2021-06-22,,,,,,,,,
2021-06-23,,,,,,,,,
2021-06-24,,,,,,,,,
2021-06-25,,,,,,,,,
2021-06-28,,,,,,,,,
2021-06-29,,,,,,,,,
2021-06-30,,,,,,,,,
2021-07-01,,,,,,,,,
2021-07-02,,,,,,,,,
2021-07-05,,,,,,,,,
2021-07-06,,,,,,,,,
2021-07-07,,,,,,,,,
2021-07-08,,,,,,,,,
2021-07-09,,,,,,,,,
2021-07-12,,,,,,,,,
2021-07-13,,,,,,,,,
2021-07-14,,,,,,,,,
2021-07-15,,,,,,,,,
2021-07-16,,,,,,,,,
2021-07-19,,,,,,,,,
2021-07-20,,,,,,,,,
2021-07-22,,,,,,,,,
2021-07-23,,,,,,,,,
2021-07-26,,,,,,,,,
2021-07-27,,,,,,,,,
2021-07-28,,,,,,,,,
2021-07-29,,,,,,,,,
2021-07-30,,,,,,,,,
2021-08-02,,,,,,,,,
2021-08-03,,,,,,,,,
2021-08-04,,,,,,,,,
2021-08-05,,,,,,,,,
2021-08-06,,,,,,,,,
2021-08-09,,,,,,,,,
2021-08-10,,,,,,,,,
2021-08-11,,,,,,,,,
2021-08-12,,,,,,,,,
2021-08-13,,,,,,,,,
2021-08-16,,,,,,,,,
2021-08-17,,,,,,,,,
2021-08-18,,,,,,,,,
2021-08-20,,,,,,,,,
2021-08-23,,,,,,,,,
2021-08-24,,,,,,,,,
2021-08-25,,,,,,,,,
2021-08-26,,,,,,,,,
2021-08-27,,,,,,,,,
2021-08-30,,,,,,,,,
2021-08-31,,,,,,,,,
2021-09-01,,,,,,,,,
2021-09-02,,,,,,,,,
2021-09-03,,,,,,,,,
2021-09-06,,,,,,,,,
2021-09-07,,,,,,,,,
2021-09-08,,,,,,,,,
2021-09-09,,,,,,,,,
2021-09-13,,,,,,,,,
2021-09-14,,,,,,,,,
2021-09-15,,,,,,,,,
2021-09-16,,,,,,,,,
2021-09-17,,,,,,,,,
2021-09-20,,,,,,,,,
2021-09-21,,,,,,,,,
2021-09-22,,,,,,,,,
2021-09-23,,,,,,,,,
2021-09-24,,,,,,,,,
2021-09-27,,,,,,,,,
2021-09-28,,,,,,,,,
2021-09-29,,,,,,,,,
2021-09-30,,,,,,,,,
2021-10-01,,,,,,,,,
2021-10-04,,,,,,,,,
2021-10-05,,,,,,,,,
2021-10-06,,,,,,,,,
2021-10-07,,,,,,,,,
2021-10-08,,,,,,,,,
2021-10-11,,,,,,,,,
2021-10-12,,,,,,,,,
2021-10-13,,,,,,,,,
2021-10-14,,,,,,,,,
2021-10-18,,,,,,,,,
2021-10-19,,,,,,,,,
2021-10-20,,,,,,,,,
2021-10-21,,,,,,,,,
2021-10-22,,,,,,,,,
2021-10-25,,,,,,,,,
2021-10-26,,,,,,,,,
2021-10-27,,,,,,,,,
2021-10-28,,,,,,,,,
2021-10-29,,,,,,,,,
2021-11-01,,,,,,,,,
2021-11-02,,,,,,,,,
2021-11-03,,,,,,,,,
2021-11-04,,,,,,,,,
2021-11-08,,,,,,,,,
2021-11-09,,,,,,,,,
2021-11-10,,,,,,,,,
2021-11-11,,,,,,,,,
2021-11-12,,,,,,,,,
2021-11-15,,,,,,,,,
2021-11-16,,,,,,,,,
2021-11-17,,,,,,,,,
2021-11-18,,,,,,,,,
2021-11-22,,,,,,,,,
2021-11-23,,,,,,,,,
2021-11-24,,,,,,,,,
2021-11-25,,,,,,,,,
2021-11-26,,,,,,,,,
2021-11-29,,,,,,,,,
2021-11-30,,,,,,,,,
2021-12-01,,,,,,,,,
2021-12-02,,,,,,,,,
2021-12-03,,,,,,,,,
2021-12-06,,,,,,,,,
2021-12-07,,,,,,,,,
2021-12-08,,,,,,,,,
2021-12-09,,,,,,,,,
2021-12-10,,,,,,,,,
2021-12-13,,,,,,,,,
2021-12-14,,,,,,,,,
2021-12-15,,,,,,,,,
2021-12-16,,,,,,,,,
2021-12-17,,,,,,,,,
2021-12-20,,,,,,,,,
2021-12-21,,,,,,,,,
2021-12-22,,,,,,,,,
2021-12-23,,,,,,,,,
2021-12-24,,,,,,,,,
2021-12-27,,,,,,,,,
2021-12-28,,,,,,,,,
2021-12-29,,,,,,,,,
2021-12-30,,,,,,,,,
2021-12-31,,,,,,,,,
2022-01-03,,,,,,,,,
2022-01-04,,,,,,,,,
2022-01-05,,,,,,,,,
2022-01-06,,,,,,,,,
2022-01-07,,,,,,,,,
2022-01-10,,,,,,,,,
2022-01-11,,,,,,,,,
2022-01-12,,,,,,,,,
2022-01-13,,,,,,,,,
2022-01-14,,,,,,,,,
2022-01-17,,,,,,,,,
2022-01-18,,,,,,,,,
2022-01-19,,,,,,,,,
2022-01-20,,,,,,,,,
2022-01-21,,,,,,,,,
2022-01-24,,,,,,,,,
2022-01-25,,,,,,,,,
2022-01-27,,,,,,,,,
2022-01-28,,,,,,,,,
2022-01-31,,,,,,,,,
2022-02-01,,,,,,,,,
2022-02-02,,,,,,,,,
2022-02-03,,,,,,,,,
2022-02-04,,,,,,,,,
2022-02-07,,,,,,,,,
2022-02-08,,,,,,,,,
2022-02-09,,,,,,,,,
2022-02-10,,,,,,,,,
2022-02-11,,,,,,,,,
2022-02-14,,,,,,,,,
2022-02-15,,,,,,,,,
2022-02-16,,,,,,,,,
2022-02-17,,,,,,,,,
2022-02-18,,,,,,,,,
2022-02-21,,,,,,,,,
2022-02-22,,,,,,,,,
2022-02-23,,,,,,,,,
2022-02-24,,,,,,,,,
2022-02-25,,,,,,,,,
2022-02-28,,,,,,,,,
2022-03-02,,,,,,,,,
2022-03-03,,,,,,,,,
2022-03-04,,,,,,,,,
2022-03-07,,,,,,,,,
2022-03-08,,,,,,,,,
2022-03-09,,,,,,,,,
2022-03-10,,,,,,,,,
2022-03-11,,,,,,,,,
2022-03-14,,,,,,,,,
2022-03-15,,,,,,,,,
2022-03-16,,,,,,,,,
2022-03-17,,,,,,,,,
2022-03-21,,,,,,,,,
2022-03-22,,,,,,,,,
2022-03-23,,,,,,,,,
2022-03-24,,,,,,,,,
2022-03-25,,,,,,,,,
2022-03-28,,,,,,,,,
2022-03-29,,,,,,,,,
2022-03-30,,,,,,,,,
2022-03-31,,,,,,,,,
2022-04-01,,,,,,,,,
2022-04-04,,,,,,,,,
2022-04-05,,,,,,,,,
2022-04-06,,,,,,,,,
2022-04-07,,,,,,,,,
2022-04-08,,,,,,,,,
2022-04-11,,,,,,,,,
2022-04-12,,,,,,,,,
2022-04-13,,,,,,,,,
2022-04-18,,,,,,,,,
2022-04-19,,,,,,,,,
2022-04-20,,,,,,,,,
2022-04-21,,,,,,,,,
2022-04-22,,,,,,,,,
2022-04-25,,,,,,,,,
2022-04-26,,,,,,,,,
2022-04-27,,,,,,,,,
2022-04-28,,,,,,,,,
2022-04-29,,,,,,,,,
2022-05-02,,,,,,,,,
2022-05-04,,,,,,,,,
2022-05-05,,,,,,,,,
2022-05-06,,,,,,,,,
2022-05-09,,,,,,,,,
2022-05-10,,,,,,,,,
2022-05-11,,,,,,,,,
2022-05-12,,,,,,,,,
2022-05-13,,,,,,,,,
2022-05-16,,,,,,,,,
2022-05-17,,,,,,,,,
2022-05-18,,,,,,,,,
2022-05-19,,,,,,,,,
2022-05-20,,,,,,,,,
2022-05-23,,,,,,,,,
2022-05-24,,,,,,,,,
2022-05-25,,,,,,,,,
2022-05-26,,,,,,,,,
2022-05-27,,,,,,,,,
2022-05-30,,,,,,,,,
2022-05-31,,,,,,,,,
2022-06-01,,,,,,,,,
2022-06-02,,,,,,,,,
2022-06-03,,,,,,,,,
2022-06-06,,,,,,,,,
2022-06-07,,,,,,,,,
2022-06-08,,,,,,,,,
2022-06-09,,,,,,,,,
2022-06-10,,,,,,,,,
2022-06-13,,,,,,,,,
2022-06-14,,,,,,,,,
2022-06-15,,,,,,,,,
2022-06-16,,,,,,,,,
2022-06-17,,,,,,,,,
2022-06-20,,,,,,,,,
2022-06-21,,,,,,,,,
2022-06-22,,,,,,,,,
2022-06-23,,,,,,,,,
2022-06-24,,,,,,,,,
2022-06-27,,,,,,,,,
2022-06-28,,,,,,,,,
2022-06-29,,,,,,,,,
2022-06-30,,,,,,,,,
2022-07-01,,,,,,,,,
2022-07-04,,,,,,,,,
2022-07-05,,,,,,,,,
2022-07-06,,,,,,,,,
2022-07-07,,,,,,,,,
2022-07-08,,,,,,,,,
2022-07-11,,,,,,,,,
2022-07-12,,,,,,,,,
2022-07-13,,,,,,,,,
2022-07-14,,,,,,,,,
2022-07-15,,,,,,,,,
2022-07-18,,,,,,,,,
2022-07-19,,,,,,,,,
2022-07-20,,,,,,,,,
2022-07-21,,,,,,,,,
2022-07-22,,,,,,,,,
2022-07-25,,,,,,,,,
2022-07-26,,,,,,,,,
2022-07-27,,,,,,,,,
2022-07-28,,,,,,,,,
2022-07-29,,,,,,,,,
2022-08-01,,,,,,,,,
2022-08-02,,,,,,,,,
2022-08-03,,,,,,,,,
2022-08-04,,,,,,,,,
2022-08-05,,,,,,,,,
2022-08-08,,,,,,,,,
2022-08-10,,,,,,,,,
2022-08-11,,,,,,,,,
2022-08-12,,,,,,,,,
2022-08-16,,,,,,,,,
2022-08-17,,,,,,,,,
2022-08-18,,,,,,,,,
2022-08-19,,,,,,,,,
2022-08-22,,,,,,,,,
2022-08-23,,,,,,,,,
2022-08-24,,,,,,,,,
2022-08-25,,,,,,,,,
2022-08-26,,,,,,,,,
2022-08-29,,,,,,,,,
2022-08-30,,,,,,,,,
2022-09-01,,,,,,,,,
2022-09-02,,,,,,,,,
2022-09-05,,,,,,,,,
2022-09-06,,,,,,,,,
2022-09-07,,,,,,,,,
2022-09-08,,,,,,,,,
2022-09-09,,,,,,,,,
2022-09-12,,,,,,,,,
2022-09-13,,,,,,,,,
2022-09-14,,,,,,,,,
2022-09-15,,,,,,,,,
2022-09-16,,,,,,,,,
2022-09-19,,,,,,,,,
2022-09-20,,,,,,,,,
2022-09-21,,,,,,,,,
2022-09-22,,,,,,,,,
2022-09-23,,,,,,,,,
2022-09-26,,,,,,,,,
2022-09-27,,,,,,,,,
2022-09-28,,,,,,,,,
2022-09-29,,,,,,,,,
2022-09-30,,,,,,,,,
2022-10-03,,,,,,,,,
2022-10-04,,,,,,,,,
2022-10-06,,,,,,,,,
2022-10-07,,,,,,,,,
2022-10-10,,,,,,,,,
2022-10-11,,,,,,,,,
2022-10-12,,,,,,,,,
2022-10-13,,,,,,,,,
2022-10-14,,,,,,,,,
2022-10-17,,,,,,,,,
2022-10-18,,,,,,,,,
2022-10-19,,,,,,,,,
2022-10-20,,,,,,,,,
2022-10-21,,,,,,,,,
2022-10-24,,,,,,,,,
2022-10-25,,,,,,,,,
2022-10-27,,,,,,,,,
2022-10-28,,,,,,,,,
2022-10-31,,,,,,,,,
2022-11-01,,,,,,,,,
2022-11-02,,,,,,,,,
2022-11-03,,,,,,,,,
2022-11-04,,,,,,,,,
2022-11-07,,,,,,,,,
2022-11-09,,,,,,,,,
2022-11-10,,,,,,,,,
2022-11-11,,,,,,,,,
2022-11-14,,,,,,,,,
2022-11-15,,,,,,,,,
2022-11-16,,,,,,,,,
2022-11-17,,,,,,,,,
2022-11-18,,,,,,,,,
2022-11-21,,,,,,,,,
2022-11-22,,,,,,,,,
2022-11-23,,,,,,,,,
2022-11-24,,,,,,,,,
2022-11-25,,,,,,,,,
2022-11-28,,,,,,,,,
2022-11-29,,,,,,,,,
2022-11-30,,,,,,,,,
2022-12-01,,,,,,,,,
2022-12-02,,,,,,,,,
2022-12-05,,,,,,,,,
2022-12-06,,,,,,,,,
2022-12-07,,,,,,,,,
2022-12-08,,,,,,,,,
2022-12-09,,,,,,,,,
2022-12-12,,,,,,,,,
2022-12-13,,,,,,,,,
2022-12-14,,,,,,,,,
2022-12-15,,,,,,,,,
2022-12-16,,,,,,,,,
2022-12-19,,,,,,,,,
2022-12-20,,,,,,,,,
2022-12-21,,,,,,,,,
2022-12-22,,,,,,,,,
2022-12-23,,,,,,,,,
2022-12-26,,,,,,,,,
2022-12-27,,,,,,,,,
2022-12-28,,,,,,,,,
2022-12-29,,,,,,,,,
2022-12-30,,,,,,,,,
2023-01-02,,,,,,,,,
2023-01-03,,,,,,,,,
2023-01-04,,,,,,,,,
2023-01-05,,,,,,,,,
2023-01-06,,,,,,,,,
2023-01-09,,,,,,,,,
2023-01-10,,,,,,,,,
2023-01-11,,,,,,,,,
2023-01-12,,,,,,,,,
2023-01-13,,,,,,,,,
2023-01-16,,,,,,,,,
2023-01-17,,,,,,,,,
2023-01-18,,,,,,,,,
2023-01-19,,,,,,,,,
2023-01-20,,,,,,,,,
2023-01-23,,,,,,,,,
2023-01-24,,,,,,,,,
2023-01-25,,,,,,,,,
2023-01-27,,,,,,,,,
2023-01-30,,,,,,,,,
2023-01-31,,,,,,,,,
2023-02-01,,,,,,,,,
2023-02-02,,,,,,,,,
2023-02-03,,,,,,,,,
2023-02-06,,,,,,,,,
2023-02-07,,,,,,,,,
2023-02-08,,,,,,,,,
2023-02-09,,,,,,,,,
2023-02-10,,,,,,,,,
2023-02-13,,,,,,,,,
2023-02-14,,,,,,,,,
2023-02-15,,,,,,,,,
2023-02-16,,,,,,,,,
2023-02-17,,,,,,,,,
2023-02-20,,,,,,,,,
2023-02-21,,,,,,,,,
2023-02-22,,,,,,,,,
2023-02-23,,,,,,,,,
2023-02-24,,,,,,,,,
2023-02-27,,,,,,,,,
2023-02-28,,,,,,,,,
2023-03-01,,,,,,,,,
2023-03-02,,,,,,,,,
2023-03-03,,,,,,,,,
2023-03-06,,,,,,,,,
2023-03-08,,,,,,,,,
2023-03-09,,,,,,,,,
2023-03-10,,,,,,,,,
2023-03-13,,,,,,,,,
2023-03-14,,,,,,,,,
2023-03-15,,,,,,,,,
2023-03-16,,,,,,,,,
2023-03-17,,,,,,,,,
2023-03-20,,,,,,,,,
2023-03-21,,,,,,,,,
2023-03-22,,,,,,,,,
2023-03-23,,,,,,,,,
2023-03-24,,,,,,,,,
2023-03-27,,,,,,,,,
2023-03-28,,,,,,,,,
2023-03-29,,,,,,,,,
2023-03-31,,,,,,,,,
2023-04-03,,,,,,,,,
2023-04-05,,,,,,,,,
2023-04-06,,,,,,,,,
2023-04-10,,,,,,,,,
2023-04-11,,,,,,,,,
2023-04-12,,,,,,,,,
2023-04-13,,,,,,,,,
2023-04-17,,,,,,,,,
2023-04-18,,,,,,,,,
2023-04-19,,,,,,,,,
2023-04-20,,,,,,,,,
2023-04-21,,,,,,,,,
2023-04-24,,,,,,,,,
2023-04-25,,,,,,,,,
2023-04-26,,,,,,,,,
2023-04-27,,,,,,,,,
2023-04-28,,,,,,,,,
2023-05-02,,,,,,,,,
2023-05-03,,,,,,,,,
2023-05-04,,,,,,,,,
2023-05-05,,,,,,,,,
2023-05-08,,,,,,,,,
2023-05-09,,,,,,,,,
2023-05-10,,,,,,,,,
2023-05-11,,,,,,,,,
2023-05-12,,,,,,,,,
2023-05-15,,,,,,,,,
2023-05-16,,,,,,,,,
2023-05-17,,,,,,,,,
2023-05-18,,,,,,,,,
2023-05-19,,,,,,,,,
2023-05-22,,,,,,,,,
2023-05-23,,,,,,,,,
2023-05-24,,,,,,,,,
2023-05-25,,,,,,,,,
2023-05-26,,,,,,,,,
2023-05-29,,,,,,,,,
2023-05-30,,,,,,,,,
2023-05-31,,,,,,,,,
2023-06-01,,,,,,,,,
2023-06-02,,,,,,,,,
2023-06-05,,,,,,,,,
2023-06-06,,,,,,,,,
2023-06-07,,,,,,,,,
2023-06-08,,,,,,,,,
2023-06-09,,,,,,,,,
2023-06-12,,,,,,,,,
2023-06-13,,,,,,,,,
2023-06-14,,,,,,,,,
2023-06-15,,,,,,,,,
2023-06-16,,,,,,,,,
2023-06-19,,,,,,,,,
2023-06-20,,,,,,,,,
2023-06-21,,,,,,,,,
2023-06-22,,,,,,,,,
2023-06-23,,,,,,,,,
2023-06-26,,,,,,,,,
2023-06-27,,,,,,,,,
2023-06-28,,,,,,,,,
2023-06-30,,,,,,,,,
2023-07-03,,,,,,,,,
2023-07-04,,,,,,,,,
2023-07-05,,,,,,,,,
2023-07-06,,,,,,,,,
2023-07-07,,,,,,,,,
2023-07-10,,,,,,,,,
2023-07-11,,,,,,,,,
2023-07-12,,,,,,,,,
2023-07-13,,,,,,,,,
2023-07-14,,,,,,,,,
2023-07-17,,,,,,,,,
2023-07-18,,,,,,,,,
2023-07-19,,,,,,,,,
2023-07-20,,,,,,,,,
2023-07-21,,,,,,,,,
2023-07-24,,,,,,,,,
2023-07-25,,,,,,,,,
2023-07-26,,,,,,,,,
2023-07-27,,,,,,,,,
2023-07-28,,,,,,,,,
2023-07-31,,,,,,,,,
2023-08-01,,,,,,,,,
2023-08-02,,,,,,,,,
2023-08-03,,,,,,,,,
2023-08-04,,,,,,,,,
2023-08-07,,,,,,,,,
2023-08-08,,,,,,,,,
2023-08-09,,,,,,,,,
2023-08-10,,,,,,,,,
2023-08-11,,,,,,,,,
2023-08-14,,,,,,,,,
2023-08-16,,,,,,,,,
2023-08-17,,,,,,,,,
2023-08-18,,,,,,,,,
2023-08-21,,,,,,,,,
2023-08-22,,,,,,,,,
2023-08-23,,,,,,,,,
2023-08-24,,,,,,,,,
2023-08-25,,,,,,,,,
2023-08-28,,,,,,,,,
2023-08-29,,,,,,,,,
2023-08-30,,,,,,,,,
2023-08-31,,,,,,,,,
2023-09-01,,,,,,,,,
2023-09-04,,,,,,,,,
2023-09-05,,,,,,,,,
2023-09-06,,,,,,,,,
2023-09-07,,,,,,,,,
2023-09-08,,,,,,,,,
2023-09-11,,,,,,,,,
2023-09-12,,,,,,,,,
2023-09-13,,,,,,,,,
2023-09-14,,,,,,,,,
2023-09-15,,,,,,,,,
2023-09-18,,,,,,,,,
2023-09-20,,,,,,,,,
2023-09-21,,,,,,,,,
2023-09-22,,,,,,,,,
2023-09-25,,,,,,,,,
2023-09-26,,,,,,,,,
2023-09-27,,,,,,,,,
2023-09-28,,,,,,,,,
2023-09-29,,,,,,,,,
2023-10-03,157.04258728027344,157.04258728027344,141.96729179115795,142.76598566682702,122117100.0,,,,
2023-10-04,164.68006896972656,168.42393238325695,160.13751164787917,164.8298326465593,55015120.0,,,,
2023-10-05,163.53195190429688,167.57532731292272,159.03931594667233,166.22753043210784,14856340.0,,,,
2023-10-06,171.31919860839844,173.06633489570044,163.73162921001622,164.87974124814406,14529440.0,,,,
2023-10-09,162.58351135253906,168.77336235923474,160.9362023431819,167.72507757761088,8685101.0,,,,
2023-10-10,169.4722137451172,174.5139527530759,162.78318096217677,163.73162329425165,11096550.0,,,,
2023-10-11,172.41738891601562,175.51232213800094,169.9214799414531,171.46894655244574,6367753.0,,,,
2023-10-12,171.8682861328125,174.51395878980355,170.91984376792942,173.36583151962347,3980057.0,,,,
2023-10-13,169.9713897705078,174.3641831776573,169.0728686934422,170.27090187413583,3828930.0,,,,
2023-10-16,167.57533264160156,170.72017181841306,165.4787630345144,170.62032936709682,3230784.0,,,,
2023-10-17,176.71034240722656,177.4591150445453,168.02458286109265,169.42228569056036,11425810.0,,,,
2023-10-18,174.81346130371094,186.0450510873464,173.21607355206646,178.607230554684,16767220.0,,,,
2023-10-19,178.60723876953125,181.25291140276363,174.01477543151054,174.71362689231594,6152869.0,,,,
2023-10-20,175.81182861328125,181.20298573160304,175.06305594496885,179.15633739145198,3401682.0,,,,
2023-10-23,167.07614135742188,178.15796730185883,166.22752627091987,176.9100129004255,5466657.0,,,,
2023-10-25,165.37892150878906,170.52050310396706,162.08433387038335,169.72180919042472,3701887.0,,,,
2023-10-26,171.91819763183594,173.1661520502346,161.78481384796623,165.7283467633423,5038029.0,,,,
2023-10-27,175.91165161132812,179.65551486313203,172.46730046643228,173.71525488370025,4251314.0,,,,
2023-10-30,169.4722137451172,177.10968886013245,168.22425929927684,177.10968886013245,5625385.0,,,,
2023-10-31,169.2725372314453,172.6170458706806,167.72507073445306,171.16942181884335,2413657.0,169.77172317504883,,5.402850560622944,
2023-11-01,167.8748321533203,173.21608347206748,167.37565035657084,170.57042604282304,2823188.0,170.31333541870117,,4.532488034641637,
2023-11-02,171.46893310546875,172.71688749488266,169.27253642686395,170.22097871605487,1766150.0,170.65277862548828,,4.338461946813727,
2023-11-03,171.16943359375,174.41411524485335,169.9214791125564,171.76845783825067,2521359.0,171.03465270996094,,4.001756141142246,
2023-11-06,187.9918670654297,188.2414579629585,176.91002512162476,178.70708263059575,20256520.0,171.8682861328125,,5.5147374356800025,
2023-11-07,205.56304931640625,206.761097766171,187.0434176090744,194.0818684654386,23030250.0,174.01726303100585,,8.987131852657619,
2023-11-08,202.0188751220703,215.09742879015,201.17025999135828,208.05896255262152,18757430.0,175.64459609985352,,10.870217128882596,
2023-11-09,199.0736846923828,206.16207195230933,197.8756514856707,202.1686177740564,5998279.0,176.97741088867187,,12.026396863818738,
2023-11-10,196.67762756347656,206.261924137255,194.53115193486488,199.0237880974824,7928580.0,178.21787796020507,,12.730548462876856,
2023-11-13,200.07205200195312,202.61788213526123,198.92393999762743,202.61788213526123,3623579.0,179.72291107177733,,13.462556810011773,
2023-11-15,197.52622985839844,201.91902328251288,196.82736320262796,201.66943240082867,2728869.0,181.2204559326172,,13.703841119783904,
2023-11-16,202.46812438964844,206.31181479161637,196.17843118282477,198.12523699512727,6737642.0,182.5083450317383,,14.447835553620289,
2023-11-17,208.95748901367188,219.63997569383565,207.41002250179253,213.10069155255096,16087740.0,184.21554641723637,,15.471730318434432,
2023-11-20,206.2119903564453,212.1023290952932,205.16370560222495,210.65470502223587,3768056.0,185.59578399658204,,16.161037710414902,
2023-11-21,206.9108428955078,209.4566729598037,203.7160826261527,207.6096943241451,3695871.0,187.15073471069337,,16.65857164554846,
2023-11-22,207.8592834472656,211.60314667662493,204.86419286377816,207.16043202454887,3523114.0,189.18989181518555,,16.567793161602665,
2023-11-23,205.56304931640625,209.955858086633,204.0655039880192,209.05732174930944,2434510.0,191.1990982055664,,15.953424657770531,
2023-11-24,205.6628875732422,207.55977219034176,202.21853643492005,205.4632179136241,3374870.0,192.8863327026367,,15.587167932373744,
2023-11-28,208.0589599609375,209.0573235216595,202.2684634958051,206.4116661792738,3513501.0,194.4936981201172,,15.401012658007176,
2023-11-29,210.40512084960935,216.7946415576832,207.21036049557247,208.55814216499385,6690057.0,196.54034347534176,,14.599848909991168,
2023-11-30,210.1555328369141,215.0475082678561,207.45995422733745,214.64816893081485,3401542.0,198.58449325561523,,13.393292376979318,
2023-12-01,219.490234375,224.13261882733931,210.75455324030412,211.50332590899237,10488870.0,201.1652633666992,,12.0721178812071,
2023-12-04,217.2439117431641,227.2275471130922,216.19562698255788,227.2275471130922,5283493.0,203.454012298584,,10.36407774296773,
2023-12-05,226.67845153808597,234.4157692029516,221.6367124645387,222.4354063670306,11620460.0,206.2294631958008,,8.534407277438719,
2023-12-06,238.55897521972656,244.4992354945179,228.6252606111166,229.12444240284395,10704710.0,208.75781860351563,,10.178982106341032,
2023-12-07,235.8134613037109,247.09497217079792,234.6154281217677,240.6056092653022,9396753.0,210.27033920288085,,11.798012182155952,
2023-12-08,228.02622985839844,239.60725318941437,224.43213020084852,237.46077763978676,7482839.0,211.5707069396973,,12.264700322535486,
2023-12-11,230.771728515625,235.1146160521541,229.27418319045205,229.62361652651995,4621566.0,213.15560913085935,,12.608059184148438,
2023-12-12,237.56060791015625,240.85521073064496,229.0745175838952,231.62034772853733,6968428.0,215.19975814819333,,13.100440242120303,
2023-12-13,238.45913696289065,241.60397601166372,235.6137947882341,238.6088853999489,3906056.0,217.11911239624024,,13.571025542480736,
2023-12-14,235.8134613037109,242.00331210526625,234.8650190027483,241.0049485813438,3414212.0,219.03347396850583,193.510810546875,13.360554632286386,24.840575937279095
2023-12-15,231.22100830078125,238.40922293921705,230.4223144001064,237.3110169215617,3399180.0,220.4711181640625,194.99437896728517,13.027042220611236,24.833213184142693
2023-12-18,231.62034606933597,235.46405187134167,219.63998334161167,219.63998334161167,7612490.0,221.6042610168457,196.33318450927732,12.958301796448366,24.96962213022048
2023-12-19,224.43212890625,233.11788873750015,223.1841744697537,232.51886451445444,4194862.0,222.51526794433596,197.5511880493164,12.449709977148492,24.82184382863929
2023-12-20,210.5049591064453,229.2242755351492,209.65634400148323,225.13097891587844,6646370.0,222.6949737548828,198.33490325927733,12.236730397277046,24.594277192174594
2023-12-21,213.9493103027344,217.6432523649165,205.3134565158536,207.65961693533316,5087234.0,222.99947509765624,199.36221923828128,11.919794122332243,24.139020759302657
2023-12-22,220.13916015625,221.28727213156463,213.64979715844672,216.54504532547764,4041864.0,223.72828063964843,200.3755581665039,11.22280960608717,23.921150189925218
2023-12-26,220.5384979248047,222.53522498698968,218.741455755893,220.9378524775328,2093766.0,224.47206115722656,201.3379803466797,10.427266260280131,23.74070042776888
2023-12-27,211.8527374267578,222.6350665673671,210.904295122674,221.6367030401592,4343792.0,224.6617500305176,202.1376693725586,10.143620122895218,23.398737143552832
2023-12-28,210.5049591064453,214.7480041636182,209.85601366329237,213.64979817294008,4210099.0,224.66674194335937,202.94834075927736,10.1362567315672,22.959603692862583
2023-12-29,207.95913696289065,213.84947599708804,207.65962484183564,210.90430647998932,4144780.0,224.5569221496582,203.75601684570316,10.312123618004753,22.393178638477703
2024-01-01,210.30528259277344,212.0524188624199,207.9591373138255,207.9591373138255,4134909.0,224.0976745605469,204.42791564941408,10.745078958928657,22.066744765655304
2024-01-02,209.90594482421875,213.10070526586156,207.16044495136927,210.3052841667418,3179497.0,223.7307762145996,205.12976531982423,11.110489484374371,21.65993350496217
2024-01-03,213.3003692626953,216.44522362822477,209.15716656741728,209.905939240093,4654889.0,223.06187210083007,205.8236279296875,11.324339181758631,21.346378243035254
2024-01-04,213.9493103027344,215.8961161647394,213.05077397378065,213.84946785491107,2952871.0,221.83138885498047,206.58637756347656,10.880134715804004,20.929402521903345
2024-01-05,218.54177856445312,223.2340995130091,214.69808797457907,215.1473485326398,6384087.0,220.9678047180176,207.6156903076172,10.386167247876884,20.199440898527545
2024-01-08,215.946044921875,219.3903962184729,214.7979176671296,219.3404749928197,2256603.0,220.3637954711914,208.6270327758789,10.305024565202975,19.286858541753244
2024-01-09,217.14407348632807,219.0409581496926,215.24718882296364,217.2439159354816,4749897.0,219.68241271972656,209.53155029296877,10.027417636874723,18.57761244076564
2024-01-10,214.84783935546875,218.04259976450015,211.35356682569267,217.0941574103248,3367638.0,218.5467742919922,210.31027404785155,9.143253850152266,17.94487097643073
2024-01-11,211.9026641845703,215.9460396221351,211.2038127440352,215.6465275093861,3436557.0,217.21895065307615,211.15888305664063,7.949718393089306,16.949916018240216
2024-01-12,210.6547088623047,214.44849339568816,210.15552708774948,212.75127840896417,3362976.0,215.96101303100585,211.9865264892578,6.752963212311288,15.836680195232296
2024-01-15,210.45504760742188,213.0008778061292,210.0057870391369,211.6530808674549,2736148.0,214.9227149963379,212.83813079833985,5.814386306151072,14.50507574505057
2024-01-16,212.00250244140625,213.2005356348943,207.75945742384803,210.6547055775956,3478621.0,213.94182281494145,213.6488021850586,4.30916063820662,13.221729369311118
2024-01-17,207.6096954345703,212.00250415802032,207.1604348876019,210.6547072832964,2893194.0,213.10070114135743,214.377607421875,3.760655350138335,11.755422933577664
2024-01-18,,,,,,,,,
2024-01-19,211.4034881591797,212.55160018316343,209.7062731191874,211.4034881591797,2176755.0,,,,
2024-01-23,205.7128143310547,215.2471893640596,203.86583565380505,214.84783480026076,3079613.0,,,,
2024-01-24,207.360107421875,213.05077664122217,203.3167319755061,206.16207420208912,2322967.0,,,,
2024-01-25,206.51150512695312,210.55486529225672,205.3633779113008,208.30854731872415,3282843.0,,,,
2024-01-29,211.5033264160156,212.1522566369068,204.81427837264383,207.16043883368548,3889195.0,,,,
2024-01-30,213.05078125,216.8944871151893,209.20709061863,212.5515994614725,4124606.0,,,,
2024-01-31,214.64816284179688,215.64652638989827,211.0540479751044,213.59987806952668,2635827.0,,,,
2024-02-01,217.39366149902344,221.4370368951376,214.64816175563735,216.1457070702116,5379944.0,,,,
2024-02-02,224.1326141357422,227.6268865164776,216.6448876055949,219.24063889624009,10243050.0,,,,
2024-02-05,221.3871154785156,230.6219782436848,219.34046717028195,228.32573904990605,8379742.0,,,,
2024-02-06,218.94113159179688,223.88302816335465,217.84292558308672,223.3838463837262,3135451.0,,,,
2024-02-07,217.74310302734372,221.53687244665468,216.39530609997536,220.8879422127776,3034347.0,,,,
2024-02-08,211.3036346435547,218.39202178708575,210.0556802333428,218.3421005639136,3799484.0,,,,
2024-02-09,209.90594482421875,213.99924163726757,204.6645359760516,211.85275077820268,2682708.0,,,,
2024-02-12,210.7046356201172,216.2954625016725,206.26192075666344,212.5515990941858,4449723.0,,,,
2024-02-13,216.1457061767578,217.54340903772209,206.8609222180133,210.95421882112365,4652109.0,,,,
2024-02-14,217.0442352294922,218.39203215000276,211.3036446701207,213.5499627150921,2696734.0,,,,
2024-02-15,221.5867919921875,225.1309857232869,218.4419528306005,219.54014362066653,4507066.0,,,,
2024-02-16,220.28890991210935,224.931309532465,216.4452194076161,222.5352278863341,3055800.0,,,,
2024-02-19,232.7185516357422,236.71200587070084,219.190722368056,221.6367100402044,16051780.0,215.47431106567385,,6.661381556769671,
2024-02-20,238.45913696289065,243.6007030861403,233.8666585980671,234.36584036668623,14350720.0,216.82709350585935,,8.329517255337702,
2024-02-21,232.7185516357422,241.5540599902968,230.82165173384547,240.1064358768881,6836575.0,218.17738037109376,,8.616941831379686,
2024-02-22,243.05160522460935,243.60070822844548,232.8682999765775,234.315924089368,6621342.0,219.9619552612305,,9.864347182010354,
2024-02-23,262.0205383300781,264.56635331644486,242.851945072548,245.8470358648096,21602550.0,222.7374069213867,,13.144437934780605,
2024-02-26,254.88221740722656,275.74802474623965,253.38467208195945,267.5614314477244,13876890.0,224.90635147094727,,14.682152773086418,
2024-02-27,249.39122009277344,259.2750284674743,247.59416263975336,256.0303469006227,4890435.0,226.72337341308597,,15.370288259449335,
2024-02-28,246.49595642089844,259.1751857968285,244.09988997479613,249.39121987990927,6804889.0,228.315763092041,,15.699647486923794,
2024-02-29,256.08026123046875,257.17846727469254,247.74391914756703,249.1915585423582,7940738.0,230.25009307861328,,16.638323069587365,
2024-03-01,256.8290100097656,263.36827873841173,254.53277091626748,257.9771219396057,5578764.0,231.8849128723145,,17.584988601601133,
2024-03-04,260.1236267089844,266.26358729192594,255.98042381606604,260.97224187202534,4714142.0,233.82173843383788,,18.478436938572308,
2024-03-05,255.8805694580078,260.77257529938635,254.88222112707828,259.5745268346328,2712737.0,235.66871032714843,,18.756800121043806,
2024-03-06,250.18991088867188,255.43131950868187,246.69563847533183,254.58270440048608,4290383.0,237.29105072021488,,18.526555004693414,
2024-03-07,249.79055786132807,253.2848302960936,246.0966157627684,251.7872849669084,3368434.0,239.21539688110352,,17.66391100519188,
2024-03-11,252.78564453125,257.3781076613335,247.54423596180067,251.28809922569303,4319589.0,241.35938186645507,,16.481944662107445,
2024-03-12,237.3110198974609,254.2832007559036,235.6138048583805,253.5843492967316,5712630.0,242.6897010803223,,14.872645819970836,
2024-03-13,215.1473388671875,241.55405096212732,213.59987236221437,239.00822093572876,9238195.0,242.63978271484376,,14.967797879754425,
2024-03-14,236.66207885742188,236.66207885742188,210.7545481885704,213.15061457741203,7319865.0,243.62067489624025,,13.799356195730176,
2024-03-15,231.32083129882807,242.65226367557736,225.230822789106,238.20954892847885,5604650.0,244.10737686157228,,13.137088873924112,
2024-03-18,246.5458831787109,249.49105269467293,232.16945371181413,232.5687930505204,7927261.0,245.42022552490235,,11.883722814102883,
2024-03-19,240.40594482421875,248.39285318891825,238.80855705775133,246.545874536054,3344834.0,245.80459518432616,,11.571494424669805,
2024-03-20,233.5671539306641,244.00005018039147,231.370757125535,242.35275638499945,3897100.0,245.55999603271485,,11.784675191999671,
2024-03-21,236.0630645751953,242.20300970988333,234.3658495422073,240.60562189423624,3829864.0,245.7272216796875,,11.615376702335242,
2024-03-22,238.6588134765625,244.0000494138675,236.11298333673872,236.61216511969164,4311445.0,245.5075820922852,,11.7097826465291,
2024-03-26,238.9583282470703,245.29792782069143,237.86012221884909,242.05324619546056,5716285.0,244.3544715881348,,11.11869669679783,
2024-03-27,247.1448974609375,250.2897365195193,239.5074072369524,239.5074072369524,8248561.0,243.9676055908203,,10.864821666361468,
2024-03-28,244.9485015869141,254.8822158018548,243.7005471570517,247.1448983367081,6766151.0,243.7454696655273,,10.79327842077299,
2024-04-01,246.64572143554688,248.5426061128701,241.953415733364,245.44768820598387,8731852.0,243.75295791625976,,10.795338866864336,
2024-04-02,251.58761596679688,253.2349097397186,244.9485044167562,246.5957981896779,4567813.0,243.52832565307617,,10.569712814037349,
2024-04-03,250.6891021728516,252.38631721981469,247.2447356191148,249.590896136324,3640395.0,243.2213302612305,,10.247313750829564,
2024-04-04,251.1383514404297,256.5794296846438,249.59088490724108,252.58597552612795,5566107.0,242.77206649780277,233.29959350585935,9.646641585253278,17.14198751068912
2024-04-05,250.33966064453125,253.58434218827887,247.79383054036543,251.1383545328329,3003919.0,242.4950210571289,234.0783169555664,9.32454805282766,17.010886672109237
2024-04-08,246.446044921875,254.43295320879733,245.59742982286207,252.58597457391912,4805458.0,242.30782775878907,234.8929815673828,9.198670283887123,16.59500664855643
2024-04-09,241.30447387695312,248.99187038464777,237.66045290895175,248.8421219414003,4659864.0,241.8835235595703,235.5718688964844,9.029512876634763,16.13357616407507
2024-04-10,242.0033264160156,244.000053581936,238.9583296750426,241.3044749547074,2847235.0,241.3444076538086,236.2817053222656,8.658598236019845,15.600881207514718
2024-04-12,240.6555328369141,244.0998839812975,238.6588057695824,240.9051237203305,4068791.0,241.51163330078128,236.8647494506836,8.608753770752623,15.195429301522177
2024-04-15,235.064697265625,238.2594576123615,230.17272191285528,233.66699437449623,3711925.0,242.50750122070312,237.3050277709961,6.218622682188223,14.805263382654877
2024-04-16,236.7120056152344,240.05651439311137,232.1195271564607,232.61870893529175,2121453.0,242.5099975585937,237.74630462646485,6.216162190861789,14.44050231711382
2024-04-18,239.2578125,243.90021202818969,236.41248559609517,236.81182491227943,2934012.0,242.90684661865237,238.1835876464844,5.695807589410643,14.139516923853336
2024-04-19,238.80856323242188,240.50577825704025,232.6686333618317,233.26764236438095,3028120.0,242.51998062133788,238.477106628418,5.698394471238626,13.9934562486801
2024-04-22,241.60397338867188,245.797097152786,240.85520074387227,241.60397338867188,2115960.0,242.57988204956052,238.8814437866211,5.681273252971922,13.780020395381914
2024-04-23,247.7439117431641,249.441141985115,241.40431226663904,242.55242426907037,4163872.0,243.2887199401856,239.45749938964843,5.373665617235446,13.52917816389079
2024-04-24,248.64244079589844,252.4861312554233,247.594156040094,249.29137099844385,4284475.0,243.9176887512207,240.07548614501957,5.217327191264729,13.21922470286034
2024-04-25,251.78729248046875,253.98368931538573,247.44442003652773,248.59253206296955,2844520.0,244.57411270141603,240.88515930175785,5.34517294804969,12.648477865405132
2024-04-26,252.0867919921875,253.83392817431155,250.23981336327176,252.58597375850863,2599585.0,245.23053588867188,241.7287762451172,5.424758496296394,11.9261297682436
2024-04-29,246.64572143554688,258.1268871831932,244.4493246423782,254.0336057127013,4331173.0,245.20557708740236,242.44759796142577,5.416629371361175,11.070497478538828
2024-04-30,249.59088134765625,252.78564158214257,248.5925178222656,248.79218748058005,2438924.0,245.43769607543945,243.1165014648437,5.503801663812224,10.441386644496635
2024-05-02,256.8789367675781,257.5778034601456,247.89367978767137,251.1882826461348,5348662.0,245.94935684204103,243.91319549560544,6.068692527356526,9.91804240046751
2024-05-03,258.07696533203125,263.5679645944149,252.985305377021,259.57451058540863,12334920.0,246.27382431030276,244.64299896240237,6.5411044046160205,9.578381393012585
2024-05-06,250.8887634277344,259.5745232751785,247.79383032592585,259.3249323874139,5466434.0,246.28380737304687,245.25499603271484,6.548346038797676,8.947334587683285
2024-05-07,242.40267944335935,252.28647275809485,240.1064401704334,251.58762130124413,3163430.0,245.84702377319337,245.4486785888672,6.498651028747279,8.773548650432007
2024-05-08,245.84703063964844,249.39122438192803,240.40595219611345,241.60398544079155,2782789.0,245.6223922729492,245.59643646240235,6.4122574496023095,8.715451927712243
2024-05-09,243.70054626464844,251.38794247768652,242.6023402768636,246.29628232896565,2706746.0,245.4851173400879,245.81607635498048,6.4230754506467695,8.520489603185382
2024-05-10,245.0483245849609,247.3445637431647,240.2561766099745,243.8502913996689,1657621.0,245.67230987548828,245.8560107421875,6.348950405954851,8.511943368126152
2024-05-13,248.592529296875,249.9902322034101,242.20300853297292,245.04833557138065,3009469.0,246.00177001953125,245.58745056152344,6.319433752119505,8.197555843223608
2024-05-14,258.576171875,259.52462948013,248.64245712193284,250.4395146450481,5782890.0,246.89780197143557,245.6613296508789,6.775518938503884,8.299050170617246
2024-05-15,257.2283630371094,264.9157745733044,256.13015703656185,259.5745234774523,4069046.0,248.00598526000977,245.8180725097656,6.546924556276363,8.443682840269142
2024-05-16,258.6260681152344,261.17191347464683,255.2815593284357,259.3748407854784,2592485.0,249.10168838500977,246.0606747436524,6.389148195587744,8.63563529218759
2024-05-17,271.2054443359375,275.0491499846036,257.6276943593226,259.57451541196707,12181110.0,250.69906997680664,246.3631784057617,7.664836505074517,9.23770837967388
2024-05-21,276.8961486816406,280.5401697034783,268.4100581390087,274.54998814397345,6053742.0,252.6034492492676,246.7645211791992,9.14392012012807,10.097587498195278
2024-05-22,278.443603515625,284.98290341306034,277.3453974559083,277.5450823640893,5818023.0,254.44543075561523,247.130920715332,10.43143380670369,10.893256214722532
2024-05-23,278.5434265136719,284.53360772901965,277.59496896752023,278.3437416194388,3241485.0,255.98540649414065,247.5841778564453,11.59821663012151,11.705925224425291
2024-05-24,274.8494873046875,284.38387797955414,273.3519419024441,280.3904235735717,2982317.0,257.2957588195801,248.07736938476563,12.190263341205664,12.32125336780181
2024-05-27,282.736572265625,287.37895672423497,276.54670600905314,276.54670600905314,5986505.0,258.8432228088379,248.7362896728516,13.36225394172008,13.25993464708446
2024-05-28,287.2292175292969,289.9747174065689,280.9395086207812,283.5352600528208,6429736.0,260.60034408569334,249.4251611328125,14.673306614241726,14.32640526367767
2024-05-29,293.1195373535156,298.76028518239605,284.73328982788803,285.83146533247736,8205088.0,262.9240348815918,250.5413314819336,15.969688841345649,15.490090831350454
2024-05-30,279.9910583496094,295.0164169764128,277.8944888867066,293.1195324024098,3610638.0,264.4440437316895,251.83820587158203,16.080210199119488,15.17762876027566
2024-05-31,282.5867919921875,285.0327948884429,276.5966106635337,282.037704224116,3328334.0,265.72943649291994,252.7567001342773,16.466511184126585,15.62352977977008
2024-06-03,295.21612548828125,299.45917074201884,288.47717126175684,299.4092342819798,5475517.0,267.5863945007324,254.0346060180664,17.612364785103775,16.4268903565125
2024-06-04,265.7144470214844,294.367492477,265.7144470214844,294.367492477,8273636.0,268.3276786804199,254.41797729492188,17.1792649379568,16.47216740491635
2024-06-05,270.85601806640625,276.54670247036034,249.5908867061014,266.4133185636202,8004348.0,269.75034561157224,255.02697875976563,16.061105393942057,16.506406080484975
2024-06-06,284.8330993652344,286.5303295320959,273.2021704794972,275.5483308392281,6413863.0,271.69964904785155,256.052297668457,15.357748497683316,16.736814757810393
2024-06-07,286.0311584472656,288.7267522322531,280.54015889592193,284.533613115081,3346020.0,273.8161796569824,257.0516595458984,14.16667087151938,17.00849361016251
2024-06-10,283.3355712890625,289.8748710064623,281.6882774786593,288.02789229337566,2298512.0,275.7305419921875,257.94519470214846,12.571752749398597,17.195028271531395
2024-06-11,282.8363952636719,292.52053435602954,278.14410463137705,283.53526196966686,4952269.0,277.44273529052737,258.8227560424805,10.902244280049445,17.325424244879695
2024-06-12,283.28564453125,284.8830322327068,281.0892326332924,283.535235407489,3248140.0,278.67820892333987,259.5455709838867,10.015735377345669,17.580301707480267
2024-06-13,289.9747009277344,292.5205157549289,284.1342681544584,284.3838590382083,5021977.0,280.3155258178711,260.44609497070314,8.943927250643386,17.96629141872987
2024-06-14,299.9084167480469,308.29466482186007,290.4738990903716,291.1228293312214,11606980.0,282.37964324951173,261.51134887695315,8.423401121957424,18.695563140512363
2024-06-18,304.8503112792969,310.9403349317999,303.0532386370497,303.0532386370497,5638214.0,284.0618865966797,262.5766027832031,9.379679574622871,19.61347249843891
2024-06-19,301.7054748535156,309.442792311044,301.0066081864258,307.64571965322915,3338510.0,285.30235290527344,263.59693023681643,10.002006806488923,20.297496287748924
2024-06-20,302.4043273925781,305.4992606363434,300.5074426520894,302.504169845791,2784902.0,286.5003890991211,264.6222497558594,10.556843469430294,20.9399838725649
2024-06-21,309.3928527832031,317.4296975044362,300.8069203058749,303.00333226552993,24718520.0,288.04286041259763,265.8033135986328,11.54090943603809,21.76700942132488
2024-06-24,323.4198913574219,324.7177518140507,304.50088947974007,308.494343767999,6142020.0,290.47138061523435,267.34279052734377,13.55335312680974,23.05397348529033
2024-06-25,317.6293640136719,329.4599784233093,314.6342733007327,325.766021023629,4803557.0,292.21602020263674,268.8692883300781,14.702358734652895,23.80920536326888
2024-06-26,325.66619873046875,329.45996799303055,317.4796055205568,318.47796905992953,4339862.0,294.1378692626953,270.5425457763672,16.4271980205712,24.801725721256485
2024-06-27,318.4280700683594,326.66456944920515,314.5843642637704,325.6662058878905,2327916.0,295.4032958984375,272.0979965209961,17.29641676494605,25.322399893599474
2024-06-28,327.8625793457031,335.4501483178486,322.02214656271315,334.6015332181599,6507538.0,297.7968719482422,273.95395416259765,18.332654952802677,25.94577052068952
2024-07-01,352.6220092773437,358.2128206441902,329.4599633063289,329.85930262286985,11405510.0,301.2986328125,276.2721542358398,21.661074817367457,27.67116120995371
2024-07-02,349.02789306640625,354.6187348780347,342.5385301793247,354.6187348780347,4292107.0,303.9892211914063,278.46755584716794,24.07350711900846,28.997294595674408
2024-07-03,347.6801147460937,354.4190688725436,344.7349300148863,352.5221841749224,3239958.0,308.0875045776367,280.6449868774414,24.191297328999983,30.027808172673517
2024-07-04,354.1694641113281,360.35933021660776,350.7750341851839,350.8249401748889,3685353.0,312.2531768798828,282.8962966918945,24.61221921042302,31.23643285682977
2024-07-05,356.0663452148437,358.3126631468326,349.4272338649373,353.1211910957071,1907398.0,315.8148391723633,285.0627453613281,25.570840360088177,32.48029637718687
2024-07-08,349.8265686035156,356.3658678894218,345.7832085659041,356.3658678894218,2429203.0,319.0046096801758,287.0864279174805,25.638916802407135,33.30645051412651
2024-07-09,343.5868225097656,352.5720947963547,340.4419833029872,350.32577672470745,1591528.0,322.0171722412109,288.9224185180664,24.751630744132573,33.84670881985288
2024-07-10,343.6866455078125,344.6351030492099,332.455055785335,342.4386910942039,2814410.0,325.059684753418,290.7544155883789,23.384111120175376,34.288342670623884
2024-07-11,342.8879699707031,350.32576006248405,341.6899215357507,346.23246345530697,1343316.0,328.0398010253906,292.679260559082,21.5023522117802,34.46261236394017
2024-07-12,338.6449279785156,346.6817423602143,337.5467219811833,344.38551838476826,1717926.0,330.4733123779297,294.46034149169924,19.64118817332345,34.49150519204564
2024-07-15,341.590087890625,343.53690903068065,330.707931118663,340.4419758836652,2514260.0,332.5573959350586,296.15456451416014,18.399443572550965,34.687780599293006
2024-07-16,340.0426330566406,344.0360872781687,338.69483616334736,342.3887935053159,1256973.0,334.31701202392577,297.7938778686523,17.257602765236108,34.78820924157176
2024-07-18,335.54998779296875,342.3887840520456,332.954236527116,341.44032651356423,1453667.0,336.0092376708984,299.487102355957,15.456913851899111,34.51791585309164
2024-07-19,315.70001220703125,327.6000061035156,313.20001220703125,318.0,4955289.0,336.6740219116211,300.95304901123046,14.167686385926832,33.588025184514684
2024-07-22,317.45001220703125,321.6000061035156,308.04998779296875,320.3999938964844,4280385.0,337.0768798828125,302.38510864257813,13.447359126921,32.705411506452
2024-07-23,326.25,332.0,310.20001220703125,321.04998779296875,6772580.0,337.21838531494143,304.03609771728514,13.310275806678332,31.75220387025196
2024-07-24,338.79998779296875,340.0,328.5,330.70001220703125,2732511.0,338.27691650390625,305.9111309814453,12.486766351124174,30.955894650583268
2024-07-25,348.3500061035156,350.0,334.75,335.70001220703125,3389121.0,339.4111068725586,307.9062805175781,12.30997994721819,30.395927562300457
2024-07-26,343.75,354.5,341.79998779296875,351.0,2020520.0,340.6772033691406,309.6097570800781,11.298939570618307,29.95845054505163
2024-07-29,342.1499938964844,349.29998779296875,341.0,347.0,1794639.0,341.3915740966797,311.3081896972656,10.890369200974824,29.32880178616015
2024-07-30,337.3999938964844,345.3999938964844,336.0,341.95001220703125,1230522.0,340.6304733276367,312.8836682128906,10.592020919123923,28.546425409986547
2024-07-31,338.95001220703125,342.1000061035156,335.0,338.3999938964844,1220799.0,340.126579284668,314.2385595703125,10.409652259346965,28.13256345280215
2024-08-01,331.75,342.0,331.0,340.3999938964844,1548936.0,339.33007354736327,315.3356365966797,10.410720936166934,27.713045329284544
2024-08-02,325.8999938964844,332.54998779296875,323.29998779296875,329.8999938964844,1627395.0,337.9166000366211,316.2847644042969,10.207016362884922,27.23224849638366
2024-08-05,313.95001220703125,323.95001220703125,311.04998779296875,313.0,2901908.0,335.81078338623047,316.9928961181641,10.602321703211954,26.68567700598108
2024-08-06,310.54998779296875,325.79998779296875,310.0,315.1000061035156,1867754.0,333.8469543457031,317.7069061279297,11.471494082492828,26.003962081423957
2024-08-07,320.25,322.79998779296875,313.5,316.0,1205526.0,332.6801132202148,318.4571746826172,11.614623551440593,25.510899664720377
2024-08-08,316.54998779296875,324.5,315.20001220703125,320.0,1100021.0,331.32328033447266,319.0435900878906,11.843957838439731,25.1122996069669
2024-08-09,318.04998779296875,322.79998779296875,317.29998779296875,321.0,1025808.0,330.0813812255859,319.54219909667967,11.869685822279765,24.83301463371504
2024-08-12,319.1000061035156,320.75,313.25,314.0,1047587.0,329.104135131836,320.32437805175783,11.931946188147212,24.168863752170157
2024-08-13,314.6499938964844,321.8500061035156,313.6000061035156,320.1499938964844,871144.0,327.7571304321289,320.9656420898437,11.968797605344047,23.56496752752336
2024-08-14,310.25,316.54998779296875,309.04998779296875,315.20001220703125,977119.0,326.2674987792969,321.2663195800781,12.210815305863736,23.32439559626188
2024-08-16,313.6000061035156,315.3999938964844,310.25,311.0,950035.0,325.16999969482424,322.2240307617187,12.318550157850456,21.938804196384595
2024-08-19,313.70001220703125,317.75,313.0,316.95001220703125,1034202.0,325.0699996948242,323.08091064453123,12.407270431801466,20.692855592570705
2024-08-20,312.70001220703125,315.6000061035156,310.5,315.0,977387.0,324.8324996948242,323.6382489013672,12.604700643480252,20.00553803134736
2024-08-21,314.04998779296875,318.0,310.6000061035156,313.45001220703125,1160445.0,324.22249908447264,324.19862548828127,12.825760116654155,19.310986852134555
2024-08-22,312.70001220703125,315.0,312.25,314.95001220703125,723295.0,322.9175003051758,324.7859143066406,12.590109776170223,18.471146803760394
2024-08-23,310.95001220703125,313.6499938964844,310.5,313.6000061035156,786627.0,321.0475006103516,325.34818664550784,11.328066826223017,17.574240470642312
2024-08-26,309.1499938964844,313.95001220703125,308.6499938964844,313.8999938964844,740979.0,319.31750030517577,325.8654736328125,10.27123225508347,16.668182561785326
2024-08-27,,,,,,,,,
2024-08-28,330.29998779296875,336.45001220703125,329.0,335.0,2838514.0,,,,
2024-08-29,325.75,335.0,323.0,330.0,1966091.0,,,,
2024-08-30,324.6000061035156,328.29998779296875,320.20001220703125,323.54998779296875,1323480.0,,,,
2024-09-02,319.3500061035156,325.95001220703125,316.3999938964844,324.6000061035156,1240710.0,,,,
2024-09-03,316.75,325.0,315.0,320.3999938964844,1325056.0,,,,
2024-09-04,309.8999938964844,316.20001220703125,309.29998779296875,313.6000061035156,1772987.0,,,,
2024-09-05,309.1000061035156,318.70001220703125,307.5,311.75,2692800.0,,,,
2024-09-06,307.0,310.95001220703125,302.25,309.1000061035156,2356170.0,,,,
2024-09-09,311.70001220703125,317.79998779296875,303.25,307.1499938964844,4069628.0,,,,
2024-09-10,316.0,318.6000061035156,313.0,314.75,2056026.0,,,,
2024-09-11,330.70001220703125,338.0,315.1000061035156,318.70001220703125,13679710.0,,,,
2024-09-12,326.8500061035156,333.70001220703125,323.54998779296875,333.45001220703125,2721640.0,,,,
2024-09-13,331.8999938964844,335.0,325.3999938964844,327.20001220703125,2539456.0,,,,
2024-09-16,328.6499938964844,337.0,327.0,334.0,1675221.0,,,,
2024-09-17,335.8999938964844,341.8999938964844,328.0,330.95001220703125,5975960.0,,,,
2024-09-18,338.75,344.79998779296875,333.0,336.95001220703125,3939679.0,,,,
2024-09-19,326.04998779296875,340.1000061035156,321.6000061035156,339.5,3653444.0,,,,
2024-09-20,336.3999938964844,337.04998779296875,324.29998779296875,327.5,3124097.0,,,,
2024-09-23,343.6000061035156,352.8500061035156,336.0,339.3999938964844,6610458.0,,,,
2024-09-24,348.95001220703125,351.79998779296875,345.0,345.8999938964844,2957560.0,325.9100006103516,,11.765891799560526,
2024-09-25,339.79998779296875,351.45001220703125,337.0,350.0,1559873.0,326.38500061035154,,12.138315246424566,
2024-09-26,341.0,342.3999938964844,336.0,339.5,2262496.0,327.1475006103516,,12.567715740600814,
2024-09-27,352.70001220703125,355.0,344.0,345.0,5176515.0,328.55250091552733,,13.780158702163789,
2024-09-30,345.1000061035156,352.8999938964844,341.5,352.8999938964844,1866948.0,329.84000091552736,,14.074881686818795,
2024-10-01,345.45001220703125,351.0,340.0,345.20001220703125,2347413.0,331.2750015258789,,14.132983796739628,
2024-10-03,333.25,343.75,330.45001220703125,340.0,2094424.0,332.4425018310547,,13.20851383636526,
2024-10-04,330.95001220703125,336.45001220703125,324.0,332.75,1742349.0,333.53500213623045,,12.026978877977587,
2024-10-07,314.54998779296875,334.1000061035156,310.3500061035156,332.1000061035156,2145532.0,333.9125015258789,,11.243221380377705,
2024-10-08,322.6499938964844,323.8999938964844,308.25,312.25,1824171.0,334.4600006103516,,10.334522637023188,
2024-10-09,320.29998779296875,330.29998779296875,319.20001220703125,325.75,1705727.0,334.675,,9.968515304832806,
2024-10-10,316.1499938964844,326.04998779296875,315.0,323.5,1983331.0,333.94749908447267,,10.772393620073505,
2024-10-11,321.25,328.75,314.0,317.0,3417972.0,333.66749877929686,,11.036134179135283,
2024-10-14,319.04998779296875,325.95001220703125,318.0,323.1499938964844,1142464.0,333.0249984741211,,11.508395827347588,
2024-10-15,322.79998779296875,328.8500061035156,320.29998779296875,325.5,2126752.0,332.7324981689453,,11.698221559986424,
2024-10-16,323.79998779296875,326.45001220703125,320.5,323.3999938964844,1228711.0,332.1274978637695,,11.837842021317602,
2024-10-17,325.95001220703125,331.0,318.0,324.79998779296875,3489130.0,331.4874984741211,,11.806927896771368,
2024-10-18,319.8500061035156,324.6000061035156,315.25,324.6000061035156,2438947.0,331.17749938964846,,12.036370537168578,
2024-10-21,310.04998779296875,322.25,308.54998779296875,322.0,1602658.0,329.85999908447263,,12.849311377746655,
2024-10-22,297.1000061035156,312.25,295.0,310.0,2527078.0,327.53499908447264,,14.351431437852952,
2024-10-23,291.3500061035156,296.29998779296875,284.3500061035156,295.5,3330958.0,324.6549987792969,,15.556638449006028,
2024-10-24,289.3999938964844,294.70001220703125,288.45001220703125,291.95001220703125,1131431.0,322.13499908447267,,16.990256812676567,
2024-10-25,281.1000061035156,291.70001220703125,276.0,290.25,3385558.0,319.13999938964844,,18.68476670645413,
2024-10-28,287.3500061035156,291.20001220703125,277.25,282.54998779296875,1929179.0,315.8724990844727,,18.215215846794106,
2024-10-29,316.0,316.04998779296875,295.54998779296875,307.5,16829210.0,314.41749877929686,,16.870273218289046,
2024-10-30,,,,,,,,,
2024-10-31,314.8999938964844,318.6499938964844,309.0,316.0,2341633.0,,,,
2024-11-01,320.04998779296875,323.3999938964844,317.5,320.0,951226.0,,,,
2024-11-04,312.3999938964844,320.0,309.29998779296875,319.1000061035156,2093054.0,,,,
2024-11-05,,,,,,,,,
2024-11-06,318.8999938964844,321.45001220703125,312.1000061035156,312.95001220703125,3043118.0,,,,
2024-11-07,314.8999938964844,320.79998779296875,314.04998779296875,319.0,876121.0,,,,
2024-11-08,304.5,315.70001220703125,302.95001220703125,315.70001220703125,1168986.0,,,,
2024-11-11,307.6000061035156,310.8999938964844,300.79998779296875,304.0,1379110.0,,,,
2024-11-12,303.20001220703125,311.95001220703125,301.8500061035156,309.8999938964844,689290.0,,,,
2024-11-13,291.1000061035156,302.5,290.0,301.70001220703125,1629640.0,,,,
2024-11-14,290.6000061035156,296.8999938964844,288.79998779296875,291.1000061035156,1571106.0,,,,
2024-11-18,296.8999938964844,299.0,286.6000061035156,292.5,1385760.0,,,,
2024-11-19,299.20001220703125,312.0,296.0,298.45001220703125,2699945.0,,,,
2024-11-21,298.54998779296875,300.8999938964844,295.20001220703125,299.20001220703125,1796793.0,,,,
2024-11-22,304.45001220703125,308.75,296.54998779296875,299.0,2066400.0,,,,
2024-11-25,304.0,311.0,303.04998779296875,309.70001220703125,1162171.0,,,,
2024-11-26,307.29998779296875,311.0,303.0,304.0,1355948.0,,,,
2024-11-27,309.70001220703125,313.1499938964844,307.04998779296875,308.0,1220333.0,,,,
2024-11-28,310.25,315.5,309.29998779296875,310.70001220703125,1241494.0,,,,
2024-11-29,311.54998779296875,313.8500061035156,308.45001220703125,310.8500061035156,818809.0,,,,
2024-12-02,315.5,318.79998779296875,310.3999938964844,310.3999938964844,1416771.0,,,,
2024-12-03,321.70001220703125,324.95001220703125,315.95001220703125,317.25,2369436.0,,,,
2024-12-04,326.95001220703125,333.8500061035156,323.54998779296875,327.0,3123872.0,,,,
2024-12-05,327.75,330.29998779296875,325.79998779296875,328.29998779296875,1731437.0,308.23000183105466,,10.56779382154742,
2024-12-06,327.25,329.70001220703125,322.6499938964844,328.70001220703125,2143137.0,308.64750213623046,,11.159872967617645,
2024-12-09,331.6000061035156,335.8999938964844,326.04998779296875,327.25,2119337.0,309.48250274658204,,12.226140659699428,
2024-12-10,328.1000061035156,338.04998779296875,324.54998779296875,332.70001220703125,2760087.0,310.6625030517578,,12.843244950691531,
2024-12-11,324.3500061035156,330.6499938964844,324.0,329.20001220703125,819249.0,311.5000030517578,,13.174877615809692,
2024-12-12,319.20001220703125,326.5,318.5,324.95001220703125,991928.0,312.3000030517578,,13.130059719687132,
2024-12-13,322.1000061035156,335.75,317.45001220703125,317.8999938964844,4499523.0,313.8500030517578,,12.299167891873743,
2024-12-16,319.8500061035156,324.3500061035156,319.0,323.0,720880.0,315.3125030517578,,11.066261288841458,
2024-12-17,317.3999938964844,320.6499938964844,316.25,320.0,1133088.0,316.33750305175784,,10.18540044940256,
2024-12-18,318.25,320.5,314.1000061035156,318.8999938964844,1450200.0,317.2900024414063,,9.355336822982109,
2024-12-19,313.6000061035156,318.1000061035156,311.1000061035156,312.0,932557.0,318.0425033569336,,8.316207972355981,
2024-12-20,308.70001220703125,318.70001220703125,304.95001220703125,314.70001220703125,1716995.0,318.2550033569336,,7.998849213203961,
2024-12-23,313.1499938964844,319.0,310.20001220703125,315.0,3008618.0,318.71250305175784,,7.378204272491791,
2024-12-24,312.29998779296875,315.6000061035156,310.0,313.3500061035156,802840.0,318.96250305175784,,7.048497095715244,
2024-12-26,309.54998779296875,315.95001220703125,307.0,313.75,794057.0,318.9550018310547,,7.058945412289106,
2024-12-27,323.0,326.95001220703125,312.1000061035156,313.3999938964844,4820128.0,319.5925018310547,,6.802485322323026,
2024-12-30,319.3999938964844,327.8999938964844,318.5,324.29998779296875,2021601.0,319.9850021362305,,6.535233343028468,
2024-12-31,318.0,321.70001220703125,310.0,318.5,1056298.0,320.1100021362305,,6.4685014592075705,
2025-01-01,324.20001220703125,327.70001220703125,318.04998779296875,318.04998779296875,2334077.0,320.2350021362305,,6.524755537996258,
2025-01-02,328.20001220703125,331.45001220703125,323.5,325.0,1666430.0,320.2975021362305,,6.598038631843344,
2025-01-03,330.54998779296875,334.45001220703125,325.70001220703125,325.70001220703125,1868316.0,320.43750152587893,,6.791364110354237,
2025-01-06,315.6000061035156,332.3500061035156,314.0,332.3500061035156,1989166.0,319.85500183105466,,6.674913804768983,
2025-01-07,323.75,325.95001220703125,314.20001220703125,316.29998779296875,2566679.0,319.4625015258789,,6.158775370859951,
2025-01-08,318.70001220703125,325.54998779296875,316.70001220703125,324.20001220703125,1191878.0,318.9925018310547,,5.813942758917754,
2025-01-09,314.04998779296875,320.95001220703125,313.1000061035156,319.3999938964844,962081.0,318.47750091552734,,5.770422550444211,
