Date_Ticker,Close_LLOYDSME.NS,High_LLOYDSME.NS,Low_LLOYDSME.NS,Open_LLOYDSME.NS,Volume_LLOYDSME.NS,MA_20_Unnamed: 6_level_1,MA_50_Unnamed: 7_level_1,Volatility_20_Unnamed: 8_level_1,Volatility_50_Unnamed: 9_level_1
Date,,,,,,,,,
2020-01-10,,,,,,,,,
2020-01-13,,,,,,,,,
2020-01-14,,,,,,,,,
2020-01-15,,,,,,,,,
2020-01-16,,,,,,,,,
2020-01-17,,,,,,,,,
2020-01-20,,,,,,,,,
2020-01-21,,,,,,,,,
2020-01-22,,,,,,,,,
2020-01-23,,,,,,,,,
2020-01-24,,,,,,,,,
2020-01-27,,,,,,,,,
2020-01-28,,,,,,,,,
2020-01-29,,,,,,,,,
2020-01-30,,,,,,,,,
2020-01-31,,,,,,,,,
2020-02-03,,,,,,,,,
2020-02-04,,,,,,,,,
2020-02-05,,,,,,,,,
2020-02-06,,,,,,,,,
2020-02-07,,,,,,,,,
2020-02-10,,,,,,,,,
2020-02-11,,,,,,,,,
2020-02-12,,,,,,,,,
2020-02-13,,,,,,,,,
2020-02-14,,,,,,,,,
2020-02-17,,,,,,,,,
2020-02-18,,,,,,,,,
2020-02-19,,,,,,,,,
2020-02-20,,,,,,,,,
2020-02-24,,,,,,,,,
2020-02-25,,,,,,,,,
2020-02-26,,,,,,,,,
2020-02-27,,,,,,,,,
2020-02-28,,,,,,,,,
2020-03-02,,,,,,,,,
2020-03-03,,,,,,,,,
2020-03-04,,,,,,,,,
2020-03-05,,,,,,,,,
2020-03-06,,,,,,,,,
2020-03-09,,,,,,,,,
2020-03-11,,,,,,,,,
2020-03-12,,,,,,,,,
2020-03-13,,,,,,,,,
2020-03-16,,,,,,,,,
2020-03-17,,,,,,,,,
2020-03-18,,,,,,,,,
2020-03-19,,,,,,,,,
2020-03-20,,,,,,,,,
2020-03-23,,,,,,,,,
2020-03-24,,,,,,,,,
2020-03-25,,,,,,,,,
2020-03-26,,,,,,,,,
2020-03-27,,,,,,,,,
2020-03-30,,,,,,,,,
2020-03-31,,,,,,,,,
2020-04-01,,,,,,,,,
2020-04-03,,,,,,,,,
2020-04-07,,,,,,,,,
2020-04-08,,,,,,,,,
2020-04-09,,,,,,,,,
2020-04-13,,,,,,,,,
2020-04-15,,,,,,,,,
2020-04-16,,,,,,,,,
2020-04-17,,,,,,,,,
2020-04-20,,,,,,,,,
2020-04-21,,,,,,,,,
2020-04-22,,,,,,,,,
2020-04-23,,,,,,,,,
2020-04-24,,,,,,,,,
2020-04-27,,,,,,,,,
2020-04-28,,,,,,,,,
2020-04-29,,,,,,,,,
2020-04-30,,,,,,,,,
2020-05-04,,,,,,,,,
2020-05-05,,,,,,,,,
2020-05-06,,,,,,,,,
2020-05-07,,,,,,,,,
2020-05-08,,,,,,,,,
2020-05-11,,,,,,,,,
2020-05-12,,,,,,,,,
2020-05-13,,,,,,,,,
2020-05-14,,,,,,,,,
2020-05-15,,,,,,,,,
2020-05-18,,,,,,,,,
2020-05-19,,,,,,,,,
2020-05-20,,,,,,,,,
2020-05-21,,,,,,,,,
2020-05-22,,,,,,,,,
2020-05-26,,,,,,,,,
2020-05-27,,,,,,,,,
2020-05-28,,,,,,,,,
2020-05-29,,,,,,,,,
2020-06-01,,,,,,,,,
2020-06-02,,,,,,,,,
2020-06-03,,,,,,,,,
2020-06-04,,,,,,,,,
2020-06-05,,,,,,,,,
2020-06-08,,,,,,,,,
2020-06-09,,,,,,,,,
2020-06-10,,,,,,,,,
2020-06-11,,,,,,,,,
2020-06-12,,,,,,,,,
2020-06-15,,,,,,,,,
2020-06-16,,,,,,,,,
2020-06-17,,,,,,,,,
2020-06-18,,,,,,,,,
2020-06-19,,,,,,,,,
2020-06-22,,,,,,,,,
2020-06-23,,,,,,,,,
2020-06-24,,,,,,,,,
2020-06-25,,,,,,,,,
2020-06-26,,,,,,,,,
2020-06-29,,,,,,,,,
2020-06-30,,,,,,,,,
2020-07-01,,,,,,,,,
2020-07-02,,,,,,,,,
2020-07-03,,,,,,,,,
2020-07-06,,,,,,,,,
2020-07-07,,,,,,,,,
2020-07-08,,,,,,,,,
2020-07-09,,,,,,,,,
2020-07-10,,,,,,,,,
2020-07-13,,,,,,,,,
2020-07-14,,,,,,,,,
2020-07-15,,,,,,,,,
2020-07-16,,,,,,,,,
2020-07-17,,,,,,,,,
2020-07-20,,,,,,,,,
2020-07-21,,,,,,,,,
2020-07-22,,,,,,,,,
2020-07-23,,,,,,,,,
2020-07-24,,,,,,,,,
2020-07-27,,,,,,,,,
2020-07-28,,,,,,,,,
2020-07-29,,,,,,,,,
2020-07-30,,,,,,,,,
2020-07-31,,,,,,,,,
2020-08-03,,,,,,,,,
2020-08-04,,,,,,,,,
2020-08-05,,,,,,,,,
2020-08-06,,,,,,,,,
2020-08-07,,,,,,,,,
2020-08-10,,,,,,,,,
2020-08-11,,,,,,,,,
2020-08-12,,,,,,,,,
2020-08-13,,,,,,,,,
2020-08-14,,,,,,,,,
2020-08-17,,,,,,,,,
2020-08-18,,,,,,,,,
2020-08-19,,,,,,,,,
2020-08-20,,,,,,,,,
2020-08-21,,,,,,,,,
2020-08-24,,,,,,,,,
2020-08-25,,,,,,,,,
2020-08-26,,,,,,,,,
2020-08-27,,,,,,,,,
2020-08-28,,,,,,,,,
2020-08-31,,,,,,,,,
2020-09-01,,,,,,,,,
2020-09-02,,,,,,,,,
2020-09-03,,,,,,,,,
2020-09-04,,,,,,,,,
2020-09-07,,,,,,,,,
2020-09-08,,,,,,,,,
2020-09-09,,,,,,,,,
2020-09-10,,,,,,,,,
2020-09-11,,,,,,,,,
2020-09-14,,,,,,,,,
2020-09-15,,,,,,,,,
2020-09-16,,,,,,,,,
2020-09-17,,,,,,,,,
2020-09-18,,,,,,,,,
2020-09-21,,,,,,,,,
2020-09-22,,,,,,,,,
2020-09-23,,,,,,,,,
2020-09-24,,,,,,,,,
2020-09-25,,,,,,,,,
2020-09-28,,,,,,,,,
2020-09-29,,,,,,,,,
2020-09-30,,,,,,,,,
2020-10-01,,,,,,,,,
2020-10-05,,,,,,,,,
2020-10-06,,,,,,,,,
2020-10-07,,,,,,,,,
2020-10-08,,,,,,,,,
2020-10-09,,,,,,,,,
2020-10-12,,,,,,,,,
2020-10-13,,,,,,,,,
2020-10-14,,,,,,,,,
2020-10-15,,,,,,,,,
2020-10-16,,,,,,,,,
2020-10-19,,,,,,,,,
2020-10-20,,,,,,,,,
2020-10-21,,,,,,,,,
2020-10-22,,,,,,,,,
2020-10-23,,,,,,,,,
2020-10-26,,,,,,,,,
2020-10-27,,,,,,,,,
2020-10-28,,,,,,,,,
2020-10-29,,,,,,,,,
2020-10-30,,,,,,,,,
2020-11-02,,,,,,,,,
2020-11-03,,,,,,,,,
2020-11-04,,,,,,,,,
2020-11-05,,,,,,,,,
2020-11-06,,,,,,,,,
2020-11-09,,,,,,,,,
2020-11-10,,,,,,,,,
2020-11-11,,,,,,,,,
2020-11-12,,,,,,,,,
2020-11-13,,,,,,,,,
2020-11-14,,,,,,,,,
2020-11-17,,,,,,,,,
2020-11-18,,,,,,,,,
2020-11-19,,,,,,,,,
2020-11-20,,,,,,,,,
2020-11-23,,,,,,,,,
2020-11-24,,,,,,,,,
2020-11-25,,,,,,,,,
2020-11-26,,,,,,,,,
2020-11-27,,,,,,,,,
2020-12-01,,,,,,,,,
2020-12-02,,,,,,,,,
2020-12-03,,,,,,,,,
2020-12-04,,,,,,,,,
2020-12-07,,,,,,,,,
2020-12-08,,,,,,,,,
2020-12-09,,,,,,,,,
2020-12-10,,,,,,,,,
2020-12-11,,,,,,,,,
2020-12-14,,,,,,,,,
2020-12-15,,,,,,,,,
2020-12-16,,,,,,,,,
2020-12-17,,,,,,,,,
2020-12-18,,,,,,,,,
2020-12-21,,,,,,,,,
2020-12-22,,,,,,,,,
2020-12-23,,,,,,,,,
2020-12-24,,,,,,,,,
2020-12-28,,,,,,,,,
2020-12-29,,,,,,,,,
2020-12-30,,,,,,,,,
2020-12-31,,,,,,,,,
2021-01-01,,,,,,,,,
2021-01-04,,,,,,,,,
2021-01-05,,,,,,,,,
2021-01-06,,,,,,,,,
2021-01-07,,,,,,,,,
2021-01-08,,,,,,,,,
2021-01-11,,,,,,,,,
2021-01-12,,,,,,,,,
2021-01-13,,,,,,,,,
2021-01-14,,,,,,,,,
2021-01-15,,,,,,,,,
2021-01-18,,,,,,,,,
2021-01-19,,,,,,,,,
2021-01-20,,,,,,,,,
2021-01-21,,,,,,,,,
2021-01-22,,,,,,,,,
2021-01-25,,,,,,,,,
2021-01-27,,,,,,,,,
2021-01-28,,,,,,,,,
2021-01-29,,,,,,,,,
2021-02-01,,,,,,,,,
2021-02-02,,,,,,,,,
2021-02-03,,,,,,,,,
2021-02-04,,,,,,,,,
2021-02-05,,,,,,,,,
2021-02-08,,,,,,,,,
2021-02-09,,,,,,,,,
2021-02-10,,,,,,,,,
2021-02-11,,,,,,,,,
2021-02-12,,,,,,,,,
2021-02-15,,,,,,,,,
2021-02-16,,,,,,,,,
2021-02-17,,,,,,,,,
2021-02-18,,,,,,,,,
2021-02-19,,,,,,,,,
2021-02-22,,,,,,,,,
2021-02-23,,,,,,,,,
2021-02-24,,,,,,,,,
2021-02-25,,,,,,,,,
2021-02-26,,,,,,,,,
2021-03-01,,,,,,,,,
2021-03-02,,,,,,,,,
2021-03-03,,,,,,,,,
2021-03-04,,,,,,,,,
2021-03-05,,,,,,,,,
2021-03-08,,,,,,,,,
2021-03-09,,,,,,,,,
2021-03-10,,,,,,,,,
2021-03-12,,,,,,,,,
2021-03-15,,,,,,,,,
2021-03-16,,,,,,,,,
2021-03-17,,,,,,,,,
2021-03-18,,,,,,,,,
2021-03-19,,,,,,,,,
2021-03-22,,,,,,,,,
2021-03-23,,,,,,,,,
2021-03-24,,,,,,,,,
2021-03-25,,,,,,,,,
2021-03-26,,,,,,,,,
2021-03-30,,,,,,,,,
2021-03-31,,,,,,,,,
2021-04-01,,,,,,,,,
2021-04-05,,,,,,,,,
2021-04-06,,,,,,,,,
2021-04-07,,,,,,,,,
2021-04-08,,,,,,,,,
2021-04-09,,,,,,,,,
2021-04-12,,,,,,,,,
2021-04-13,,,,,,,,,
2021-04-15,,,,,,,,,
2021-04-16,,,,,,,,,
2021-04-19,,,,,,,,,
2021-04-20,,,,,,,,,
2021-04-22,,,,,,,,,
2021-04-23,,,,,,,,,
2021-04-26,,,,,,,,,
2021-04-27,,,,,,,,,
2021-04-28,,,,,,,,,
2021-04-29,,,,,,,,,
2021-04-30,,,,,,,,,
2021-05-03,,,,,,,,,
2021-05-04,,,,,,,,,
2021-05-05,,,,,,,,,
2021-05-06,,,,,,,,,
2021-05-07,,,,,,,,,
2021-05-10,,,,,,,,,
2021-05-11,,,,,,,,,
2021-05-12,,,,,,,,,
2021-05-14,,,,,,,,,
2021-05-17,,,,,,,,,
2021-05-18,,,,,,,,,
2021-05-19,,,,,,,,,
2021-05-20,,,,,,,,,
2021-05-21,,,,,,,,,
2021-05-24,,,,,,,,,
2021-05-25,,,,,,,,,
2021-05-26,,,,,,,,,
2021-05-27,,,,,,,,,
2021-05-28,,,,,,,,,
2021-05-31,,,,,,,,,
2021-06-01,,,,,,,,,
2021-06-02,,,,,,,,,
2021-06-03,,,,,,,,,
2021-06-04,,,,,,,,,
2021-06-07,,,,,,,,,
2021-06-08,,,,,,,,,
2021-06-09,,,,,,,,,
2021-06-10,,,,,,,,,
2021-06-11,,,,,,,,,
2021-06-14,,,,,,,,,
2021-06-15,,,,,,,,,
2021-06-16,,,,,,,,,
2021-06-17,,,,,,,,,
2021-06-18,,,,,,,,,
2021-06-21,,,,,,,,,
2021-06-22,,,,,,,,,
2021-06-23,,,,,,,,,
2021-06-24,,,,,,,,,
2021-06-25,,,,,,,,,
2021-06-28,,,,,,,,,
2021-06-29,,,,,,,,,
2021-06-30,,,,,,,,,
2021-07-01,,,,,,,,,
2021-07-02,,,,,,,,,
2021-07-05,,,,,,,,,
2021-07-06,,,,,,,,,
2021-07-07,,,,,,,,,
2021-07-08,,,,,,,,,
2021-07-09,,,,,,,,,
2021-07-12,,,,,,,,,
2021-07-13,,,,,,,,,
2021-07-14,,,,,,,,,
2021-07-15,,,,,,,,,
2021-07-16,,,,,,,,,
2021-07-19,,,,,,,,,
2021-07-20,,,,,,,,,
2021-07-22,,,,,,,,,
2021-07-23,,,,,,,,,
2021-07-26,,,,,,,,,
2021-07-27,,,,,,,,,
2021-07-28,,,,,,,,,
2021-07-29,,,,,,,,,
2021-07-30,,,,,,,,,
2021-08-02,,,,,,,,,
2021-08-03,,,,,,,,,
2021-08-04,,,,,,,,,
2021-08-05,,,,,,,,,
2021-08-06,,,,,,,,,
2021-08-09,,,,,,,,,
2021-08-10,,,,,,,,,
2021-08-11,,,,,,,,,
2021-08-12,,,,,,,,,
2021-08-13,,,,,,,,,
2021-08-16,,,,,,,,,
2021-08-17,,,,,,,,,
2021-08-18,,,,,,,,,
2021-08-20,,,,,,,,,
2021-08-23,,,,,,,,,
2021-08-24,,,,,,,,,
2021-08-25,,,,,,,,,
2021-08-26,,,,,,,,,
2021-08-27,,,,,,,,,
2021-08-30,,,,,,,,,
2021-08-31,,,,,,,,,
2021-09-01,,,,,,,,,
2021-09-02,,,,,,,,,
2021-09-03,,,,,,,,,
2021-09-06,,,,,,,,,
2021-09-07,,,,,,,,,
2021-09-08,,,,,,,,,
2021-09-09,,,,,,,,,
2021-09-13,,,,,,,,,
2021-09-14,,,,,,,,,
2021-09-15,,,,,,,,,
2021-09-16,,,,,,,,,
2021-09-17,,,,,,,,,
2021-09-20,,,,,,,,,
2021-09-21,,,,,,,,,
2021-09-22,,,,,,,,,
2021-09-23,,,,,,,,,
2021-09-24,,,,,,,,,
2021-09-27,,,,,,,,,
2021-09-28,,,,,,,,,
2021-09-29,,,,,,,,,
2021-09-30,,,,,,,,,
2021-10-01,,,,,,,,,
2021-10-04,,,,,,,,,
2021-10-05,,,,,,,,,
2021-10-06,,,,,,,,,
2021-10-07,,,,,,,,,
2021-10-08,,,,,,,,,
2021-10-11,,,,,,,,,
2021-10-12,,,,,,,,,
2021-10-13,,,,,,,,,
2021-10-14,,,,,,,,,
2021-10-18,,,,,,,,,
2021-10-19,,,,,,,,,
2021-10-20,,,,,,,,,
2021-10-21,,,,,,,,,
2021-10-22,,,,,,,,,
2021-10-25,,,,,,,,,
2021-10-26,,,,,,,,,
2021-10-27,,,,,,,,,
2021-10-28,,,,,,,,,
2021-10-29,,,,,,,,,
2021-11-01,,,,,,,,,
2021-11-02,,,,,,,,,
2021-11-03,,,,,,,,,
2021-11-04,,,,,,,,,
2021-11-08,,,,,,,,,
2021-11-09,,,,,,,,,
2021-11-10,,,,,,,,,
2021-11-11,,,,,,,,,
2021-11-12,,,,,,,,,
2021-11-15,,,,,,,,,
2021-11-16,,,,,,,,,
2021-11-17,,,,,,,,,
2021-11-18,,,,,,,,,
2021-11-22,,,,,,,,,
2021-11-23,,,,,,,,,
2021-11-24,,,,,,,,,
2021-11-25,,,,,,,,,
2021-11-26,,,,,,,,,
2021-11-29,,,,,,,,,
2021-11-30,,,,,,,,,
2021-12-01,,,,,,,,,
2021-12-02,,,,,,,,,
2021-12-03,,,,,,,,,
2021-12-06,,,,,,,,,
2021-12-07,,,,,,,,,
2021-12-08,,,,,,,,,
2021-12-09,,,,,,,,,
2021-12-10,,,,,,,,,
2021-12-13,,,,,,,,,
2021-12-14,,,,,,,,,
2021-12-15,,,,,,,,,
2021-12-16,,,,,,,,,
2021-12-17,,,,,,,,,
2021-12-20,,,,,,,,,
2021-12-21,,,,,,,,,
2021-12-22,,,,,,,,,
2021-12-23,,,,,,,,,
2021-12-24,,,,,,,,,
2021-12-27,,,,,,,,,
2021-12-28,,,,,,,,,
2021-12-29,,,,,,,,,
2021-12-30,,,,,,,,,
2021-12-31,,,,,,,,,
2022-01-03,,,,,,,,,
2022-01-04,,,,,,,,,
2022-01-05,,,,,,,,,
2022-01-06,,,,,,,,,
2022-01-07,,,,,,,,,
2022-01-10,,,,,,,,,
2022-01-11,,,,,,,,,
2022-01-12,,,,,,,,,
2022-01-13,,,,,,,,,
2022-01-14,,,,,,,,,
2022-01-17,,,,,,,,,
2022-01-18,,,,,,,,,
2022-01-19,,,,,,,,,
2022-01-20,,,,,,,,,
2022-01-21,,,,,,,,,
2022-01-24,,,,,,,,,
2022-01-25,,,,,,,,,
2022-01-27,,,,,,,,,
2022-01-28,,,,,,,,,
2022-01-31,,,,,,,,,
2022-02-01,,,,,,,,,
2022-02-02,,,,,,,,,
2022-02-03,,,,,,,,,
2022-02-04,,,,,,,,,
2022-02-07,,,,,,,,,
2022-02-08,,,,,,,,,
2022-02-09,,,,,,,,,
2022-02-10,,,,,,,,,
2022-02-11,,,,,,,,,
2022-02-14,,,,,,,,,
2022-02-15,,,,,,,,,
2022-02-16,,,,,,,,,
2022-02-17,,,,,,,,,
2022-02-18,,,,,,,,,
2022-02-21,,,,,,,,,
2022-02-22,,,,,,,,,
2022-02-23,,,,,,,,,
2022-02-24,,,,,,,,,
2022-02-25,,,,,,,,,
2022-02-28,,,,,,,,,
2022-03-02,,,,,,,,,
2022-03-03,,,,,,,,,
2022-03-04,,,,,,,,,
2022-03-07,,,,,,,,,
2022-03-08,,,,,,,,,
2022-03-09,,,,,,,,,
2022-03-10,,,,,,,,,
2022-03-11,,,,,,,,,
2022-03-14,,,,,,,,,
2022-03-15,,,,,,,,,
2022-03-16,,,,,,,,,
2022-03-17,,,,,,,,,
2022-03-21,,,,,,,,,
2022-03-22,,,,,,,,,
2022-03-23,,,,,,,,,
2022-03-24,,,,,,,,,
2022-03-25,,,,,,,,,
2022-03-28,,,,,,,,,
2022-03-29,,,,,,,,,
2022-03-30,,,,,,,,,
2022-03-31,,,,,,,,,
2022-04-01,,,,,,,,,
2022-04-04,,,,,,,,,
2022-04-05,,,,,,,,,
2022-04-06,,,,,,,,,
2022-04-07,,,,,,,,,
2022-04-08,,,,,,,,,
2022-04-11,,,,,,,,,
2022-04-12,,,,,,,,,
2022-04-13,,,,,,,,,
2022-04-18,,,,,,,,,
2022-04-19,,,,,,,,,
2022-04-20,,,,,,,,,
2022-04-21,,,,,,,,,
2022-04-22,,,,,,,,,
2022-04-25,,,,,,,,,
2022-04-26,,,,,,,,,
2022-04-27,,,,,,,,,
2022-04-28,,,,,,,,,
2022-04-29,,,,,,,,,
2022-05-02,,,,,,,,,
2022-05-04,,,,,,,,,
2022-05-05,,,,,,,,,
2022-05-06,,,,,,,,,
2022-05-09,,,,,,,,,
2022-05-10,,,,,,,,,
2022-05-11,,,,,,,,,
2022-05-12,,,,,,,,,
2022-05-13,,,,,,,,,
2022-05-16,,,,,,,,,
2022-05-17,,,,,,,,,
2022-05-18,,,,,,,,,
2022-05-19,,,,,,,,,
2022-05-20,,,,,,,,,
2022-05-23,,,,,,,,,
2022-05-24,,,,,,,,,
2022-05-25,,,,,,,,,
2022-05-26,,,,,,,,,
2022-05-27,,,,,,,,,
2022-05-30,,,,,,,,,
2022-05-31,,,,,,,,,
2022-06-01,,,,,,,,,
2022-06-02,,,,,,,,,
2022-06-03,,,,,,,,,
2022-06-06,,,,,,,,,
2022-06-07,,,,,,,,,
2022-06-08,,,,,,,,,
2022-06-09,,,,,,,,,
2022-06-10,,,,,,,,,
2022-06-13,,,,,,,,,
2022-06-14,,,,,,,,,
2022-06-15,,,,,,,,,
2022-06-16,,,,,,,,,
2022-06-17,,,,,,,,,
2022-06-20,,,,,,,,,
2022-06-21,,,,,,,,,
2022-06-22,,,,,,,,,
2022-06-23,,,,,,,,,
2022-06-24,,,,,,,,,
2022-06-27,,,,,,,,,
2022-06-28,,,,,,,,,
2022-06-29,,,,,,,,,
2022-06-30,,,,,,,,,
2022-07-01,,,,,,,,,
2022-07-04,,,,,,,,,
2022-07-05,,,,,,,,,
2022-07-06,,,,,,,,,
2022-07-07,,,,,,,,,
2022-07-08,,,,,,,,,
2022-07-11,,,,,,,,,
2022-07-12,,,,,,,,,
2022-07-13,,,,,,,,,
2022-07-14,,,,,,,,,
2022-07-15,,,,,,,,,
2022-07-18,,,,,,,,,
2022-07-19,,,,,,,,,
2022-07-20,,,,,,,,,
2022-07-21,,,,,,,,,
2022-07-22,,,,,,,,,
2022-07-25,,,,,,,,,
2022-07-26,,,,,,,,,
2022-07-27,,,,,,,,,
2022-07-28,,,,,,,,,
2022-07-29,,,,,,,,,
2022-08-01,,,,,,,,,
2022-08-02,,,,,,,,,
2022-08-03,,,,,,,,,
2022-08-04,,,,,,,,,
2022-08-05,,,,,,,,,
2022-08-08,,,,,,,,,
2022-08-10,,,,,,,,,
2022-08-11,,,,,,,,,
2022-08-12,,,,,,,,,
2022-08-16,,,,,,,,,
2022-08-17,,,,,,,,,
2022-08-18,,,,,,,,,
2022-08-19,,,,,,,,,
2022-08-22,,,,,,,,,
2022-08-23,,,,,,,,,
2022-08-24,,,,,,,,,
2022-08-25,,,,,,,,,
2022-08-26,,,,,,,,,
2022-08-29,,,,,,,,,
2022-08-30,,,,,,,,,
2022-09-01,,,,,,,,,
2022-09-02,,,,,,,,,
2022-09-05,,,,,,,,,
2022-09-06,,,,,,,,,
2022-09-07,,,,,,,,,
2022-09-08,,,,,,,,,
2022-09-09,,,,,,,,,
2022-09-12,,,,,,,,,
2022-09-13,,,,,,,,,
2022-09-14,,,,,,,,,
2022-09-15,,,,,,,,,
2022-09-16,,,,,,,,,
2022-09-19,,,,,,,,,
2022-09-20,,,,,,,,,
2022-09-21,,,,,,,,,
2022-09-22,,,,,,,,,
2022-09-23,,,,,,,,,
2022-09-26,,,,,,,,,
2022-09-27,,,,,,,,,
2022-09-28,,,,,,,,,
2022-09-29,,,,,,,,,
2022-09-30,,,,,,,,,
2022-10-03,,,,,,,,,
2022-10-04,,,,,,,,,
2022-10-06,,,,,,,,,
2022-10-07,,,,,,,,,
2022-10-10,,,,,,,,,
2022-10-11,,,,,,,,,
2022-10-12,,,,,,,,,
2022-10-13,,,,,,,,,
2022-10-14,,,,,,,,,
2022-10-17,,,,,,,,,
2022-10-18,,,,,,,,,
2022-10-19,,,,,,,,,
2022-10-20,,,,,,,,,
2022-10-21,,,,,,,,,
2022-10-24,,,,,,,,,
2022-10-25,,,,,,,,,
2022-10-27,,,,,,,,,
2022-10-28,,,,,,,,,
2022-10-31,,,,,,,,,
2022-11-01,,,,,,,,,
2022-11-02,,,,,,,,,
2022-11-03,,,,,,,,,
2022-11-04,,,,,,,,,
2022-11-07,,,,,,,,,
2022-11-09,,,,,,,,,
2022-11-10,,,,,,,,,
2022-11-11,,,,,,,,,
2022-11-14,,,,,,,,,
2022-11-15,,,,,,,,,
2022-11-16,,,,,,,,,
2022-11-17,,,,,,,,,
2022-11-18,,,,,,,,,
2022-11-21,,,,,,,,,
2022-11-22,,,,,,,,,
2022-11-23,,,,,,,,,
2022-11-24,,,,,,,,,
2022-11-25,,,,,,,,,
2022-11-28,,,,,,,,,
2022-11-29,,,,,,,,,
2022-11-30,,,,,,,,,
2022-12-01,,,,,,,,,
2022-12-02,,,,,,,,,
2022-12-05,,,,,,,,,
2022-12-06,,,,,,,,,
2022-12-07,,,,,,,,,
2022-12-08,,,,,,,,,
2022-12-09,,,,,,,,,
2022-12-12,,,,,,,,,
2022-12-13,,,,,,,,,
2022-12-14,,,,,,,,,
2022-12-15,,,,,,,,,
2022-12-16,,,,,,,,,
2022-12-19,,,,,,,,,
2022-12-20,,,,,,,,,
2022-12-21,,,,,,,,,
2022-12-22,,,,,,,,,
2022-12-23,,,,,,,,,
2022-12-26,,,,,,,,,
2022-12-27,,,,,,,,,
2022-12-28,,,,,,,,,
2022-12-29,,,,,,,,,
2022-12-30,,,,,,,,,
2023-01-02,,,,,,,,,
2023-01-03,,,,,,,,,
2023-01-04,,,,,,,,,
2023-01-05,,,,,,,,,
2023-01-06,,,,,,,,,
2023-01-09,,,,,,,,,
2023-01-10,,,,,,,,,
2023-01-11,,,,,,,,,
2023-01-12,,,,,,,,,
2023-01-13,,,,,,,,,
2023-01-16,,,,,,,,,
2023-01-17,,,,,,,,,
2023-01-18,,,,,,,,,
2023-01-19,,,,,,,,,
2023-01-20,,,,,,,,,
2023-01-23,,,,,,,,,
2023-01-24,,,,,,,,,
2023-01-25,,,,,,,,,
2023-01-27,,,,,,,,,
2023-01-30,,,,,,,,,
2023-01-31,,,,,,,,,
2023-02-01,,,,,,,,,
2023-02-02,,,,,,,,,
2023-02-03,,,,,,,,,
2023-02-06,,,,,,,,,
2023-02-07,,,,,,,,,
2023-02-08,,,,,,,,,
2023-02-09,,,,,,,,,
2023-02-10,,,,,,,,,
2023-02-13,,,,,,,,,
2023-02-14,,,,,,,,,
2023-02-15,,,,,,,,,
2023-02-16,,,,,,,,,
2023-02-17,,,,,,,,,
2023-02-20,,,,,,,,,
2023-02-21,,,,,,,,,
2023-02-22,,,,,,,,,
2023-02-23,,,,,,,,,
2023-02-24,,,,,,,,,
2023-02-27,,,,,,,,,
2023-02-28,,,,,,,,,
2023-03-01,,,,,,,,,
2023-03-02,,,,,,,,,
2023-03-03,,,,,,,,,
2023-03-06,,,,,,,,,
2023-03-08,,,,,,,,,
2023-03-09,,,,,,,,,
2023-03-10,,,,,,,,,
2023-03-13,,,,,,,,,
2023-03-14,,,,,,,,,
2023-03-15,,,,,,,,,
2023-03-16,,,,,,,,,
2023-03-17,,,,,,,,,
2023-03-20,,,,,,,,,
2023-03-21,,,,,,,,,
2023-03-22,,,,,,,,,
2023-03-23,,,,,,,,,
2023-03-24,,,,,,,,,
2023-03-27,,,,,,,,,
2023-03-28,,,,,,,,,
2023-03-29,,,,,,,,,
2023-03-31,,,,,,,,,
2023-04-03,,,,,,,,,
2023-04-05,,,,,,,,,
2023-04-06,,,,,,,,,
2023-04-10,,,,,,,,,
2023-04-11,,,,,,,,,
2023-04-12,,,,,,,,,
2023-04-13,,,,,,,,,
2023-04-17,,,,,,,,,
2023-04-18,,,,,,,,,
2023-04-19,,,,,,,,,
2023-04-20,,,,,,,,,
2023-04-21,,,,,,,,,
2023-04-24,,,,,,,,,
2023-04-25,,,,,,,,,
2023-04-26,,,,,,,,,
2023-04-27,,,,,,,,,
2023-04-28,,,,,,,,,
2023-05-02,,,,,,,,,
2023-05-03,,,,,,,,,
2023-05-04,,,,,,,,,
2023-05-05,,,,,,,,,
2023-05-08,,,,,,,,,
2023-05-09,,,,,,,,,
2023-05-10,,,,,,,,,
2023-05-11,,,,,,,,,
2023-05-12,,,,,,,,,
2023-05-15,,,,,,,,,
2023-05-16,,,,,,,,,
2023-05-17,,,,,,,,,
2023-05-18,,,,,,,,,
2023-05-19,,,,,,,,,
2023-05-22,,,,,,,,,
2023-05-23,,,,,,,,,
2023-05-24,,,,,,,,,
2023-05-25,,,,,,,,,
2023-05-26,,,,,,,,,
2023-05-29,,,,,,,,,
2023-05-30,,,,,,,,,
2023-05-31,,,,,,,,,
2023-06-01,,,,,,,,,
2023-06-02,,,,,,,,,
2023-06-05,,,,,,,,,
2023-06-06,,,,,,,,,
2023-06-07,,,,,,,,,
2023-06-08,,,,,,,,,
2023-06-09,,,,,,,,,
2023-06-12,,,,,,,,,
2023-06-13,,,,,,,,,
2023-06-14,,,,,,,,,
2023-06-15,,,,,,,,,
2023-06-16,,,,,,,,,
2023-06-19,,,,,,,,,
2023-06-20,,,,,,,,,
2023-06-21,,,,,,,,,
2023-06-22,,,,,,,,,
2023-06-23,,,,,,,,,
2023-06-26,,,,,,,,,
2023-06-27,,,,,,,,,
2023-06-28,,,,,,,,,
2023-06-30,,,,,,,,,
2023-07-03,,,,,,,,,
2023-07-04,,,,,,,,,
2023-07-05,,,,,,,,,
2023-07-06,,,,,,,,,
2023-07-07,,,,,,,,,
2023-07-10,,,,,,,,,
2023-07-11,,,,,,,,,
2023-07-12,,,,,,,,,
2023-07-13,,,,,,,,,
2023-07-14,,,,,,,,,
2023-07-17,562.5582885742188,581.9327689029565,549.7751545734598,553.2705461102574,417232.0,,,,
2023-07-18,543.5833129882812,573.1443755124801,530.3008371673272,573.1443755124801,284708.0,,,,
2023-07-19,565.50439453125,571.2468232615894,540.5373130949918,563.9564476731597,208966.0,,,,
2023-07-20,563.3073120117188,571.945947074166,556.266606827216,571.945947074166,108284.0,,,,
2023-07-21,557.96435546875,563.7567062472054,549.3257207962438,563.7567062472054,189224.0,,,,
2023-07-24,574.3427124023438,579.2362847067818,559.3125416884099,566.253402463354,6245467.0,,,,
2023-07-25,574.14306640625,583.9301507744121,560.0116730129496,577.2389603236466,1710743.0,,,,
2023-07-26,573.7435302734375,578.9366953928928,571.2468221347367,571.2468221347367,439499.0,,,,
2023-07-27,574.7422485351562,579.2363234585415,573.2442235606945,579.2363234585415,374132.0,,,,
2023-07-28,596.1140747070312,598.21128521485,572.2455199133708,577.2389363175014,553490.0,,,,
2023-07-31,628.2216796875,631.3675562741954,598.710602147898,598.9602729578013,716078.0,,,,
2023-08-01,646.7472534179688,651.1414841345345,612.0430102068107,635.1625520085336,758470.0,,,,
2023-08-02,620.681640625,649.1441132843926,598.9103579396503,647.8458372487814,647800.0,,,,
2023-08-03,634.61328125,638.9575289908432,608.198097186178,627.1730788717895,385344.0,,,,
2023-08-04,640.6553344726562,645.2992361816154,630.9181723353088,642.5528571172352,195597.0,,,,
2023-08-07,650.7420043945312,682.10068393848,633.9641373905165,644.0008922179796,805742.0,,,,
2023-08-08,666.4213256835938,677.1072487321234,626.7236661893431,643.501532728031,710071.0,,,,
2023-08-09,658.431884765625,685.7958314539427,654.3373076345398,680.8024149746724,366373.0,,,,
2023-08-10,618.2847900390625,669.0678710527484,579.5358912309347,654.1375439278644,765173.0,,,,
2023-08-11,624.7762451171875,628.1717927029033,596.2638492291824,620.5818240410326,350860.0,603.7789367675781,,38.98799129652064,
2023-08-14,601.7066650390625,624.177038422264,596.7132487316844,624.177038422264,278336.0,605.7363555908203,,37.77337446086808,
2023-08-16,594.5660400390625,617.9851741090355,589.3229530512232,617.9851741090355,136791.0,608.2854919433594,,34.97483446178374,
2023-08-17,567.75146484375,595.3650828983665,559.2626566622691,594.566087482158,531748.0,608.3978454589844,,34.833494511546114,
2023-08-18,569.6489868164062,591.5700367998325,559.8119195984052,570.248172423025,313662.0,608.7149291992188,,34.427942641047174,
2023-08-21,529.70166015625,588.2244786408032,522.5610499979632,583.2310620139714,524212.0,607.3017944335937,,37.097253699586304,
2023-08-22,536.9920043945312,548.7764547440275,497.3941885101576,528.4032917328522,1031761.0,605.4342590332031,,39.69311893603759,
2023-08-23,561.16015625,573.1942775151916,542.2850179825052,542.2850179825052,369198.0,604.7851135253907,,40.33279961440054,
2023-08-24,551.17333984375,577.2389496954878,548.7764755323019,566.4531822035545,201980.0,603.6566040039063,,41.54460600979595,
2023-08-25,549.4255981445312,557.5648298188016,536.292889412933,552.221898970997,213461.0,602.390771484375,,42.83754310530019,
2023-08-28,541.0866088867188,556.9656980067956,526.6556227670552,556.2666074940314,246182.0,599.6393981933594,,44.975694732240186,
2023-08-29,541.0866088867188,549.2758242759736,532.3980518390313,540.2876744241848,161456.0,595.2826446533203,,46.26315204652063,
2023-08-30,539.3388671875,547.0287402639572,534.2955290574479,538.3401839556169,163498.0,589.9122253417969,,46.20866728822609,
2023-08-31,536.1930541992188,547.2784137453576,534.7948732858375,539.2889478512648,79591.0,585.6877960205078,,47.101041494848666,
2023-09-01,547.6279296875,555.2678808472594,535.2942160685811,536.1930553655367,174756.0,581.3385284423828,,46.35570812470405,
2023-09-04,560.4111328125,569.5490480210398,542.8342709551605,559.2626226875655,164871.0,577.326318359375,,44.3821310974806,
2023-09-05,563.5070190429688,572.8446829695193,556.9656560017926,562.2586649910348,127115.0,572.9645690917969,,40.94046421872197,
2023-09-06,565.0549926757812,569.1995527066847,559.8119054089902,564.2560582356093,141611.0,567.8962524414062,,34.535222273022704,
2023-09-07,558.9131469726562,568.949902193539,555.8171920936405,568.2508116753875,128778.0,562.9203155517578,,27.19302007618859,
2023-09-08,554.5188598632812,564.0562724570053,549.475521775428,559.2626051750337,118983.0,559.7320190429688,,23.898691008292364,
2023-09-11,583.480712890625,589.2231418150941,553.5701361278667,555.1680659666804,335546.0,557.6672424316406,,19.33061965825306,
2023-09-12,566.4531860351562,594.2664918569787,555.8171843939998,584.1298928259777,235340.0,555.9045684814453,,16.504171631158318,
2023-09-13,574.9918823242188,578.2376028931353,536.6924039929187,567.3519310646998,230181.0,554.9258605957032,,14.556287712845696,
2023-09-14,574.6423950195312,586.2270969139379,569.3493247673782,569.3493247673782,106319.0,555.2704071044922,,14.952021667615128,
2023-09-15,572.1956176757812,583.1811341437681,555.9170918278137,578.5871543206437,264812.0,555.397738647461,,15.0911110451113,
2023-09-18,560.9603881835938,571.5464061472759,559.0129436743424,562.2087422337821,77516.0,556.9606750488281,,13.858097072759913,
2023-09-20,552.4216918945312,564.9551551212414,546.5793580154126,550.3743423652624,80062.0,557.7321594238281,,13.096486135080022,
2023-09-21,547.4782104492188,561.4597769862776,543.2837282971425,554.169400911484,74635.0,557.048062133789,,13.264264532013517,
2023-09-22,535.5438842773438,549.9748692008096,531.8487441202769,547.4781611156005,128493.0,556.2665893554688,,14.06484394203252,
2023-09-25,529.7515258789062,541.2863048710875,526.0064638064587,540.1877777117508,99577.0,555.2828857421875,,15.20988743790873,
2023-09-26,533.8960571289062,539.7883128630741,528.6529699086822,532.1983443166657,61708.0,554.9233581542969,575.5451684570312,15.641964140785692,36.5273973606378
2023-09-27,535.0445556640625,539.2889595120741,529.3021269285173,530.400654130793,45514.0,554.6212554931641,574.9948937988281,15.97800402402849,36.93203565312383
2023-09-28,535.2942504882812,541.28635030718,529.3520726435818,541.28635030718,73834.0,554.4190246582032,574.8291125488281,16.205586144041476,37.09416234280605
2023-09-29,535.3941040039062,541.2863599796982,526.3061101647619,526.3061101647619,68600.0,554.3790771484375,574.2269067382813,16.253791644812935,37.49092517590661
2023-10-03,549.1759643554688,557.2652746049142,535.2942422728208,557.2652746049142,214579.0,554.4564788818359,573.9442797851563,16.223608015801496,37.62793749391939
2023-10-04,549.775146484375,564.2560540666155,539.5885648217719,553.2705379697434,2185590.0,553.9246795654296,573.7804956054688,16.19243560119832,37.71663144294543
2023-10-05,549.5254516601562,564.7553710382887,545.2810478990374,557.2652467539613,154983.0,553.2256011962891,573.284150390625,16.058220076131324,37.872057230109405
2023-10-06,563.5070190429688,566.2533979572233,550.3243880635891,550.3243880635891,163189.0,553.1482025146485,573.0714294433594,16.0018345121006,37.896996616174455
2023-10-09,549.67529296875,562.9577681909552,546.579338277019,554.2692116019133,187916.0,552.6863098144531,572.5900646972656,15.959941739243082,38.040868773546805
2023-10-10,578.786865234375,582.6318323190028,542.2850046449066,546.2797376441324,292799.0,553.8997100830078,572.67095703125,16.995524202431085,38.04983799970984
2023-10-11,593.36767578125,596.3137425970342,575.7408920840134,580.2349666969848,316475.0,554.3940582275391,572.6160290527343,18.014476638885856,38.01727372293909
2023-10-12,602.0062866210938,612.192868566337,591.2205190722211,598.2113022369264,421816.0,556.1717132568359,572.0917211914062,20.805119036002164,37.41068162580647
2023-10-13,592.4189453125,604.5529108256447,590.2218298631678,598.1114523092451,224880.0,557.04306640625,571.0051550292969,21.967301688136597,35.958908558971444
2023-10-16,576.340087890625,603.0049432589816,573.4938649670879,603.0049432589816,130303.0,557.1279510498047,570.1183239746093,22.04204008154288,35.2485336080541
2023-10-17,570.6476440429688,601.2073276793033,564.9551372211603,601.2073276793033,121684.0,557.0505523681641,568.8390112304687,21.98900059734407,33.9986030821382
2023-10-18,564.7054443359375,579.036524297962,559.2626085439719,571.2967292690053,93437.0,557.2378051757812,567.3200134277344,22.039935142689718,32.382749231056074
2023-10-19,565.3545532226562,571.2468086730519,559.6621075643943,568.1509150359344,85627.0,557.8844482421875,565.6122644042969,22.080879782478863,30.061940838166063
2023-10-20,554.7685546875,574.2428783894014,553.2705297873538,570.148301377584,91989.0,558.2489654541016,563.379208984375,21.95989327349447,26.336940162836
2023-10-23,517.66748046875,563.2573989307925,513.6228251673864,563.2573989307925,542161.0,557.3551452636718,560.5639208984375,23.25811602633964,23.31958318678724
2023-10-25,515.7699584960938,530.9998775224338,499.3416074209861,500.3902126056129,585161.0,556.6560668945312,558.5136242675782,24.317475852422863,22.637768495301653
2023-10-26,514.7713012695312,523.0104382079312,513.3231983439456,515.7699845347919,353866.0,555.6998291015625,556.313525390625,25.601686557751812,21.376887054014485
2023-10-27,527.1050415039062,535.044586049685,515.3205905770182,517.2181132575713,141223.0,555.3028533935546,554.8214929199219,25.997318181677542,20.73786050849548
2023-10-30,518.0170288085938,530.8001625839087,515.5702425850288,524.3586432458835,101159.0,554.4389923095703,553.2905126953125,26.966171698570964,20.56876401167465
2023-10-31,514.7713012695312,525.8067391597029,514.3218816092061,515.5702356907819,105397.0,553.4078521728516,552.2309094238282,28.103068616584924,21.1646129151737
2023-11-01,521.4625244140625,527.3047975044963,509.3284975895703,510.3271809181773,92327.0,552.0221801757813,551.2671801757813,28.991886524871425,21.45044909167189
2023-11-02,522.9105224609375,532.9473378324276,520.3139704070402,527.2049091763039,129204.0,550.6789489746094,551.131357421875,29.71479717727861,21.6106892190076
2023-11-03,529.1522827148438,535.7935505471565,526.1063110676486,527.3546650996783,152010.0,549.6602905273437,550.9745629882813,30.103092827648545,21.74340234614513
2023-11-06,538.8395385742188,548.776449162199,491.3521619432246,529.152298800234,172683.0,548.4269165039062,550.5281506347657,30.011103480845502,21.75914072137588
2023-11-07,532.9473266601562,539.5386115540523,529.4019524525197,539.2889407481504,56489.0,547.5905181884766,550.1636303710937,30.20694267157628,21.900319349585995
2023-11-08,529.9512939453125,539.1891140592509,529.4019693909231,536.1930642925681,50360.0,545.1487396240234,549.7741442871094,29.518426749414207,22.08609511537276
2023-11-09,532.1983642578125,536.2929414774928,521.5623625449174,524.6083344722202,70437.0,542.0902740478516,549.5963793945313,27.34860241000364,22.192956700899884
2023-11-10,521.1129150390625,539.1891186929313,517.7673504860978,532.2981797884263,164701.0,538.04560546875,549.1969055175781,23.76852094665508,22.526515717400382
2023-11-13,523.3599853515625,535.2942633008134,520.5636842267705,527.3047966843834,95701.0,534.5926574707031,548.8773278808594,20.202474479442795,22.781128351138506
2023-11-15,543.1338500976562,549.1759324012512,517.1680861251108,528.7029261921289,174830.0,532.9323455810547,549.0161437988281,17.81429177900738,22.72333327619144
2023-11-16,556.366455078125,563.9564849087575,541.8855468889838,543.2837279236455,163878.0,532.2182861328125,549.1909143066406,16.457516235353495,22.746031986236684
2023-11-17,566.6029052734375,572.6949095397928,552.1219984610595,557.3151634399043,226974.0,532.3131591796875,549.3147497558593,16.65888973922908,22.825081956627187
2023-11-20,562.7081298828125,578.187721371363,556.2666102659733,577.0392111693276,120202.0,532.1808380126953,549.2987719726563,16.390985785595788,22.815221963632037
2023-11-21,571.246826171875,574.0431271160243,562.7580184402999,562.7580184402999,133757.0,533.004751586914,549.4226086425781,17.928210202396134,22.91905682671593
2023-11-22,567.8013916015625,577.0392123474613,564.2560779927436,570.2980999112649,163056.0,535.5114471435547,549.6003735351562,19.135111731892213,23.02837843453895
2023-11-23,548.6766357421875,572.3453814618604,544.2824047894932,570.1483269403051,114346.0,537.1567810058593,549.4835290527344,18.759349760500136,23.017732119793088
2023-11-24,538.3402099609375,553.370381135875,535.3441601205596,552.9709443966988,97645.0,538.3352264404297,548.5807189941406,18.004191023086072,22.5373138922301
2023-11-28,523.0104370117188,544.6818760092652,519.3152967477481,540.0878964267002,169223.0,538.1304962158204,547.7118640136719,18.161209126145376,22.671236901720416
2023-11-29,525.2075805664062,536.1431141190208,523.0104650789924,524.3087411995758,173957.0,538.490023803711,546.7161779785156,17.809852089517523,22.54154350258304
2023-11-30,524.2088623046875,533.2968554977335,517.7174211797151,525.5071383387243,155806.0,538.9619018554688,545.7075073242188,17.265033410659367,22.39431999169939
2023-12-01,522.3612670898438,536.4427376324318,520.7633982553377,526.3060781588422,76232.0,539.0068389892579,544.7108203125,17.218195197947026,22.300146663633576
2023-12-04,565.5543212890625,573.2441946274619,529.7515505884094,533.6963616796781,538272.0,541.139028930664,544.8026989746094,17.752110924695742,22.377791246394796
2023-12-05,601.6068115234375,609.1967798079824,568.2507667389212,569.2494499845081,906955.0,544.7617553710937,545.7864013671875,22.049942251949552,23.7580431672814
2023-12-06,588.8735961914062,610.1954589597204,582.7316698903386,605.3518696330353,416187.0,547.2634582519531,546.6143090820312,24.086915661562443,24.52701913817561
2023-12-07,602.6055297851562,609.0969712586747,584.2796545908868,592.21919904561,313916.0,550.7463684082031,547.9555419921875,26.792173454947097,25.71415711353667
2023-12-08,611.6435546875,622.6789921570647,602.205985999535,611.1941350443042,390444.0,554.8309814453125,549.5933825683594,29.541176892708048,27.10159517773017
2023-12-11,624.0772094726562,655.1362352688839,617.2361923943066,634.2138082473112,812150.0,559.4249237060546,551.3970056152343,32.800561722787336,28.9718752562413
2023-12-12,608.9970703125,632.1166133234018,606.2007692351578,629.5699830735864,206135.0,563.8191314697266,552.8760559082032,33.281152095238895,29.9898260240084
2023-12-13,612.7920532226562,618.1849674661516,602.5056273443071,617.1862841584518,182466.0,568.2907348632813,554.4260119628906,33.56577708349961,31.046634523434104
2023-12-14,607.9484252929688,627.1231557847477,603.2046798800052,616.187562062853,196609.0,571.5314636230469,555.8770983886719,34.13316301779117,31.824754472244948
2023-12-15,608.8472900390625,620.0824770129703,603.3545319629297,607.0995942875658,278276.0,574.1555053710938,557.0705249023438,34.914304902308395,32.67579067877928
2023-12-18,622.6790161132812,632.6658487694687,606.7500058357047,612.9917762458217,332509.0,576.9593109130859,558.5286022949218,36.491836048471264,33.94551745715404
2023-12-19,626.6238403320312,639.2072253605502,619.1836376563318,632.6658620246551,299761.0,580.1550964355469,560.0705700683594,37.94777317169493,35.25407231000845
2023-12-20,592.718505859375,633.4148480898207,584.2796202488527,627.3229046777305,346570.0,581.2286804199218,560.6547998046875,37.98619320569524,35.552962337652595
2023-12-21,606.1508178710938,626.1744050769342,582.7816051657328,592.2191741796204,623060.0,583.1461517333985,561.7843103027344,38.23979295274757,36.090077727768765
2023-12-22,615.4385375976562,631.11787642599,606.2007177635332,607.1994009888438,287532.0,586.4842468261719,562.51734375,37.98555585003108,36.80755638371966
2023-12-26,624.8262329101562,639.1073919522418,614.1902313511827,620.8814216723083,365093.0,590.8085479736328,563.1465148925781,37.129513451945215,37.60587123225114
2023-12-27,615.0390625,637.2098431066086,609.2966337436941,624.3767875722577,179635.0,595.4099792480469,563.4071704101563,33.84211422032636,37.92453128311382
2023-12-28,600.9576416015625,619.6829524117483,598.0115138431357,619.1836107901433,222357.0,599.1974822998047,563.5779443359374,29.53675800254901,38.07675658139353
2023-12-29,599.0101928710938,608.3978396731209,592.868327541446,604.0036090520044,218340.0,602.937548828125,564.0313464355469,23.70094533819098,38.365700947677965
2024-01-01,603.0049438476562,609.2966362327886,595.7644901688222,600.6580625543637,150418.0,606.9697326660156,564.6784924316406,14.244590149144878,38.750549556425504
2024-01-02,602.0062866210938,617.1363631380513,591.4202679250282,607.9484645020517,383222.0,608.7923309326172,565.4245092773438,10.508695222016367,39.10847966176141
2024-01-03,600.0089111328125,607.3492699201173,594.7658238367908,601.2073432771471,111882.0,608.712435913086,566.1175964355468,10.572083248453398,39.41310342520091
2024-01-04,587.5752563476562,607.548921027849,572.2454930875232,604.1035126343456,156485.0,608.6475189208984,566.77373046875,10.703483088262193,39.49330818684172
2024-01-05,589.123291015625,604.0036353087321,585.328245789328,594.2165513596489,329399.0,607.9734069824219,568.2028466796875,11.499033732088092,38.969456536788535
2024-01-08,576.889404296875,596.6633204748539,572.2954247696026,589.7224596897494,134014.0,606.2356994628906,569.4252355957032,13.38632540470356,38.24300533156719
2024-01-09,579.3361206054688,593.5174347423335,575.2914656921357,582.2323263707027,172554.0,603.9986450195313,570.7165319824219,13.973395888726875,37.44155886154741
2024-01-10,577.4386596679688,584.229693486772,572.3953215134421,579.3361212448824,126125.0,602.4207244873047,571.7232043457032,15.11449628832169,36.918056421100594
2024-01-11,581.982666015625,587.1259091534056,572.7448459201389,581.2336535754504,143451.0,600.8802551269531,573.0025170898438,15.565144631000951,36.11864598840051
2024-01-12,580.1351318359375,594.2165414617715,565.4544756794536,579.236292517357,249351.0,599.4895904541015,574.3097937011719,16.132547954389647,35.13757913443714
2024-01-15,580.1351318359375,580.1351318359375,580.1351318359375,580.1351318359375,0.0,598.0539825439453,575.4832458496094,16.528654690947075,34.3065636309508
2024-01-16,589.6725463867188,594.1166991097642,577.4386763826573,583.4307759764833,327805.0,596.4036590576172,576.818486328125,15.559929869844373,33.50856629693145
2024-01-17,576.4899291992188,595.1653189146903,569.2494753461319,586.2270912775078,304269.0,593.8969635009765,577.7652392578125,14.432681776324388,32.79547028077023
2024-01-18,578.5372314453125,586.6266028592956,564.2560722501175,582.2323718970239,204340.0,593.1878997802735,578.5591931152344,14.836336867166253,32.31082093896731
2024-01-19,579.4859619140625,589.1232797599516,577.2389245779028,581.1338136758284,120187.0,591.8546569824218,579.4899658203125,14.8082055307619,31.6332839389067
2024-01-23,588.5240478515625,637.110014064581,584.2796438889277,637.110014064581,828085.0,590.5089324951172,580.6614208984375,13.736333139330672,30.835801900077524
2024-01-24,589.22314453125,604.0535670921964,580.5845096405279,597.2126108977754,368241.0,588.7287780761719,581.8019165039062,11.11103591263407,30.05134585716757
2024-01-25,595.26513671875,600.2086309784988,588.9235224871652,589.2231152700738,247264.0,587.7400817871094,583.2849609375,9.393698259406117,28.798816005878244
2024-01-29,575.6909790039062,599.0601307794117,573.2441928192079,595.2651465719148,339779.0,586.4767486572266,584.3315808105468,9.219962756166971,27.498094022402974
2024-01-30,565.3046264648438,582.7815828758967,564.2560212711379,582.7316609056795,233920.0,584.791470336914,584.7749963378906,9.866249821342905,26.994351139114183
2024-01-31,565.8539428710938,581.9327808431457,557.5648835332842,564.3559178960152,319790.0,582.9339202880859,584.96474609375,9.75328368650662,26.82338892473078
2024-02-01,557.7146606445312,573.0444238062862,553.7199277341286,573.0444238062862,151562.0,580.7193389892578,584.7869812011719,10.212409385196915,26.976575408513167
2024-02-02,542.53466796875,564.2061063813768,539.089198613518,561.0602298059938,319082.0,577.8456268310547,584.3835119628907,12.359504928905832,27.46005943496888
2024-02-05,550.07470703125,574.2428532185352,542.5346608886422,542.5346608886422,272988.0,575.9705993652344,583.9600695800781,13.589147403081004,27.827546458873183
2024-02-06,569.748779296875,574.1929318346704,545.5806330849109,553.8696916532244,259337.0,575.0018737792968,583.9990173339844,13.28945521398631,27.805823353244456
2024-02-07,570.497802734375,584.5792120829714,569.3492926226663,573.643679332681,232661.0,574.6822937011718,584.4354406738281,13.318495319237842,27.408517852626712
2024-02-08,568.400634765625,582.0825474570433,564.2560746144163,572.145697207756,132123.0,574.1355194091797,585.0366491699219,13.341833546765535,26.69723971677807
2024-02-09,558.1641235351562,570.6476648474044,545.2810845189995,568.2508005335361,159238.0,573.1717926025391,585.7397229003906,13.779628917242432,25.46488331177499
2024-02-12,546.3296508789062,562.1588167080756,529.3520359036979,562.0589118118197,247504.0,571.3891418457031,586.1621643066406,14.844806812014175,24.600748497881384
2024-02-13,531.2495727539062,548.8762957335022,528.8027865740788,546.3795875815944,171700.0,568.9448638916016,586.302978515625,17.17127385162453,24.256635597995963
2024-02-14,531.5491943359375,539.338912000912,525.207579668473,529.1523299983489,196187.0,566.5155670166016,586.4867370605468,18.85873329280649,23.79271892482932
2024-02-15,557.315185546875,571.3966561993176,529.3520540413481,535.1943877323407,338914.0,564.8976989746094,586.3219543457031,18.141891029486445,23.968532065125096
2024-02-16,559.3125610351562,570.1483112398549,555.7672475677754,561.7593472720101,273710.0,564.0388305664062,585.4760693359375,17.969999645256213,24.163617588864103
2024-02-19,575.0418090820312,578.8867762070078,556.5162467946737,560.2113870486917,329592.0,563.8640594482422,585.19943359375,17.838084430811765,24.203071387858127
2024-02-20,574.442626953125,582.1824222667668,572.2455115763591,579.2362944402937,242125.0,563.6118927001953,584.6361755371094,17.640172990382773,24.11728074166535
2024-02-21,572.944580078125,600.3584468768961,569.2993619141148,574.4426049200821,727693.0,562.8329193115235,583.8621960449219,16.806461708592273,23.85237803201696
2024-02-22,569.9485473632812,589.2231220460327,561.3099128022163,574.1430292366006,362984.0,561.869189453125,582.7796228027344,15.731795860126065,23.209606132620856
2024-02-23,590.9708251953125,594.2165458237616,572.8446994575962,572.8446994575962,636134.0,561.6544738769531,582.4190979003906,15.274665079002832,22.932397258555746
2024-02-26,595.165283203125,605.7013790903258,591.1705502824964,603.0049221779441,377039.0,562.6281890869141,582.0665625,16.764594445551193,22.58886402611413
2024-02-27,582.4819946289062,597.212572289903,576.3900513001715,597.212572289903,175433.0,563.4870574951171,581.5572338867188,17.3390919603217,22.27834727223268
2024-02-28,563.2573852539062,589.2231512407885,556.8158657315868,583.2809733720628,235776.0,563.3572296142578,580.6454357910156,17.330155627727375,22.070610992137592
2024-02-29,594.9156494140625,597.2126087953943,559.6121584583834,565.2547434417946,406027.0,565.2172790527344,580.0901684570313,18.639588860604068,21.32828085165972
2024-03-01,586.2271118164062,599.2099950423233,577.9879743845744,589.2231617916179,286886.0,567.4019012451172,579.2822338867187,18.40010287393412,20.268364906116428
2024-03-04,606.6002197265625,609.1967717488229,588.2743458396068,589.1232631599979,545539.0,570.2281768798828,579.5598681640626,19.880209364075547,20.549298160035573
2024-03-05,604.30322265625,609.1967950640905,598.6606987502513,607.2493504954687,256506.0,571.9558990478515,579.5229162597657,21.288012697605836,20.502113281653884
2024-03-06,582.1824340820312,604.6528080292809,574.7921533796863,604.2533103327469,225595.0,572.5401306152344,578.8577941894531,21.405901364262903,19.84198682253346
2024-03-07,592.2191772460938,601.7066682812335,569.0497132640577,587.4754317285239,312199.0,573.7310577392578,578.2056530761719,21.822010801783986,18.809291239345576
2024-03-11,571.7960815429688,594.2165326551152,563.30727393361,592.9681785949153,483311.0,574.4126556396484,577.3407934570313,21.521013148278783,18.06036694703402
2024-03-12,559.9118041992188,588.0247019023764,556.0668370059994,576.2402514127954,406575.0,575.091763305664,576.5198767089844,20.79008103994745,17.897089487308836
2024-03-13,539.6384887695312,564.2061341580353,530.3008244349377,560.2613229905838,569554.0,575.5112091064453,575.3324426269531,19.9256515850218,18.33859945247113
2024-03-14,561.260009765625,577.2389424279916,534.2955608978814,534.2955608978814,760048.0,576.9967498779297,574.4975439453125,17.426388856469043,18.000181697737712
2024-03-15,563.1075439453125,577.238936761795,547.3782822601944,559.2626376930885,2826899.0,577.2863677978515,573.7195690917969,17.12764776164227,17.623650302461723
2024-03-18,587.1259155273438,589.2231260006848,558.3138667763012,574.2428770345657,384280.0,578.677035522461,573.4619091796875,16.71565587400293,17.323065099405888
2024-03-19,578.037841796875,598.21125525002,572.9445817017028,592.2191558652119,502945.0,578.8268371582031,573.2711608886718,16.694775043656914,17.216670838310375
2024-03-20,576.2901611328125,589.0233726567326,569.3493003072474,578.0378568321742,104051.0,578.9192138671875,573.0144982910156,16.674338175797196,17.070564551621104
2024-03-21,588.2743530273438,594.2165305235367,579.1364379123335,579.1364379123335,293940.0,579.6857025146485,573.242197265625,16.737461609208484,17.198754380803862
2024-03-22,578.387451171875,596.1640015240599,574.342735087833,589.2231404749645,99948.0,580.1076477050781,573.2232238769532,16.584746182002515,17.192416575115963
2024-03-26,565.2547607421875,583.131216603407,563.7567357578885,578.0378950839145,188883.0,578.8218444824219,572.9795458984376,16.69471416490191,17.217775434591466
2024-03-27,608.9970703125,624.17706881709,567.3020421155184,571.2468533814008,620894.0,579.5134338378906,573.519833984375,17.66564684092086,17.915759843180737
2024-03-28,601.2073364257812,633.4148723057339,595.2152367271855,611.3439961311553,572010.0,580.4497009277344,573.9412780761719,18.31552062985037,18.31788629461532
2024-04-01,600.0089111328125,611.3440030980386,596.5634415758972,603.5043026634936,137741.0,582.2872772216797,574.3387536621094,18.34344982161412,18.667313615596026
2024-04-02,610.5449829101562,613.1915179149946,599.2099523599296,600.0088867721184,218450.0,583.0687438964844,574.7562023925781,19.22165612432471,19.241756224971468
2024-04-03,608.1981201171875,621.1810028126283,604.3032309266391,609.0469765268963,156654.0,584.1672943115234,575.3903662109375,20.022807022454167,19.814065202951507
2024-04-04,628.2716064453125,647.1467441997195,614.1901970414004,614.1901970414004,474377.0,585.250863647461,576.3850537109375,21.80754936413273,21.17676550250849
2024-04-05,642.2032470703125,648.6447661771167,629.2702868855233,631.1678094286956,527508.0,587.145864868164,577.6393994140625,24.967954174276795,23.131418799636187
2024-04-08,652.88916015625,659.130930329828,640.1060270317198,649.0442541112408,747197.0,590.681201171875,578.9267016601563,28.921080594108798,25.426668393891283
2024-04-09,655.9351806640625,657.1336128176061,649.1940683745203,657.1336128176061,272670.0,593.8670013427734,580.2609423828125,32.39954447898732,27.63262527595659
2024-04-10,693.6354370117188,707.0677388748037,654.2373707266778,659.1309430188848,1668519.0,599.9589691162109,582.2283483886719,38.8446656870524,31.895765462507526
2024-04-12,695.8325805664062,709.065134125796,692.087518238277,699.0783012507849,932224.0,606.7550079345704,584.6311804199219,43.12375342310562,35.69260975048626
2024-04-15,693.8851318359375,709.015207933466,660.1296491102158,683.099364586063,591556.0,614.4673400878906,587.2027905273437,44.26649801160247,38.7710202195123
2024-04-16,696.281982421875,704.0716996741203,683.4988488598842,686.2452278302443,259828.0,621.2184387207031,589.8113513183594,45.9874142526366,41.5904904192378
2024-04-18,718.3528442382812,723.9954289410989,698.8285990356734,698.8285990356734,848277.0,628.9807037353515,593.0241149902344,48.68543746593088,45.11556614070676
2024-04-19,721.5985717773438,723.995435964842,699.0782766283454,699.0782766283454,500599.0,635.7043365478515,596.6053930664062,51.78765653811835,48.03829895250235
2024-04-22,730.386962890625,733.9323371549917,720.3002865527031,727.0413984199208,377014.0,643.3217926025391,600.2116381835938,54.01565484769974,51.14173654712423
2024-04-23,717.6537475585938,738.0269099137711,711.6117261839513,731.685295759891,382737.0,650.3899719238282,603.1697375488282,54.03164040664566,53.56390982015916
2024-04-24,730.1873168945312,738.02695639311,713.6091375934758,719.1018957263068,370191.0,657.4856201171875,606.3635278320312,54.75843930315529,56.26858416732164
2024-04-25,729.5381469726562,748.0137879295271,725.8430065903239,731.3856866864269,479626.0,665.0431549072266,609.5862780761719,53.68718678709346,58.61549287417043
2024-04-26,726.2924194335938,740.1741414849866,724.0453820410526,730.6866502720349,222522.0,673.0950378417969,612.9488439941406,49.87408297337977,60.40066346683832
2024-04-29,717.1544189453125,734.4816099419808,712.5605003676048,729.5880376248149,271910.0,678.5029052734375,616.3653393554688,48.40010760913963,61.37885532117672
2024-04-30,741.2227172851562,748.0137511662016,720.6498058470983,724.0952752363514,642198.0,685.5036743164062,620.5648022460938,46.72866382041851,62.60725113138347
2024-05-02,738.2266845703125,749.0124516835984,722.5972670299324,744.0190353390411,843233.0,692.4145629882812,624.6983520507813,43.53035605069514,63.42759896588021
2024-05-03,710.962646484375,748.0137715335608,702.1242629447829,747.0150882604853,480054.0,697.4354461669922,627.7713012695312,39.16239063279005,63.817156182719614
2024-05-06,692.986328125,717.853504353976,668.4186837237947,717.853504353976,615300.0,701.6748565673828,630.4447766113282,33.116386658828006,63.69055753428157
2024-05-07,680.0534057617188,706.0191715783569,673.8615571067929,693.735379171444,290964.0,704.2639465332031,632.5450085449219,28.82121706663451,63.55759839908967
2024-05-08,676.7577514648438,696.981087956291,675.6092413068701,684.0980492168603,217370.0,705.9916717529297,634.5913110351562,25.780396644142503,63.29528460280043
2024-05-09,662.8760375976562,683.2492012142125,657.1336086467161,679.0547191808284,276538.0,706.491015625,636.3899401855468,24.7748200441086,62.78344910143002
2024-05-10,681.401611328125,688.0428797323221,654.0377251625818,667.9193866212399,248561.0,707.7643371582031,638.6190014648438,22.598557547094394,62.35341483244194
2024-05-13,699.6275634765625,707.7668566354257,663.125701581948,680.1033174357027,379933.0,708.0639434814453,640.7921362304687,22.440549820400623,62.55202551794917
2024-05-14,697.2807006835938,708.0664682630743,690.1400906203215,696.6814541234719,264445.0,708.1363494873046,642.8344445800781,22.401309269161857,62.69876735281554
2024-05-15,691.4883422851562,705.7695013045046,689.2413048569612,697.8798788413698,132961.0,708.0165100097656,645.0145715332031,22.487805106591384,62.45206681450434
2024-05-16,682.1006469726562,695.9823682695344,680.1032805100716,692.6367428718329,138410.0,707.3074432373047,647.3914367675782,23.09272327541141,61.53171355651286
2024-05-17,710.3634033203125,723.0466931395471,689.1413836667001,694.0848780828525,488358.0,706.9079711914062,649.7003918457032,22.96032040358153,61.68826063730442
2024-05-21,714.3082275390625,728.0401228605054,699.1781512211561,704.2215506303189,398826.0,706.5434539794921,652.2620141601562,22.771915459441647,61.65801886600514
2024-05-22,704.8207397460938,721.149187337041,702.6735462668281,718.9521328384703,244925.0,705.2651428222656,654.2264245605469,22.06976471744967,61.73814485667008
2024-05-23,704.3213500976562,712.4606428288031,698.07957989119,708.2661610591003,176582.0,704.5985229492187,656.226787109375,21.87637677505531,61.70790822647558
2024-05-24,701.6249389648438,710.1636689735611,700.07699204358,705.0704085346184,108624.0,703.1704040527344,658.6156372070312,21.03406599050572,61.0918556788306
2024-05-27,694.783935546875,705.4198753772521,693.0861618643191,702.2241378039552,167060.0,701.4326934814453,660.6669323730468,20.158436834347796,60.53634293823093
2024-05-28,689.9902954101562,697.4804199328249,682.1006731976961,694.7839629137063,243128.0,699.6175872802735,663.0308166503906,19.423153878620397,59.290055959634095
2024-05-29,690.639404296875,694.084873774917,682.9995138418665,691.0888239600613,139980.0,698.2918365478515,665.6453686523438,19.06475700012702,57.50548071901291
2024-05-30,684.3477172851562,690.9390025480152,682.649943519029,690.6394097551198,287633.0,695.4480865478515,668.5395532226562,16.376288844233684,54.60252744650002
2024-05-31,679.4042358398438,686.2452530080602,670.1164933539146,683.099376235585,146503.0,692.5069641113281,670.9024377441406,13.27813113618926,52.376257258237615
2024-06-03,691.4883422851562,727.0414434337933,682.2505217470208,724.0453935295332,350160.0,691.5332489013672,673.4700537109375,12.547445777600686,50.08049676265021
2024-06-04,629.5199584960938,692.6367517101181,591.2204804692334,692.6367517101181,644929.0,688.3599304199219,674.3179345703124,18.68501687851848,48.9345892476216
2024-06-05,648.0455932617188,656.2347472484106,601.8065094553003,656.2347472484106,215850.0,686.7595397949219,675.7180895996094,20.696414239156137,47.090331163411626
2024-06-06,699.677490234375,722.8968767813758,654.7867250073394,664.0245454615225,428334.0,687.9055267333985,678.1858361816406,20.74793792836873,44.95828370807935
2024-06-07,705.4699096679688,709.0651451770909,691.3884385218587,691.4883434250402,191292.0,690.0352203369141,680.5297473144532,20.22294418917099,43.19551335306534
2024-06-10,717.7037353515625,748.0137473266068,708.865352097995,712.9100070321012,607588.0,691.8503265380859,683.3160729980468,21.020663104940347,40.90492772631557
2024-06-11,722.9468383789062,734.0321982149304,709.4646143300606,721.4488134845901,233599.0,693.0162902832031,686.4699145507813,22.094075742304494,37.55872430202199
2024-06-12,723.5460205078125,735.5302196052504,720.9993903905647,722.0479956206328,171239.0,694.329556274414,688.7608935546875,23.11777779736449,36.2058732374196
2024-06-13,719.651123046875,731.9848977140381,715.6563900608701,721.0493039738919,104288.0,695.7376953125,691.1297692871094,23.783733374487824,34.17852288030387
2024-06-14,722.447509765625,729.0387950374724,717.0545956669934,722.0979340444453,169837.0,697.7550384521485,693.5785412597656,24.27225525182058,31.821686148354438
2024-06-18,746.7155151367188,773.8797130707887,727.041441947992,732.0348584448876,1379684.0,699.5726440429687,696.3019519042969,26.522868718420693,30.36394332587788
2024-06-19,716.0059814453125,753.306777136833,695.6328183887489,749.1622781459915,527335.0,699.6575317382812,698.4581091308594,26.57517814450328,27.6899733440288
2024-06-20,734.23193359375,739.0256009766953,718.1530967834113,722.9468251211445,278833.0,701.1280914306641,700.5773156738281,27.66723447403542,26.22472198048919
2024-06-21,733.6826782226562,746.9152313614159,728.9389327578178,738.8258604169237,257874.0,702.596157836914,702.406904296875,28.60855709877508,25.24174123268192
2024-06-24,727.640625,743.8193065842976,724.145233464402,734.0322224755813,627781.0,703.8969421386719,703.90193359375,29.148424638838584,24.45032764199625
2024-06-25,725.1939086914062,746.5157729413254,723.0467151966817,728.0401317380953,764356.0,705.4174407958984,705.2871081542969,29.43973155937088,23.625354314168337
2024-06-26,727.1912231445312,739.5748587060493,725.0440298038308,728.839013912122,512214.0,707.2774871826172,705.9582238769531,29.588549904229367,23.763812290556963
2024-06-27,727.3909301757812,743.9191869411637,725.0440488898029,734.5315398876722,976109.0,709.1150634765625,706.5893908691406,29.64203494459154,23.908043908368175
2024-06-28,731.2359008789062,741.9717460078265,727.341011752545,735.8797415013331,354056.0,711.45947265625,707.33640625,29.433546381683136,24.08585166534933
2024-07-01,731.885009765625,758.9992849179654,727.0913422623642,738.0269362557585,1506547.0,714.0835113525391,708.048466796875,28.756959960026872,24.27788378343219
2024-07-02,729.0886840820312,747.7640727818647,725.4435268443476,738.6260967926655,393789.0,715.9635284423828,708.26318359375,28.429244056637494,24.417947478007864
2024-07-03,737.62744140625,746.9152446133933,728.4895260268333,739.02562237103,1115312.0,721.3689025878906,708.5837609863281,20.22074154217533,24.700186051740427
2024-07-04,774.0794067382812,784.9650791645923,744.0190635847599,744.0190635847599,4230308.0,727.6705932617188,709.4576098632813,15.177117180094411,26.21379126226455
2024-07-05,762.3448486328125,778.1740150115202,756.0032342597095,777.974266166861,1066239.0,730.8039611816406,710.3514318847656,15.557843021373564,27.240769725248864
2024-07-08,753.2069091796875,768.986092125858,744.1188551544186,758.9992597605872,575114.0,733.1908111572266,710.8118237304687,15.122343119167768,27.772196048130205
2024-07-09,758.2003784179688,776.9256904131696,745.1175905311135,745.1175905311135,660860.0,735.2156433105469,711.385068359375,15.64179623458237,28.454051128816545
2024-07-10,753.4566040039062,773.879689032792,740.0243018535286,772.9808497093538,735985.0,736.7411315917968,711.9283520507812,15.868400878012862,28.99860847942137
2024-07-11,744.2687377929688,759.4986582912481,742.0716223170126,758.799567782336,301836.0,737.7772674560547,712.4706384277343,15.636326008938354,29.34973157838236
2024-07-12,746.4158935546875,762.7443404879645,720.2004579569015,744.2687001619057,2691618.0,739.1155059814453,712.574501953125,15.140830528584374,29.462528733016335
2024-07-15,738.7759399414062,761.9953256847489,737.1280881841568,761.9953256847489,420447.0,739.9319274902343,712.5854870605468,14.626242742441422,29.47238908961937
2024-07-16,732.9835815429688,745.0177024819134,729.2385193656133,743.0203359873238,383488.0,739.2453308105469,713.0259057617187,14.61334413344944,29.611847611444407
2024-07-18,738.2266845703125,748.013768414687,730.1872964465331,733.5328610154708,485778.0,740.3563659667968,713.930712890625,13.560253466356066,29.678128830422484
2024-07-19,708.5657958984375,744.5183944218254,706.0690876676466,742.12153013835,656816.0,739.0730590820312,714.5009606933594,15.276268402043492,29.285235703784057
2024-07-22,694.584228515625,709.2149631027949,691.0888369990115,708.0664529368485,818754.0,737.1181365966797,714.857490234375,18.22041733651232,28.922626264998584
2024-07-23,710.5631713867188,718.0532961729456,673.9114819084905,700.4764943898499,786703.0,736.2642639160156,715.8112329101563,19.06836665452729,27.94319518300353
2024-07-24,709.4146118164062,722.4973987717634,704.0716808894439,709.1649410075802,160645.0,735.4752990722657,716.3714929199218,19.86050202515942,27.516779976992108
2024-07-25,723.7457885742188,729.0387977918867,700.5763241794638,700.5763241794638,211338.0,735.30302734375,716.853857421875,19.950878129617674,27.428524227028984
2024-07-26,747.9638671875,752.6077079438649,723.7457972446919,728.5394648774648,357726.0,736.331674194336,717.8675207519532,20.051573664196845,27.62623039939481
2024-07-29,734.0322265625,752.7076164904906,731.1360206063913,752.0085259885204,448112.0,736.4714904785156,718.7183984375,20.023901643662604,27.451797723190072
2024-07-30,738.7260131835938,753.3566862423852,726.4422213834613,734.0321897114878,1226565.0,736.8135406494141,719.8509057617188,19.9998463212203,27.07577236052477
2024-07-31,730.4868774414062,755.0045391063492,725.0440415227639,749.0124395896321,445683.0,736.8834503173828,720.2533752441407,19.973849635149357,27.08142940180795
2024-08-01,776.9256591796875,797.9479297435504,735.0808059413829,735.0808059413829,3821092.0,738.8483612060547,721.5057238769531,21.891774696071007,28.22459892310652
2024-08-02,780.5208740234375,795.9505422722447,760.9966288725852,768.9860947925074,1297150.0,739.1704345703125,723.0197265625,22.476939431230605,29.32038375689014
2024-08-05,725.1439208984375,767.837632041166,721.0992657179794,767.837632041166,1080459.0,737.3103881835938,723.4361779785156,21.992268360471897,29.19699859084443
2024-08-06,715.306884765625,748.0137615210515,704.0716980939136,732.2345782086279,768947.0,735.4153869628906,723.7098168945313,22.18246305376024,29.052163837001373
2024-08-07,738.4763793945312,743.1202201730616,719.3515697912361,722.0979488700241,363577.0,734.4291870117188,724.5836657714843,21.545464424013403,28.820538000164262
2024-08-08,737.427734375,745.3672174292153,725.8928941019332,738.476339593973,298834.0,733.6277435302734,725.5324145507813,21.093820700932127,28.436757519655213
2024-08-09,760.8967895507812,773.9795156921791,738.526260457247,742.8205862243234,519113.0,734.4591461181641,726.9375622558593,21.849463043149523,28.413206394878003
2024-08-12,758.4500122070312,772.681248628427,746.7654059016643,757.0019092924929,284282.0,735.0608520507812,728.4196081542968,22.355899393379683,28.07697916381572
2024-08-13,746.7999877929688,774.0,741.0,769.0,162328.0,735.4620544433594,729.7675231933594,22.497631078560925,27.28235172781583
2024-08-14,734.1500244140625,753.5,726.2000122070312,750.7000122070312,279668.0,735.520376586914,730.6207568359375,22.49237911198135,26.72212234854421
2024-08-16,740.0,744.9000244140625,728.5,744.7000122070312,913932.0,735.6090423583985,732.8303576660156,22.50709938858615,22.411732215325102
2024-08-19,751.0999755859375,754.0,732.7000122070312,752.1500244140625,277229.0,737.7357513427735,734.8914453125,21.81621191724844,18.922462546954566
2024-08-20,747.5999755859375,760.9000244140625,742.5499877929688,752.0,209393.0,740.3865386962891,735.8498950195312,19.38218182234419,18.306056024048956
2024-08-21,755.4000244140625,759.9500122070312,741.2999877929688,747.4000244140625,320502.0,742.6283813476563,736.8484973144531,18.314740709603484,17.973833811811325
2024-08-22,776.5499877929688,791.0,761.5999755859375,762.0,655482.0,745.9851501464843,738.0254223632812,18.057405216522135,18.61001771041061
2024-08-23,768.4000244140625,785.0499877929688,755.5499877929688,778.4000244140625,246241.0,748.2178619384765,738.9344860839843,17.92303006320902,18.96518728675481
2024-08-26,778.6500244140625,786.9500122070312,765.0499877929688,767.0,361768.0,749.7521697998047,740.0365661621094,19.170200440469,19.641702926811977
2024-08-27,776.7999877929688,810.9500122070312,770.25,785.75,591230.0,751.8905578613281,741.1795434570313,19.70232271426157,20.088930459619604
2024-08-28,780.5499877929688,797.0,775.0,790.0,450995.0,753.9817565917969,742.3415930175781,20.43738103938264,20.65573798102396
2024-08-29,769.25,784.9500122070312,752.0499877929688,784.4000244140625,437435.0,755.9199127197265,742.7922827148437,19.92357141175325,20.9961566827882
2024-08-30,774.4500122070312,779.25,767.1500244140625,773.5,141832.0,755.7961303710938,743.9611633300781,19.793462529806188,21.10106051267854
2024-09-02,766.3499755859375,774.0,741.2999877929688,770.0499877929688,1035792.0,755.0875854492188,744.6035241699219,19.10341937080001,21.28689000289108
2024-09-03,772.2000122070312,776.0,758.0999755859375,761.0,326352.0,757.4403900146484,745.3738708496094,18.092409454950463,21.57856182399049
2024-09-04,779.3499755859375,783.25,757.3499755859375,764.4500122070312,400368.0,760.642544555664,746.4080578613281,15.759862608055824,21.94729899942045
2024-09-05,779.25,786.6500244140625,774.2000122070312,774.2000122070312,175843.0,762.6812255859375,747.4891796875,15.374048934845472,22.210782706537
2024-09-06,769.7999877929688,781.2999877929688,765.0,776.0,180990.0,764.299838256836,748.3413549804687,14.237471038408469,22.23349171371814
2024-09-09,759.8499755859375,769.0,750.0499877929688,769.0,360124.0,764.2474975585938,748.9905358886718,14.25255618096758,22.08265354488132
2024-09-10,750.75,769.75,747.0,769.25,220288.0,763.8624969482422,749.3808178710938,14.518914869348446,21.934405198840267
2024-09-11,740.0,765.8499755859375,732.75,750.75,290776.0,763.5224975585937,749.5431176757812,15.010796887777712,21.832090133962566
2024-09-12,754.2999877929688,757.6500244140625,742.0,751.0,160847.0,764.529995727539,750.04734375,13.539742471037789,21.64033440470732
2024-09-13,774.0999755859375,784.9500122070312,748.0999755859375,758.5499877929688,366367.0,766.234994506836,750.7767944335938,12.386094292874091,21.827042669563127
2024-09-16,790.0,798.0,778.0,779.7999877929688,450796.0,768.1799957275391,751.0952062988281,12.926792654244492,22.28523287123499
2024-09-17,820.8499755859375,824.9000244140625,790.0,796.0,1314386.0,771.842495727539,752.2653088378906,16.634220944923342,24.33007083299653
2024-09-18,816.4000244140625,834.0,814.4000244140625,826.0,930883.0,774.8924957275391,753.5291711425781,18.898924116135834,25.9662939780476
2024-09-19,802.9500122070312,826.5,791.0999755859375,826.5,404572.0,776.2124969482422,754.4241638183594,19.915408222620204,26.88551748993877
2024-09-20,843.0499877929688,850.0,805.0,813.7000122070312,1624115.0,779.9449951171875,756.2160314941407,24.77629471097473,29.661967161703515
2024-09-23,871.2000122070312,874.7999877929688,839.0499877929688,853.0,685827.0,784.5724945068359,758.7546569824219,32.08619722544918,33.76634283814974
2024-09-24,877.25,889.9500122070312,863.9500122070312,876.0,733419.0,789.5949951171875,761.3713391113281,38.103152868314375,37.63809389496153
2024-09-25,873.6500244140625,901.9000244140624,864.0,890.0,1179982.0,794.2499969482421,764.0688208007813,42.38620049973892,40.69468456155705
2024-09-26,919.25,925.9500122070312,875.1500244140625,881.25,1427117.0,801.7499969482421,767.7941491699219,50.26781474148682,45.97421924667271
2024-09-27,942.8499755859376,947.7999877929688,915.7000122070312,929.0,732067.0,810.1699951171875,771.8866149902344,58.82901101371801,52.00092356058558
2024-09-30,948.3499755859376,960.0,918.8499755859376,949.0,584746.0,819.2699951171875,776.6822985839843,65.40300616413657,56.870882932797976
2024-10-01,980.75,985.0,940.2000122070312,947.9000244140624,660388.0,829.6974945068359,782.4056140136719,73.61316562244173,62.55549138672992
2024-10-03,985.5999755859376,992.0,959.2000122070312,970.0499877929688,733318.0,840.0099945068359,787.9063500976563,80.32919857368269,67.9675782203752
2024-10-04,972.6500244140624,998.5,965.6500244140624,993.3499755859376,580653.0,849.6799957275391,793.1710583496093,84.17845856945628,71.84782776041227
2024-10-07,908.5499877929688,987.0,891.2999877929688,987.0,883385.0,856.6174957275391,796.8671423339844,82.95735335213232,72.94851200392266
2024-10-08,928.2999877929688,934.9500122070312,891.0499877929688,895.0,392680.0,865.0399963378907,800.4738647460938,81.14709950789747,74.91293245389203
2024-10-09,983.2999877929688,1005.5999755859376,936.7999877929688,946.0,1191970.0,876.6674957275391,805.4592199707031,80.56753652330967,78.60436149311606
2024-10-10,994.2000122070312,999.75,975.7000122070312,986.0499877929688,476519.0,889.3774963378906,810.5686999511719,77.87859533595393,82.39007062272316
2024-10-11,983.5499877929688,1003.5,980.7999877929688,991.5499877929688,271649.0,900.8399963378906,815.6299621582032,73.71038037505731,85.0985829295375
2024-10-14,999.2999877929688,1003.0,960.8499755859376,983.5499877929688,406486.0,912.0999969482422,820.0774487304687,70.4596816805271,88.76641215552381
2024-10-15,997.4500122070312,1040.0,990.0,1007.2000122070312,1413443.0,922.4724975585938,824.4160314941406,66.70879709192566,92.03476041116478
2024-10-16,1006.0499877929688,1032.0,990.8499755859376,999.7000122070312,708744.0,931.7324981689452,830.0341528320313,64.68316150172315,94.3946596599272
2024-10-17,1001.3499755859376,1018.4500122070312,993.5,1008.0,342327.0,940.9799957275392,835.7550146484375,60.40608443250104,95.95466499013756
2024-10-18,997.7000122070312,1009.0,967.25,993.5499877929688,401928.0,950.717495727539,840.9394873046875,52.11198038163602,97.58059990951357
2024-10-21,1000.8499755859376,1026.0,993.0,1004.0,639332.0,958.6074951171876,846.2079321289062,46.607794102637385,98.9790285127238
2024-10-22,977.5499877929688,1012.0999755859376,971.0,1003.75,431694.0,963.9249938964844,850.54099609375,41.943995897969685,99.90603019048798
2024-10-23,974.8499755859376,998.0,951.5499877929688,976.0,519294.0,968.8049926757812,854.8689953613281,36.67581301228472,100.520575895407
2024-10-24,997.0999755859376,1003.9000244140624,950.0,960.0,449663.0,974.977490234375,859.8749951171875,29.50587229055972,101.25867686679936
2024-10-25,963.0499877929688,1008.7000122070312,955.0999755859376,999.7000122070312,440521.0,977.1674896240236,864.4529943847656,26.63804530232305,100.6309756132223
2024-10-28,938.9000244140624,961.2999877929688,933.0,959.7000122070312,305118.0,976.9699920654296,868.4309948730469,26.919031333917324,99.53623660380546
2024-10-29,950.8499755859376,968.9000244140624,936.0,938.9000244140624,204623.0,977.0949920654296,872.4259948730469,26.78460686051497,98.73629861134734
2024-10-30,955.75,985.2000122070312,950.0999755859376,950.0999755859376,203237.0,975.8449920654296,876.5889953613281,27.18541378642724,97.74903335771826
2024-10-31,972.8499755859376,977.0,949.6500244140624,958.7999877929688,154059.0,975.2074920654296,880.9379943847656,27.09395934547731,97.08217880190207
2024-11-01,978.0999755859376,986.0,965.0999755859376,972.8499755859376,81331.0,975.4799896240236,884.968994140625,27.094290279273338,96.8434113026988
2024-11-04,970.1500244140624,979.7000122070312,955.0,978.1500244140624,205641.0,978.559991455078,889.003994140625,22.13233631858633,96.0874486154354
2024-11-05,975.5,987.5999755859376,966.9500122070312,970.25,156433.0,980.9199920654296,892.9409936523438,18.74885179562783,95.5046375011656
2024-11-06,1016.0499877929688,1020.0,971.1500244140624,971.1500244140624,429220.0,982.5574920654296,897.7259936523437,20.33106713303,95.56042360016568
2024-11-07,995.75,1030.0,990.0,1014.5,178607.0,982.634991455078,902.0299938964844,20.380676337927586,95.01989071464418
2024-11-08,1006.0499877929688,1021.7000122070312,981.0499877929688,993.75,418618.0,983.759991455078,906.7659936523436,21.044038694630373,94.164245305788
2024-11-11,992.0,1036.25,990.0,1011.0499877929688,412654.0,983.3949920654296,911.1169934082031,20.822459395908336,92.94381741136756
2024-11-12,992.3499755859376,1014.0,987.0,994.5,205502.0,983.139990234375,915.6369934082032,20.671960555030115,91.239636761172
2024-11-13,942.0499877929688,997.5499877929688,932.3499755859376,982.0499877929688,301208.0,979.939990234375,919.0339929199218,21.85838322027765,88.92273565606398
2024-11-14,924.25,961.9500122070312,920.0,942.0,317144.0,976.084991455078,921.9319934082032,24.520406808324665,86.60855575886065
2024-11-18,924.2000122070312,938.0,915.0,924.25,209992.0,972.4099914550782,924.8309936523438,26.535463956484566,84.12549386053963
2024-11-19,948.7000122070312,955.2999877929688,920.0499877929688,922.0,230497.0,969.8024932861327,928.408994140625,26.15322822469856,81.14900002414207
2024-11-21,914.9500122070312,948.0,910.5,948.0,185314.0,966.672494506836,931.5109948730468,28.7902292884254,77.45449369348145
2024-11-22,913.2000122070312,932.5,907.9500122070312,912.5,227515.0,963.5899963378906,934.7599951171876,31.078057934307225,72.9961818629318
2024-11-25,965.5,1010.0,951.5499877929688,982.5,675255.0,962.0099975585938,939.2699951171876,30.07172959540865,67.47488920133557
2024-11-26,958.1500244140624,993.4500122070312,952.75,968.7000122070312,328506.0,961.7649993896484,943.3469958496094,30.08276900334296,62.007509109457615
2024-11-27,961.25,973.3499755859376,945.0,958.9500122070312,283675.0,962.8824981689452,947.0899963378906,29.599936789196263,57.03151459065981
2024-11-28,968.7000122070312,970.0,958.4500122070312,961.9000244140624,179935.0,963.775,950.6639965820312,29.486928040518727,52.39725439097165
2024-11-29,1039.5,1063.0,972.0,977.0,2256934.0,967.9625,955.0369970703124,33.903323432082686,50.429206776749446
2024-12-02,1050.25,1094.8499755859375,1041.75,1055.0,860927.0,971.8325012207032,959.7139965820312,38.58488830504939,48.09932950197606
2024-12-03,1057.300048828125,1077.0,1047.550048828125,1057.5,433505.0,975.7925048828124,964.8009973144532,43.06596310421537,44.496718842967006
2024-12-04,1069.3499755859375,1076.449951171875,1052.0,1059.1500244140625,553366.0,980.7525024414062,969.3269970703124,47.83084096814509,43.35446879264323
2024-12-05,1060.199951171875,1074.9000244140625,1054.949951171875,1072.949951171875,307120.0,984.9875,973.1069958496092,50.986892974225405,42.86082301830895
2024-12-06,1050.800048828125,1064.5,1041.5,1060.0999755859375,220141.0,986.7250030517578,976.577996826172,52.66559695325223,41.957391355696544
2024-12-09,1098.0,1100.0,1051.949951171875,1051.949951171875,1823721.0,991.8375030517578,981.0649963378906,58.25423327618218,42.71480862038934
2024-12-10,1125.300048828125,1130.0,1096.050048828125,1115.0,970387.0,997.8000061035156,985.1859973144532,65.44454693501824,46.40916364485106
2024-12-11,1117.75,1139.449951171875,1102.5999755859375,1135.0,634555.0,1004.0875061035156,988.6839978027344,70.6885286558434,49.6324837552267
2024-12-12,1098.199951171875,1122.449951171875,1084.4000244140625,1122.449951171875,561074.0,1009.3800048828124,991.6809973144532,73.66341140425872,51.63126705201616
2024-12-13,1115.6500244140625,1121.0,1092.0,1103.3499755859375,500424.0,1018.0600067138672,994.3789978027344,75.51674705466942,54.49367530768503
2024-12-16,1148.75,1158.0,1112.050048828125,1115.6500244140625,1034277.0,1029.2850067138672,997.6419982910156,77.49782581470909,58.68098608324708
2024-12-17,1153.75,1158.0,1141.0,1151.300048828125,374344.0,1040.7625061035155,1001.2639978027344,78.1113799083551,62.5672884595051
2024-12-18,1178.3499755859375,1186.0,1145.4000244140625,1159.800048828125,1192306.0,1052.2450042724608,1006.6599975585938,80.70225309732179,65.95086743881133
2024-12-19,1141.4000244140625,1183.0999755859375,1133.0,1160.0,923876.0,1063.5675048828125,1010.9219982910156,76.18500398561454,67.64744743438963
2024-12-20,1135.0,1182.0,1120.0999755859375,1149.0,869529.0,1074.657504272461,1013.9559985351564,68.94368357362085,69.75244816786224
2024-12-23,1162.699951171875,1169.699951171875,1128.050048828125,1128.050048828125,1141695.0,1084.5175018310547,1017.3259973144532,66.57133857323984,72.78307398921802
2024-12-24,1189.1500244140625,1194.0,1156.0999755859375,1169.9000244140625,1198269.0,1096.0675018310546,1021.437998046875,63.4591848532645,76.54646009157983
2024-12-26,1167.300048828125,1198.300048828125,1158.6500244140625,1198.300048828125,363405.0,1106.3700042724608,1024.7979992675782,56.79593226872331,79.19619567045707
2024-12-27,1181.800048828125,1185.5999755859375,1161.800048828125,1167.5,288300.0,1117.0250061035156,1028.485,49.07344879129919,82.13377160622308
2024-12-30,1215.1500244140625,1226.0,1172.0999755859375,1189.9000244140625,1183598.0,1125.8075073242187,1032.667000732422,50.17422815205503,86.19128116985766
2024-12-31,1231.8499755859375,1233.0,1195.0,1216.0,513975.0,1134.8875061035155,1037.2770007324218,52.1731685668442,90.53676747123038
2025-01-01,1263.0,1269.0,1231.1500244140625,1238.300048828125,932052.0,1145.1725036621094,1042.5830004882812,56.19333399223421,95.7915743014111
2025-01-02,1340.75,1350.0,1263.5,1271.050048828125,1992520.0,1158.7425048828125,1049.3810009765623,68.3700178846619,104.4398599867342
2025-01-03,1441.25,1460.0,1325.6500244140625,1360.0,3152260.0,1177.795007324219,1058.655001220703,89.3410439317107,117.67976238396848
2025-01-06,1384.3499755859375,1447.1500244140625,1325.0,1439.0,1705094.0,1194.4725036621094,1066.8450012207031,95.3191531627238,125.70437674160264
2025-01-07,1420.9000244140625,1431.0,1391.0,1405.0,700577.0,1210.6175048828125,1075.3210021972657,104.97577042151636,134.86019877648846
2025-01-08,1427.300048828125,1430.0,1403.0,1426.0,517496.0,1225.7175048828126,1084.6060034179689,113.43683419214688,142.72495982504972
2025-01-09,1435.75,1449.0,1411.0,1426.0,789529.0,1241.6175048828125,1094.5430029296874,119.62460109898338,149.50837596830763
