Date_Ticker,Close_TATATECH.NS,High_TATATECH.NS,Low_TATATECH.NS,Open_TATATECH.NS,Volume_TATATECH.NS,MA_20_Unnamed: 6_level_1,MA_50_Unnamed: 7_level_1,Volatility_20_Unnamed: 8_level_1,Volatility_50_Unnamed: 9_level_1
Date,,,,,,,,,
2020-01-10,,,,,,,,,
2020-01-13,,,,,,,,,
2020-01-14,,,,,,,,,
2020-01-15,,,,,,,,,
2020-01-16,,,,,,,,,
2020-01-17,,,,,,,,,
2020-01-20,,,,,,,,,
2020-01-21,,,,,,,,,
2020-01-22,,,,,,,,,
2020-01-23,,,,,,,,,
2020-01-24,,,,,,,,,
2020-01-27,,,,,,,,,
2020-01-28,,,,,,,,,
2020-01-29,,,,,,,,,
2020-01-30,,,,,,,,,
2020-01-31,,,,,,,,,
2020-02-03,,,,,,,,,
2020-02-04,,,,,,,,,
2020-02-05,,,,,,,,,
2020-02-06,,,,,,,,,
2020-02-07,,,,,,,,,
2020-02-10,,,,,,,,,
2020-02-11,,,,,,,,,
2020-02-12,,,,,,,,,
2020-02-13,,,,,,,,,
2020-02-14,,,,,,,,,
2020-02-17,,,,,,,,,
2020-02-18,,,,,,,,,
2020-02-19,,,,,,,,,
2020-02-20,,,,,,,,,
2020-02-24,,,,,,,,,
2020-02-25,,,,,,,,,
2020-02-26,,,,,,,,,
2020-02-27,,,,,,,,,
2020-02-28,,,,,,,,,
2020-03-02,,,,,,,,,
2020-03-03,,,,,,,,,
2020-03-04,,,,,,,,,
2020-03-05,,,,,,,,,
2020-03-06,,,,,,,,,
2020-03-09,,,,,,,,,
2020-03-11,,,,,,,,,
2020-03-12,,,,,,,,,
2020-03-13,,,,,,,,,
2020-03-16,,,,,,,,,
2020-03-17,,,,,,,,,
2020-03-18,,,,,,,,,
2020-03-19,,,,,,,,,
2020-03-20,,,,,,,,,
2020-03-23,,,,,,,,,
2020-03-24,,,,,,,,,
2020-03-25,,,,,,,,,
2020-03-26,,,,,,,,,
2020-03-27,,,,,,,,,
2020-03-30,,,,,,,,,
2020-03-31,,,,,,,,,
2020-04-01,,,,,,,,,
2020-04-03,,,,,,,,,
2020-04-07,,,,,,,,,
2020-04-08,,,,,,,,,
2020-04-09,,,,,,,,,
2020-04-13,,,,,,,,,
2020-04-15,,,,,,,,,
2020-04-16,,,,,,,,,
2020-04-17,,,,,,,,,
2020-04-20,,,,,,,,,
2020-04-21,,,,,,,,,
2020-04-22,,,,,,,,,
2020-04-23,,,,,,,,,
2020-04-24,,,,,,,,,
2020-04-27,,,,,,,,,
2020-04-28,,,,,,,,,
2020-04-29,,,,,,,,,
2020-04-30,,,,,,,,,
2020-05-04,,,,,,,,,
2020-05-05,,,,,,,,,
2020-05-06,,,,,,,,,
2020-05-07,,,,,,,,,
2020-05-08,,,,,,,,,
2020-05-11,,,,,,,,,
2020-05-12,,,,,,,,,
2020-05-13,,,,,,,,,
2020-05-14,,,,,,,,,
2020-05-15,,,,,,,,,
2020-05-18,,,,,,,,,
2020-05-19,,,,,,,,,
2020-05-20,,,,,,,,,
2020-05-21,,,,,,,,,
2020-05-22,,,,,,,,,
2020-05-26,,,,,,,,,
2020-05-27,,,,,,,,,
2020-05-28,,,,,,,,,
2020-05-29,,,,,,,,,
2020-06-01,,,,,,,,,
2020-06-02,,,,,,,,,
2020-06-03,,,,,,,,,
2020-06-04,,,,,,,,,
2020-06-05,,,,,,,,,
2020-06-08,,,,,,,,,
2020-06-09,,,,,,,,,
2020-06-10,,,,,,,,,
2020-06-11,,,,,,,,,
2020-06-12,,,,,,,,,
2020-06-15,,,,,,,,,
2020-06-16,,,,,,,,,
2020-06-17,,,,,,,,,
2020-06-18,,,,,,,,,
2020-06-19,,,,,,,,,
2020-06-22,,,,,,,,,
2020-06-23,,,,,,,,,
2020-06-24,,,,,,,,,
2020-06-25,,,,,,,,,
2020-06-26,,,,,,,,,
2020-06-29,,,,,,,,,
2020-06-30,,,,,,,,,
2020-07-01,,,,,,,,,
2020-07-02,,,,,,,,,
2020-07-03,,,,,,,,,
2020-07-06,,,,,,,,,
2020-07-07,,,,,,,,,
2020-07-08,,,,,,,,,
2020-07-09,,,,,,,,,
2020-07-10,,,,,,,,,
2020-07-13,,,,,,,,,
2020-07-14,,,,,,,,,
2020-07-15,,,,,,,,,
2020-07-16,,,,,,,,,
2020-07-17,,,,,,,,,
2020-07-20,,,,,,,,,
2020-07-21,,,,,,,,,
2020-07-22,,,,,,,,,
2020-07-23,,,,,,,,,
2020-07-24,,,,,,,,,
2020-07-27,,,,,,,,,
2020-07-28,,,,,,,,,
2020-07-29,,,,,,,,,
2020-07-30,,,,,,,,,
2020-07-31,,,,,,,,,
2020-08-03,,,,,,,,,
2020-08-04,,,,,,,,,
2020-08-05,,,,,,,,,
2020-08-06,,,,,,,,,
2020-08-07,,,,,,,,,
2020-08-10,,,,,,,,,
2020-08-11,,,,,,,,,
2020-08-12,,,,,,,,,
2020-08-13,,,,,,,,,
2020-08-14,,,,,,,,,
2020-08-17,,,,,,,,,
2020-08-18,,,,,,,,,
2020-08-19,,,,,,,,,
2020-08-20,,,,,,,,,
2020-08-21,,,,,,,,,
2020-08-24,,,,,,,,,
2020-08-25,,,,,,,,,
2020-08-26,,,,,,,,,
2020-08-27,,,,,,,,,
2020-08-28,,,,,,,,,
2020-08-31,,,,,,,,,
2020-09-01,,,,,,,,,
2020-09-02,,,,,,,,,
2020-09-03,,,,,,,,,
2020-09-04,,,,,,,,,
2020-09-07,,,,,,,,,
2020-09-08,,,,,,,,,
2020-09-09,,,,,,,,,
2020-09-10,,,,,,,,,
2020-09-11,,,,,,,,,
2020-09-14,,,,,,,,,
2020-09-15,,,,,,,,,
2020-09-16,,,,,,,,,
2020-09-17,,,,,,,,,
2020-09-18,,,,,,,,,
2020-09-21,,,,,,,,,
2020-09-22,,,,,,,,,
2020-09-23,,,,,,,,,
2020-09-24,,,,,,,,,
2020-09-25,,,,,,,,,
2020-09-28,,,,,,,,,
2020-09-29,,,,,,,,,
2020-09-30,,,,,,,,,
2020-10-01,,,,,,,,,
2020-10-05,,,,,,,,,
2020-10-06,,,,,,,,,
2020-10-07,,,,,,,,,
2020-10-08,,,,,,,,,
2020-10-09,,,,,,,,,
2020-10-12,,,,,,,,,
2020-10-13,,,,,,,,,
2020-10-14,,,,,,,,,
2020-10-15,,,,,,,,,
2020-10-16,,,,,,,,,
2020-10-19,,,,,,,,,
2020-10-20,,,,,,,,,
2020-10-21,,,,,,,,,
2020-10-22,,,,,,,,,
2020-10-23,,,,,,,,,
2020-10-26,,,,,,,,,
2020-10-27,,,,,,,,,
2020-10-28,,,,,,,,,
2020-10-29,,,,,,,,,
2020-10-30,,,,,,,,,
2020-11-02,,,,,,,,,
2020-11-03,,,,,,,,,
2020-11-04,,,,,,,,,
2020-11-05,,,,,,,,,
2020-11-06,,,,,,,,,
2020-11-09,,,,,,,,,
2020-11-10,,,,,,,,,
2020-11-11,,,,,,,,,
2020-11-12,,,,,,,,,
2020-11-13,,,,,,,,,
2020-11-14,,,,,,,,,
2020-11-17,,,,,,,,,
2020-11-18,,,,,,,,,
2020-11-19,,,,,,,,,
2020-11-20,,,,,,,,,
2020-11-23,,,,,,,,,
2020-11-24,,,,,,,,,
2020-11-25,,,,,,,,,
2020-11-26,,,,,,,,,
2020-11-27,,,,,,,,,
2020-12-01,,,,,,,,,
2020-12-02,,,,,,,,,
2020-12-03,,,,,,,,,
2020-12-04,,,,,,,,,
2020-12-07,,,,,,,,,
2020-12-08,,,,,,,,,
2020-12-09,,,,,,,,,
2020-12-10,,,,,,,,,
2020-12-11,,,,,,,,,
2020-12-14,,,,,,,,,
2020-12-15,,,,,,,,,
2020-12-16,,,,,,,,,
2020-12-17,,,,,,,,,
2020-12-18,,,,,,,,,
2020-12-21,,,,,,,,,
2020-12-22,,,,,,,,,
2020-12-23,,,,,,,,,
2020-12-24,,,,,,,,,
2020-12-28,,,,,,,,,
2020-12-29,,,,,,,,,
2020-12-30,,,,,,,,,
2020-12-31,,,,,,,,,
2021-01-01,,,,,,,,,
2021-01-04,,,,,,,,,
2021-01-05,,,,,,,,,
2021-01-06,,,,,,,,,
2021-01-07,,,,,,,,,
2021-01-08,,,,,,,,,
2021-01-11,,,,,,,,,
2021-01-12,,,,,,,,,
2021-01-13,,,,,,,,,
2021-01-14,,,,,,,,,
2021-01-15,,,,,,,,,
2021-01-18,,,,,,,,,
2021-01-19,,,,,,,,,
2021-01-20,,,,,,,,,
2021-01-21,,,,,,,,,
2021-01-22,,,,,,,,,
2021-01-25,,,,,,,,,
2021-01-27,,,,,,,,,
2021-01-28,,,,,,,,,
2021-01-29,,,,,,,,,
2021-02-01,,,,,,,,,
2021-02-02,,,,,,,,,
2021-02-03,,,,,,,,,
2021-02-04,,,,,,,,,
2021-02-05,,,,,,,,,
2021-02-08,,,,,,,,,
2021-02-09,,,,,,,,,
2021-02-10,,,,,,,,,
2021-02-11,,,,,,,,,
2021-02-12,,,,,,,,,
2021-02-15,,,,,,,,,
2021-02-16,,,,,,,,,
2021-02-17,,,,,,,,,
2021-02-18,,,,,,,,,
2021-02-19,,,,,,,,,
2021-02-22,,,,,,,,,
2021-02-23,,,,,,,,,
2021-02-24,,,,,,,,,
2021-02-25,,,,,,,,,
2021-02-26,,,,,,,,,
2021-03-01,,,,,,,,,
2021-03-02,,,,,,,,,
2021-03-03,,,,,,,,,
2021-03-04,,,,,,,,,
2021-03-05,,,,,,,,,
2021-03-08,,,,,,,,,
2021-03-09,,,,,,,,,
2021-03-10,,,,,,,,,
2021-03-12,,,,,,,,,
2021-03-15,,,,,,,,,
2021-03-16,,,,,,,,,
2021-03-17,,,,,,,,,
2021-03-18,,,,,,,,,
2021-03-19,,,,,,,,,
2021-03-22,,,,,,,,,
2021-03-23,,,,,,,,,
2021-03-24,,,,,,,,,
2021-03-25,,,,,,,,,
2021-03-26,,,,,,,,,
2021-03-30,,,,,,,,,
2021-03-31,,,,,,,,,
2021-04-01,,,,,,,,,
2021-04-05,,,,,,,,,
2021-04-06,,,,,,,,,
2021-04-07,,,,,,,,,
2021-04-08,,,,,,,,,
2021-04-09,,,,,,,,,
2021-04-12,,,,,,,,,
2021-04-13,,,,,,,,,
2021-04-15,,,,,,,,,
2021-04-16,,,,,,,,,
2021-04-19,,,,,,,,,
2021-04-20,,,,,,,,,
2021-04-22,,,,,,,,,
2021-04-23,,,,,,,,,
2021-04-26,,,,,,,,,
2021-04-27,,,,,,,,,
2021-04-28,,,,,,,,,
2021-04-29,,,,,,,,,
2021-04-30,,,,,,,,,
2021-05-03,,,,,,,,,
2021-05-04,,,,,,,,,
2021-05-05,,,,,,,,,
2021-05-06,,,,,,,,,
2021-05-07,,,,,,,,,
2021-05-10,,,,,,,,,
2021-05-11,,,,,,,,,
2021-05-12,,,,,,,,,
2021-05-14,,,,,,,,,
2021-05-17,,,,,,,,,
2021-05-18,,,,,,,,,
2021-05-19,,,,,,,,,
2021-05-20,,,,,,,,,
2021-05-21,,,,,,,,,
2021-05-24,,,,,,,,,
2021-05-25,,,,,,,,,
2021-05-26,,,,,,,,,
2021-05-27,,,,,,,,,
2021-05-28,,,,,,,,,
2021-05-31,,,,,,,,,
2021-06-01,,,,,,,,,
2021-06-02,,,,,,,,,
2021-06-03,,,,,,,,,
2021-06-04,,,,,,,,,
2021-06-07,,,,,,,,,
2021-06-08,,,,,,,,,
2021-06-09,,,,,,,,,
2021-06-10,,,,,,,,,
2021-06-11,,,,,,,,,
2021-06-14,,,,,,,,,
2021-06-15,,,,,,,,,
2021-06-16,,,,,,,,,
2021-06-17,,,,,,,,,
2021-06-18,,,,,,,,,
2021-06-21,,,,,,,,,
2021-06-22,,,,,,,,,
2021-06-23,,,,,,,,,
2021-06-24,,,,,,,,,
2021-06-25,,,,,,,,,
2021-06-28,,,,,,,,,
2021-06-29,,,,,,,,,
2021-06-30,,,,,,,,,
2021-07-01,,,,,,,,,
2021-07-02,,,,,,,,,
2021-07-05,,,,,,,,,
2021-07-06,,,,,,,,,
2021-07-07,,,,,,,,,
2021-07-08,,,,,,,,,
2021-07-09,,,,,,,,,
2021-07-12,,,,,,,,,
2021-07-13,,,,,,,,,
2021-07-14,,,,,,,,,
2021-07-15,,,,,,,,,
2021-07-16,,,,,,,,,
2021-07-19,,,,,,,,,
2021-07-20,,,,,,,,,
2021-07-22,,,,,,,,,
2021-07-23,,,,,,,,,
2021-07-26,,,,,,,,,
2021-07-27,,,,,,,,,
2021-07-28,,,,,,,,,
2021-07-29,,,,,,,,,
2021-07-30,,,,,,,,,
2021-08-02,,,,,,,,,
2021-08-03,,,,,,,,,
2021-08-04,,,,,,,,,
2021-08-05,,,,,,,,,
2021-08-06,,,,,,,,,
2021-08-09,,,,,,,,,
2021-08-10,,,,,,,,,
2021-08-11,,,,,,,,,
2021-08-12,,,,,,,,,
2021-08-13,,,,,,,,,
2021-08-16,,,,,,,,,
2021-08-17,,,,,,,,,
2021-08-18,,,,,,,,,
2021-08-20,,,,,,,,,
2021-08-23,,,,,,,,,
2021-08-24,,,,,,,,,
2021-08-25,,,,,,,,,
2021-08-26,,,,,,,,,
2021-08-27,,,,,,,,,
2021-08-30,,,,,,,,,
2021-08-31,,,,,,,,,
2021-09-01,,,,,,,,,
2021-09-02,,,,,,,,,
2021-09-03,,,,,,,,,
2021-09-06,,,,,,,,,
2021-09-07,,,,,,,,,
2021-09-08,,,,,,,,,
2021-09-09,,,,,,,,,
2021-09-13,,,,,,,,,
2021-09-14,,,,,,,,,
2021-09-15,,,,,,,,,
2021-09-16,,,,,,,,,
2021-09-17,,,,,,,,,
2021-09-20,,,,,,,,,
2021-09-21,,,,,,,,,
2021-09-22,,,,,,,,,
2021-09-23,,,,,,,,,
2021-09-24,,,,,,,,,
2021-09-27,,,,,,,,,
2021-09-28,,,,,,,,,
2021-09-29,,,,,,,,,
2021-09-30,,,,,,,,,
2021-10-01,,,,,,,,,
2021-10-04,,,,,,,,,
2021-10-05,,,,,,,,,
2021-10-06,,,,,,,,,
2021-10-07,,,,,,,,,
2021-10-08,,,,,,,,,
2021-10-11,,,,,,,,,
2021-10-12,,,,,,,,,
2021-10-13,,,,,,,,,
2021-10-14,,,,,,,,,
2021-10-18,,,,,,,,,
2021-10-19,,,,,,,,,
2021-10-20,,,,,,,,,
2021-10-21,,,,,,,,,
2021-10-22,,,,,,,,,
2021-10-25,,,,,,,,,
2021-10-26,,,,,,,,,
2021-10-27,,,,,,,,,
2021-10-28,,,,,,,,,
2021-10-29,,,,,,,,,
2021-11-01,,,,,,,,,
2021-11-02,,,,,,,,,
2021-11-03,,,,,,,,,
2021-11-04,,,,,,,,,
2021-11-08,,,,,,,,,
2021-11-09,,,,,,,,,
2021-11-10,,,,,,,,,
2021-11-11,,,,,,,,,
2021-11-12,,,,,,,,,
2021-11-15,,,,,,,,,
2021-11-16,,,,,,,,,
2021-11-17,,,,,,,,,
2021-11-18,,,,,,,,,
2021-11-22,,,,,,,,,
2021-11-23,,,,,,,,,
2021-11-24,,,,,,,,,
2021-11-25,,,,,,,,,
2021-11-26,,,,,,,,,
2021-11-29,,,,,,,,,
2021-11-30,,,,,,,,,
2021-12-01,,,,,,,,,
2021-12-02,,,,,,,,,
2021-12-03,,,,,,,,,
2021-12-06,,,,,,,,,
2021-12-07,,,,,,,,,
2021-12-08,,,,,,,,,
2021-12-09,,,,,,,,,
2021-12-10,,,,,,,,,
2021-12-13,,,,,,,,,
2021-12-14,,,,,,,,,
2021-12-15,,,,,,,,,
2021-12-16,,,,,,,,,
2021-12-17,,,,,,,,,
2021-12-20,,,,,,,,,
2021-12-21,,,,,,,,,
2021-12-22,,,,,,,,,
2021-12-23,,,,,,,,,
2021-12-24,,,,,,,,,
2021-12-27,,,,,,,,,
2021-12-28,,,,,,,,,
2021-12-29,,,,,,,,,
2021-12-30,,,,,,,,,
2021-12-31,,,,,,,,,
2022-01-03,,,,,,,,,
2022-01-04,,,,,,,,,
2022-01-05,,,,,,,,,
2022-01-06,,,,,,,,,
2022-01-07,,,,,,,,,
2022-01-10,,,,,,,,,
2022-01-11,,,,,,,,,
2022-01-12,,,,,,,,,
2022-01-13,,,,,,,,,
2022-01-14,,,,,,,,,
2022-01-17,,,,,,,,,
2022-01-18,,,,,,,,,
2022-01-19,,,,,,,,,
2022-01-20,,,,,,,,,
2022-01-21,,,,,,,,,
2022-01-24,,,,,,,,,
2022-01-25,,,,,,,,,
2022-01-27,,,,,,,,,
2022-01-28,,,,,,,,,
2022-01-31,,,,,,,,,
2022-02-01,,,,,,,,,
2022-02-02,,,,,,,,,
2022-02-03,,,,,,,,,
2022-02-04,,,,,,,,,
2022-02-07,,,,,,,,,
2022-02-08,,,,,,,,,
2022-02-09,,,,,,,,,
2022-02-10,,,,,,,,,
2022-02-11,,,,,,,,,
2022-02-14,,,,,,,,,
2022-02-15,,,,,,,,,
2022-02-16,,,,,,,,,
2022-02-17,,,,,,,,,
2022-02-18,,,,,,,,,
2022-02-21,,,,,,,,,
2022-02-22,,,,,,,,,
2022-02-23,,,,,,,,,
2022-02-24,,,,,,,,,
2022-02-25,,,,,,,,,
2022-02-28,,,,,,,,,
2022-03-02,,,,,,,,,
2022-03-03,,,,,,,,,
2022-03-04,,,,,,,,,
2022-03-07,,,,,,,,,
2022-03-08,,,,,,,,,
2022-03-09,,,,,,,,,
2022-03-10,,,,,,,,,
2022-03-11,,,,,,,,,
2022-03-14,,,,,,,,,
2022-03-15,,,,,,,,,
2022-03-16,,,,,,,,,
2022-03-17,,,,,,,,,
2022-03-21,,,,,,,,,
2022-03-22,,,,,,,,,
2022-03-23,,,,,,,,,
2022-03-24,,,,,,,,,
2022-03-25,,,,,,,,,
2022-03-28,,,,,,,,,
2022-03-29,,,,,,,,,
2022-03-30,,,,,,,,,
2022-03-31,,,,,,,,,
2022-04-01,,,,,,,,,
2022-04-04,,,,,,,,,
2022-04-05,,,,,,,,,
2022-04-06,,,,,,,,,
2022-04-07,,,,,,,,,
2022-04-08,,,,,,,,,
2022-04-11,,,,,,,,,
2022-04-12,,,,,,,,,
2022-04-13,,,,,,,,,
2022-04-18,,,,,,,,,
2022-04-19,,,,,,,,,
2022-04-20,,,,,,,,,
2022-04-21,,,,,,,,,
2022-04-22,,,,,,,,,
2022-04-25,,,,,,,,,
2022-04-26,,,,,,,,,
2022-04-27,,,,,,,,,
2022-04-28,,,,,,,,,
2022-04-29,,,,,,,,,
2022-05-02,,,,,,,,,
2022-05-04,,,,,,,,,
2022-05-05,,,,,,,,,
2022-05-06,,,,,,,,,
2022-05-09,,,,,,,,,
2022-05-10,,,,,,,,,
2022-05-11,,,,,,,,,
2022-05-12,,,,,,,,,
2022-05-13,,,,,,,,,
2022-05-16,,,,,,,,,
2022-05-17,,,,,,,,,
2022-05-18,,,,,,,,,
2022-05-19,,,,,,,,,
2022-05-20,,,,,,,,,
2022-05-23,,,,,,,,,
2022-05-24,,,,,,,,,
2022-05-25,,,,,,,,,
2022-05-26,,,,,,,,,
2022-05-27,,,,,,,,,
2022-05-30,,,,,,,,,
2022-05-31,,,,,,,,,
2022-06-01,,,,,,,,,
2022-06-02,,,,,,,,,
2022-06-03,,,,,,,,,
2022-06-06,,,,,,,,,
2022-06-07,,,,,,,,,
2022-06-08,,,,,,,,,
2022-06-09,,,,,,,,,
2022-06-10,,,,,,,,,
2022-06-13,,,,,,,,,
2022-06-14,,,,,,,,,
2022-06-15,,,,,,,,,
2022-06-16,,,,,,,,,
2022-06-17,,,,,,,,,
2022-06-20,,,,,,,,,
2022-06-21,,,,,,,,,
2022-06-22,,,,,,,,,
2022-06-23,,,,,,,,,
2022-06-24,,,,,,,,,
2022-06-27,,,,,,,,,
2022-06-28,,,,,,,,,
2022-06-29,,,,,,,,,
2022-06-30,,,,,,,,,
2022-07-01,,,,,,,,,
2022-07-04,,,,,,,,,
2022-07-05,,,,,,,,,
2022-07-06,,,,,,,,,
2022-07-07,,,,,,,,,
2022-07-08,,,,,,,,,
2022-07-11,,,,,,,,,
2022-07-12,,,,,,,,,
2022-07-13,,,,,,,,,
2022-07-14,,,,,,,,,
2022-07-15,,,,,,,,,
2022-07-18,,,,,,,,,
2022-07-19,,,,,,,,,
2022-07-20,,,,,,,,,
2022-07-21,,,,,,,,,
2022-07-22,,,,,,,,,
2022-07-25,,,,,,,,,
2022-07-26,,,,,,,,,
2022-07-27,,,,,,,,,
2022-07-28,,,,,,,,,
2022-07-29,,,,,,,,,
2022-08-01,,,,,,,,,
2022-08-02,,,,,,,,,
2022-08-03,,,,,,,,,
2022-08-04,,,,,,,,,
2022-08-05,,,,,,,,,
2022-08-08,,,,,,,,,
2022-08-10,,,,,,,,,
2022-08-11,,,,,,,,,
2022-08-12,,,,,,,,,
2022-08-16,,,,,,,,,
2022-08-17,,,,,,,,,
2022-08-18,,,,,,,,,
2022-08-19,,,,,,,,,
2022-08-22,,,,,,,,,
2022-08-23,,,,,,,,,
2022-08-24,,,,,,,,,
2022-08-25,,,,,,,,,
2022-08-26,,,,,,,,,
2022-08-29,,,,,,,,,
2022-08-30,,,,,,,,,
2022-09-01,,,,,,,,,
2022-09-02,,,,,,,,,
2022-09-05,,,,,,,,,
2022-09-06,,,,,,,,,
2022-09-07,,,,,,,,,
2022-09-08,,,,,,,,,
2022-09-09,,,,,,,,,
2022-09-12,,,,,,,,,
2022-09-13,,,,,,,,,
2022-09-14,,,,,,,,,
2022-09-15,,,,,,,,,
2022-09-16,,,,,,,,,
2022-09-19,,,,,,,,,
2022-09-20,,,,,,,,,
2022-09-21,,,,,,,,,
2022-09-22,,,,,,,,,
2022-09-23,,,,,,,,,
2022-09-26,,,,,,,,,
2022-09-27,,,,,,,,,
2022-09-28,,,,,,,,,
2022-09-29,,,,,,,,,
2022-09-30,,,,,,,,,
2022-10-03,,,,,,,,,
2022-10-04,,,,,,,,,
2022-10-06,,,,,,,,,
2022-10-07,,,,,,,,,
2022-10-10,,,,,,,,,
2022-10-11,,,,,,,,,
2022-10-12,,,,,,,,,
2022-10-13,,,,,,,,,
2022-10-14,,,,,,,,,
2022-10-17,,,,,,,,,
2022-10-18,,,,,,,,,
2022-10-19,,,,,,,,,
2022-10-20,,,,,,,,,
2022-10-21,,,,,,,,,
2022-10-24,,,,,,,,,
2022-10-25,,,,,,,,,
2022-10-27,,,,,,,,,
2022-10-28,,,,,,,,,
2022-10-31,,,,,,,,,
2022-11-01,,,,,,,,,
2022-11-02,,,,,,,,,
2022-11-03,,,,,,,,,
2022-11-04,,,,,,,,,
2022-11-07,,,,,,,,,
2022-11-09,,,,,,,,,
2022-11-10,,,,,,,,,
2022-11-11,,,,,,,,,
2022-11-14,,,,,,,,,
2022-11-15,,,,,,,,,
2022-11-16,,,,,,,,,
2022-11-17,,,,,,,,,
2022-11-18,,,,,,,,,
2022-11-21,,,,,,,,,
2022-11-22,,,,,,,,,
2022-11-23,,,,,,,,,
2022-11-24,,,,,,,,,
2022-11-25,,,,,,,,,
2022-11-28,,,,,,,,,
2022-11-29,,,,,,,,,
2022-11-30,,,,,,,,,
2022-12-01,,,,,,,,,
2022-12-02,,,,,,,,,
2022-12-05,,,,,,,,,
2022-12-06,,,,,,,,,
2022-12-07,,,,,,,,,
2022-12-08,,,,,,,,,
2022-12-09,,,,,,,,,
2022-12-12,,,,,,,,,
2022-12-13,,,,,,,,,
2022-12-14,,,,,,,,,
2022-12-15,,,,,,,,,
2022-12-16,,,,,,,,,
2022-12-19,,,,,,,,,
2022-12-20,,,,,,,,,
2022-12-21,,,,,,,,,
2022-12-22,,,,,,,,,
2022-12-23,,,,,,,,,
2022-12-26,,,,,,,,,
2022-12-27,,,,,,,,,
2022-12-28,,,,,,,,,
2022-12-29,,,,,,,,,
2022-12-30,,,,,,,,,
2023-01-02,,,,,,,,,
2023-01-03,,,,,,,,,
2023-01-04,,,,,,,,,
2023-01-05,,,,,,,,,
2023-01-06,,,,,,,,,
2023-01-09,,,,,,,,,
2023-01-10,,,,,,,,,
2023-01-11,,,,,,,,,
2023-01-12,,,,,,,,,
2023-01-13,,,,,,,,,
2023-01-16,,,,,,,,,
2023-01-17,,,,,,,,,
2023-01-18,,,,,,,,,
2023-01-19,,,,,,,,,
2023-01-20,,,,,,,,,
2023-01-23,,,,,,,,,
2023-01-24,,,,,,,,,
2023-01-25,,,,,,,,,
2023-01-27,,,,,,,,,
2023-01-30,,,,,,,,,
2023-01-31,,,,,,,,,
2023-02-01,,,,,,,,,
2023-02-02,,,,,,,,,
2023-02-03,,,,,,,,,
2023-02-06,,,,,,,,,
2023-02-07,,,,,,,,,
2023-02-08,,,,,,,,,
2023-02-09,,,,,,,,,
2023-02-10,,,,,,,,,
2023-02-13,,,,,,,,,
2023-02-14,,,,,,,,,
2023-02-15,,,,,,,,,
2023-02-16,,,,,,,,,
2023-02-17,,,,,,,,,
2023-02-20,,,,,,,,,
2023-02-21,,,,,,,,,
2023-02-22,,,,,,,,,
2023-02-23,,,,,,,,,
2023-02-24,,,,,,,,,
2023-02-27,,,,,,,,,
2023-02-28,,,,,,,,,
2023-03-01,,,,,,,,,
2023-03-02,,,,,,,,,
2023-03-03,,,,,,,,,
2023-03-06,,,,,,,,,
2023-03-08,,,,,,,,,
2023-03-09,,,,,,,,,
2023-03-10,,,,,,,,,
2023-03-13,,,,,,,,,
2023-03-14,,,,,,,,,
2023-03-15,,,,,,,,,
2023-03-16,,,,,,,,,
2023-03-17,,,,,,,,,
2023-03-20,,,,,,,,,
2023-03-21,,,,,,,,,
2023-03-22,,,,,,,,,
2023-03-23,,,,,,,,,
2023-03-24,,,,,,,,,
2023-03-27,,,,,,,,,
2023-03-28,,,,,,,,,
2023-03-29,,,,,,,,,
2023-03-31,,,,,,,,,
2023-04-03,,,,,,,,,
2023-04-05,,,,,,,,,
2023-04-06,,,,,,,,,
2023-04-10,,,,,,,,,
2023-04-11,,,,,,,,,
2023-04-12,,,,,,,,,
2023-04-13,,,,,,,,,
2023-04-17,,,,,,,,,
2023-04-18,,,,,,,,,
2023-04-19,,,,,,,,,
2023-04-20,,,,,,,,,
2023-04-21,,,,,,,,,
2023-04-24,,,,,,,,,
2023-04-25,,,,,,,,,
2023-04-26,,,,,,,,,
2023-04-27,,,,,,,,,
2023-04-28,,,,,,,,,
2023-05-02,,,,,,,,,
2023-05-03,,,,,,,,,
2023-05-04,,,,,,,,,
2023-05-05,,,,,,,,,
2023-05-08,,,,,,,,,
2023-05-09,,,,,,,,,
2023-05-10,,,,,,,,,
2023-05-11,,,,,,,,,
2023-05-12,,,,,,,,,
2023-05-15,,,,,,,,,
2023-05-16,,,,,,,,,
2023-05-17,,,,,,,,,
2023-05-18,,,,,,,,,
2023-05-19,,,,,,,,,
2023-05-22,,,,,,,,,
2023-05-23,,,,,,,,,
2023-05-24,,,,,,,,,
2023-05-25,,,,,,,,,
2023-05-26,,,,,,,,,
2023-05-29,,,,,,,,,
2023-05-30,,,,,,,,,
2023-05-31,,,,,,,,,
2023-06-01,,,,,,,,,
2023-06-02,,,,,,,,,
2023-06-05,,,,,,,,,
2023-06-06,,,,,,,,,
2023-06-07,,,,,,,,,
2023-06-08,,,,,,,,,
2023-06-09,,,,,,,,,
2023-06-12,,,,,,,,,
2023-06-13,,,,,,,,,
2023-06-14,,,,,,,,,
2023-06-15,,,,,,,,,
2023-06-16,,,,,,,,,
2023-06-19,,,,,,,,,
2023-06-20,,,,,,,,,
2023-06-21,,,,,,,,,
2023-06-22,,,,,,,,,
2023-06-23,,,,,,,,,
2023-06-26,,,,,,,,,
2023-06-27,,,,,,,,,
2023-06-28,,,,,,,,,
2023-06-30,,,,,,,,,
2023-07-03,,,,,,,,,
2023-07-04,,,,,,,,,
2023-07-05,,,,,,,,,
2023-07-06,,,,,,,,,
2023-07-07,,,,,,,,,
2023-07-10,,,,,,,,,
2023-07-11,,,,,,,,,
2023-07-12,,,,,,,,,
2023-07-13,,,,,,,,,
2023-07-14,,,,,,,,,
2023-07-17,,,,,,,,,
2023-07-18,,,,,,,,,
2023-07-19,,,,,,,,,
2023-07-20,,,,,,,,,
2023-07-21,,,,,,,,,
2023-07-24,,,,,,,,,
2023-07-25,,,,,,,,,
2023-07-26,,,,,,,,,
2023-07-27,,,,,,,,,
2023-07-28,,,,,,,,,
2023-07-31,,,,,,,,,
2023-08-01,,,,,,,,,
2023-08-02,,,,,,,,,
2023-08-03,,,,,,,,,
2023-08-04,,,,,,,,,
2023-08-07,,,,,,,,,
2023-08-08,,,,,,,,,
2023-08-09,,,,,,,,,
2023-08-10,,,,,,,,,
2023-08-11,,,,,,,,,
2023-08-14,,,,,,,,,
2023-08-16,,,,,,,,,
2023-08-17,,,,,,,,,
2023-08-18,,,,,,,,,
2023-08-21,,,,,,,,,
2023-08-22,,,,,,,,,
2023-08-23,,,,,,,,,
2023-08-24,,,,,,,,,
2023-08-25,,,,,,,,,
2023-08-28,,,,,,,,,
2023-08-29,,,,,,,,,
2023-08-30,,,,,,,,,
2023-08-31,,,,,,,,,
2023-09-01,,,,,,,,,
2023-09-04,,,,,,,,,
2023-09-05,,,,,,,,,
2023-09-06,,,,,,,,,
2023-09-07,,,,,,,,,
2023-09-08,,,,,,,,,
2023-09-11,,,,,,,,,
2023-09-12,,,,,,,,,
2023-09-13,,,,,,,,,
2023-09-14,,,,,,,,,
2023-09-15,,,,,,,,,
2023-09-18,,,,,,,,,
2023-09-20,,,,,,,,,
2023-09-21,,,,,,,,,
2023-09-22,,,,,,,,,
2023-09-25,,,,,,,,,
2023-09-26,,,,,,,,,
2023-09-27,,,,,,,,,
2023-09-28,,,,,,,,,
2023-09-29,,,,,,,,,
2023-10-03,,,,,,,,,
2023-10-04,,,,,,,,,
2023-10-05,,,,,,,,,
2023-10-06,,,,,,,,,
2023-10-09,,,,,,,,,
2023-10-10,,,,,,,,,
2023-10-11,,,,,,,,,
2023-10-12,,,,,,,,,
2023-10-13,,,,,,,,,
2023-10-16,,,,,,,,,
2023-10-17,,,,,,,,,
2023-10-18,,,,,,,,,
2023-10-19,,,,,,,,,
2023-10-20,,,,,,,,,
2023-10-23,,,,,,,,,
2023-10-25,,,,,,,,,
2023-10-26,,,,,,,,,
2023-10-27,,,,,,,,,
2023-10-30,,,,,,,,,
2023-10-31,,,,,,,,,
2023-11-01,,,,,,,,,
2023-11-02,,,,,,,,,
2023-11-03,,,,,,,,,
2023-11-06,,,,,,,,,
2023-11-07,,,,,,,,,
2023-11-08,,,,,,,,,
2023-11-09,,,,,,,,,
2023-11-10,,,,,,,,,
2023-11-13,,,,,,,,,
2023-11-15,,,,,,,,,
2023-11-16,,,,,,,,,
2023-11-17,,,,,,,,,
2023-11-20,,,,,,,,,
2023-11-21,,,,,,,,,
2023-11-22,,,,,,,,,
2023-11-23,,,,,,,,,
2023-11-24,,,,,,,,,
2023-11-28,,,,,,,,,
2023-11-29,,,,,,,,,
2023-11-30,1300.5377197265625,1386.7119631509424,1188.6102541293792,1188.6102541293792,46579440.0,,,,
2023-12-01,1209.0147705078125,1335.205590072361,1200.1001931260237,1326.588213634643,18681410.0,,,,
2023-12-04,1181.330078125,1222.2875835871753,1140.2239721939889,1209.014744477715,14740750.0,,,,
2023-12-05,1180.53759765625,1210.3518809936013,1163.8475526788948,1181.3300528653026,4422358.0,,,,
2023-12-06,1177.2193603515625,1195.9894481910644,1169.7905465504375,1190.591225193587,2735968.0,,,,
2023-12-07,1174.4459228515625,1187.619734745946,1168.8000725606475,1181.627109738058,1624651.0,,,,
2023-12-08,1181.2310791015625,1208.1232908578104,1176.9718437575812,1177.7147252074597,2528210.0,,,,
2023-12-11,1225.605712890625,1257.6486398492827,1181.6766834994496,1187.6197347157083,8017469.0,,,,
2023-12-12,1221.544677734375,1251.0618810931592,1218.325524924615,1242.0977302889976,2426780.0,,,,
2023-12-13,1238.4822998046875,1272.6053907556277,1224.4171272307317,1232.1925949053132,4281933.0,,,,
2023-12-14,1231.4993896484375,1262.8984638758093,1228.379263378876,1257.945920880218,1992554.0,,,,
2023-12-15,1230.40966796875,1244.7720418914955,1228.2305975313534,1244.0291604816985,1239743.0,,,,
2023-12-18,1217.5826416015625,1237.2937860343548,1213.9672611923825,1233.8270060908071,1000620.0,,,,
2023-12-19,1229.7659912109375,1247.8427730215326,1212.9767980233962,1221.2970943815706,2086748.0,,,,
2023-12-20,1189.7493896484375,1236.897573263782,1186.629263479488,1236.0556651640186,1604663.0,,,,
2023-12-21,1197.42578125,1207.0336655874155,1154.190059908259,1154.190059908259,1504596.0,,,,
2023-12-22,1197.2772216796875,1210.8967143771813,1193.562814580371,1203.1706992459272,701235.0,,,,
2023-12-26,1191.3341064453125,1206.3897873826295,1189.1054623052153,1198.515293118959,575200.0,,,,
2023-12-27,1188.2139892578125,1201.3878008591932,1184.846236127746,1196.5342849580695,656321.0,,,,
2023-12-28,1164.7884521484375,1190.442647140154,1157.904466261174,1188.6102305503923,1913710.0,1206.3997924804687,,31.545586246976416,
2023-12-29,1168.94873046875,1176.7241986766571,1159.340724649711,1168.8001299986995,974333.0,1199.820343017578,,23.59996188284541,
2024-01-01,1169.2457275390625,1186.5301736635392,1168.8000470722254,1172.7620811300974,794228.0,1197.8318908691406,,24.44477836010317,
2024-01-02,1170.7315673828125,1177.6156745585724,1165.8285982780951,1172.762158335824,720393.0,1197.3019653320312,,24.93137727120094,
2024-01-03,1160.9256591796875,1173.7526972533478,1156.9140509636372,1168.8001542269624,937005.0,1196.3213684082032,,25.98872032584015,
2024-01-04,1160.232177734375,1170.335437594788,1158.3501872877764,1163.8475581612136,706442.0,1195.4720092773437,,26.90722154322975,
2024-01-05,1160.232177734375,1168.1562462154725,1158.8950153605276,1162.3617953210078,824122.0,1194.7613220214844,,27.668736624603756,
2024-01-08,1160.3807373046875,1167.809551243898,1157.508238399189,1163.5503162207433,475513.0,1193.7188049316403,,28.58306550166461,
2024-01-09,1155.77490234375,1167.8096056684733,1153.9424856690173,1166.9181237718844,733601.0,1190.2272644042969,,28.747529665319007,
2024-01-10,1152.2091064453125,1158.9940660404511,1145.0279192355738,1158.9940660404511,626896.0,1186.7604858398438,,28.95206352060146,
2024-01-11,1148.59375,1157.90455503549,1147.0089604201005,1156.8644726393431,636047.0,1182.2660583496097,,27.437751342067116,
2024-01-12,1156.369140625,1190.591258868122,1149.088927076322,1152.6547336193798,2470848.0,1178.5095458984374,,25.41060232142225,
2024-01-15,1160.62841796875,1173.6536298586102,1158.053119866711,1168.8001136787925,757174.0,1175.0204833984376,,22.5375901422238,
2024-01-16,1152.2586669921875,1160.7770165055397,1148.9899403489324,1160.7770165055397,729567.0,1171.7542846679687,,20.70356988188037,
2024-01-17,1145.523193359375,1155.3292526599653,1142.304040416515,1146.9099295786382,718624.0,1167.5421447753906,,16.40280450498051,
2024-01-18,,,,,,,,,
2024-01-19,1129.8236083984375,1146.0183991040435,1129.1797536548054,1146.0183991040435,835628.0,,,,
2024-01-23,1131.5570068359375,1152.4567133381154,1129.1797621018063,1151.1690038412182,571921.0,,,,
2024-01-24,1131.70556640625,1142.947814010506,1128.6844670328437,1138.0942980436485,469822.0,,,,
2024-01-25,1133.6866455078125,1140.620205579458,1127.6940202240703,1135.122834586548,556575.0,,,,
2024-01-29,1127.79296875,1151.961400650191,1126.2081793114935,1149.9803836241374,1043648.0,,,,
2024-01-30,1110.2115478515625,1133.1418462834306,1107.487649182612,1130.665574766203,1123701.0,,,,
2024-01-31,1100.8511962890625,1114.0248870936975,1098.275898312431,1114.0248870936975,780688.0,,,,
2024-02-01,1088.0736083984375,1108.3790330431057,1083.7153467313913,1108.3790330431057,1090740.0,,,,
2024-02-02,1087.8756103515625,1095.5024779727726,1077.7228975132073,1090.5995089179503,873712.0,,,,
2024-02-05,1071.482666015625,1091.9366925582342,1069.7492759850936,1090.5995301455914,845963.0,,,,
2024-02-06,1119.5223388671875,1152.5063234267575,1060.8842784409449,1072.2255534826193,3429953.0,,,,
2024-02-07,1103.3275146484375,1137.846713953615,1098.8206523133686,1137.4010334640764,999988.0,,,,
2024-02-08,1103.2779541015625,1125.1187165849803,1095.84913977546,1112.1430784110596,736687.0,,,,
2024-02-09,1119.5718994140625,1143.4431320752967,1088.2717314707295,1105.8038059319042,1238596.0,,,,
2024-02-12,1099.8607177734375,1126.208221013221,1095.5024559724031,1123.2366953641097,618737.0,,,,
2024-02-13,1093.9671630859375,1109.3696200142049,1074.305591770703,1109.3696200142049,585320.0,,,,
2024-02-14,1096.294921875,1109.3695864940037,1078.911448293387,1082.6258553910232,443941.0,,,,
2024-02-15,1096.592041015625,1109.171572715395,1090.4013622987184,1102.3864921123109,372945.0,,,,
2024-02-16,1095.3538818359375,1103.3769770990466,1090.5995132300943,1101.148332808645,377791.0,,,,
2024-02-19,1112.5887451171875,1122.295777414335,1096.7406080845813,1098.1767971384852,697681.0,1107.670880126953,,17.556258663371832,
2024-02-20,1141.709716796875,1156.6167980900111,1110.360096664986,1113.083995207206,1872013.0,1108.265185546875,,18.520340454096967,
2024-02-21,1143.443115234375,1158.8950247149023,1127.4463776766986,1153.9424818742402,1186147.0,1108.8594909667968,,19.473289425142035,
2024-02-22,1145.770751953125,1153.99202118766,1131.358804352731,1148.94033091177,552410.0,1109.5627502441407,,20.565143699273804,
2024-02-23,1149.4852294921875,1167.80963857931,1145.275567945146,1150.6737914466746,942660.0,1110.3526794433594,,21.80649328198317,
2024-02-26,1088.271728515625,1149.9804614162467,1085.8450308592253,1149.4852071262312,2759041.0,1108.3766174316406,,21.933209760035933,
2024-02-27,1065.53955078125,1099.563494592718,1063.3604803806734,1093.4718429529746,1589007.0,1106.143017578125,,23.92105003485271,
2024-02-28,1036.0223388671875,1076.1875077464672,1033.1003870957804,1069.7492023618818,1801058.0,1102.9015747070312,,28.608871676295923,
2024-02-29,1073.116943359375,1084.6068178870748,1023.2943169675602,1035.0318186226316,2111686.0,1102.153741455078,,29.20612212446765,
2024-03-01,1078.069580078125,1094.5119985895294,1075.7913619426276,1087.2317845912048,718126.0,1101.6634399414063,,29.53884838236699,
2024-03-04,1062.7166748046875,1086.2907063538717,1059.8441757534847,1086.2907063538717,573201.0,1101.225140380859,,30.070493477067604,
2024-03-05,1065.242431640625,1089.807093426784,1061.9242519938527,1076.6828544011942,1042769.0,1098.511145019531,,30.7734586775026,
2024-03-06,1059.002197265625,1065.985209711588,1047.9580032007848,1065.242328329357,539700.0,1096.294879150391,,31.98077734211072,
2024-03-07,1116.6993408203125,1135.5684557683812,1060.091754152735,1060.091754152735,4509646.0,1096.9659484863282,,32.27448422507728,
2024-03-11,1074.3551025390625,1119.2746402462542,1069.7492136866854,1119.2746402462542,1504557.0,1094.705108642578,,32.19120320262617,
2024-03-12,1056.7239990234375,1081.8829398195692,1053.6038729775787,1076.6331962559536,904060.0,1092.548272705078,,33.25510903857901,
2024-03-13,1027.60302734375,1086.5878587422444,1010.3187018387324,1071.779804565263,1631514.0,1089.230065917969,,36.27947439536702,
2024-03-14,1042.16357421875,1054.8915846493178,1021.313321293636,1028.0982805430808,962813.0,1086.5234985351562,,37.71544238867983,
2024-03-15,1039.6873779296875,1049.9391177746768,1032.3575900949593,1042.708356617777,706494.0,1083.678265380859,,39.03910111976506,
2024-03-18,1037.5081787109375,1044.7389398138382,1031.6642747340572,1041.0245325852989,521728.0,1080.7859802246094,,40.25251056148476,
2024-03-19,1032.1595458984375,1044.986584039265,1030.6242091875404,1038.053023766019,391912.0,1076.7645202636718,,40.920139797352746,
2024-03-20,1023.2449340820312,1037.1120541633854,1016.856081211821,1031.961337014725,689327.0,1070.8412811279295,,39.57635610922324,
2024-03-21,1021.5115356445312,1038.052980383291,1019.2828913641282,1033.100437537951,783615.0,1064.7447021484377,,37.11894342839719,
2024-03-22,1022.204833984375,1028.0983115520703,1017.2522911840632,1021.2143254243126,593736.0,1058.56640625,,32.974867699237215,
2024-03-26,1012.250244140625,1026.166877443355,1010.3187403399824,1022.2048431675116,870115.0,1051.704656982422,,26.75107325779812,
2024-03-27,1019.4313354492188,1023.1953162453864,1011.3092138301448,1015.7169284444556,988891.0,1048.2626373291016,,26.22197257106088,
2024-03-28,1010.9130249023438,1028.3955253891545,1010.3187439411872,1019.7285753798552,886283.0,1045.5313110351562,,27.15602483151571,
2024-04-01,1039.8359375,1047.4132312753968,1023.6905995631143,1030.128905220744,957844.0,1045.721990966797,,27.09907122086348,
2024-04-02,1081.6353759765625,1116.3031764886318,1038.102571983941,1049.443846929641,5508984.0,1046.1479125976562,,27.614349036220982,
2024-04-03,1123.38525390625,1135.1227555998807,1048.3542340662057,1094.2147056590509,4906449.0,1048.4136962890625,,31.89821947196573,
2024-04-04,1126.554931640625,1136.856245259425,1105.5561976925171,1132.1017556163806,2509059.0,1051.6056091308594,1083.3935083007811,36.29567396305063,40.7324358202488
2024-04-05,1111.00390625,1127.149122587849,1105.407508926592,1122.2461537758322,1309639.0,1053.8936828613282,1083.0171142578124,38.57162316957548,40.380064620931705
2024-04-08,1091.44140625,1119.9185273448772,1089.5594158040003,1119.324246391322,999892.0,1055.515643310547,1082.2148022460938,39.46934297524676,39.790162258827365
2024-04-09,1096.9385986328125,1118.977412932053,1080.7438087121116,1100.3559255318394,4438421.0,1054.527606201172,1081.519462890625,38.080001453401024,39.20716126239706
2024-04-10,1091.44140625,1107.3885698807933,1087.6774253580013,1099.4645014022187,856601.0,1055.381921386719,1080.6745581054688,38.73428077598237,38.50899975159198
2024-04-12,1080.0009765625,1096.889195755533,1078.5647875253503,1089.5098344887974,677949.0,1056.5457702636718,1079.7187182617188,39.12446499288994,37.90397039986567
2024-04-15,1055.3372802734375,1064.103377620787,1040.380625435234,1051.9200741599093,1068842.0,1057.9324829101563,1078.6212329101563,38.53164803096888,37.7973262710465
2024-04-16,1043.9959716796875,1071.4330090982469,1040.0339376315674,1049.939022751868,1259361.0,1058.024102783203,1077.4841284179688,38.494340034814975,37.96973631102242
2024-04-18,1039.2911376953125,1061.4785542859188,1037.112067162749,1057.86317375134,809389.0,1058.0042907714844,1076.5084790039064,38.50437482452149,38.31723536265724
2024-04-19,1030.772705078125,1035.3290200416304,1023.2448645847224,1030.128850364311,853013.0,1057.6675170898438,1075.3664208984376,38.721917533152514,38.81921738261262
2024-04-22,1041.7177734375,1053.2077691236857,1033.64522564114,1043.550310948758,694127.0,1058.1454284667968,1074.771123046875,38.44854442117238,39.10714721959143
2024-04-23,1072.1759033203125,1084.3096327379678,1043.8969575102572,1044.9864927041997,1233965.0,1060.591976928711,1073.8241943359376,37.65956824165851,38.57098131167621
2024-04-24,1076.682861328125,1079.802987638508,1067.8178576147106,1078.0695975673725,659168.0,1063.350543212891,1073.2913012695312,36.65347002580512,38.338406353462425
2024-04-25,1059.15087890625,1074.4046143945525,1056.9716874709975,1074.4046143945525,729379.0,1065.1978454589844,1072.408759765625,35.37950470802765,38.14142450644854
2024-04-26,1062.3699951171875,1071.6312258899902,1059.8441499465646,1064.499491773243,403555.0,1067.7038330078126,1071.2647216796877,33.13562758581575,37.5512218347206
2024-04-29,1056.7735595703125,1069.798770733952,1052.9105521767908,1069.798770733952,689225.0,1069.5709442138673,1070.402978515625,31.272100619839623,37.37557631127182
2024-04-30,1057.021240234375,1059.8441654647231,1047.9580626744648,1056.8726397671587,566375.0,1071.8763549804687,1069.6640600585938,28.276256044818396,37.26525208255511
2024-05-02,1079.8524169921875,1084.6069065912372,1054.4459683753637,1059.2499108569225,1716282.0,1073.877178955078,1069.3352099609374,27.288275623593535,37.097621993931774
2024-05-03,1076.4847412109375,1099.266437875884,1065.7872004992437,1089.5594057148403,1612124.0,1073.619647216797,1068.9330639648438,27.23545778232618,36.90460377521363
2024-05-06,1035.279541015625,1048.4037799739956,1022.8981835077282,1032.1099618582812,1881524.0,1069.2143615722655,1067.7315771484375,25.852669976939367,37.0046496449381
2024-05-07,1029.5841064453125,1045.432243899697,1015.3208794657212,1040.0340204439744,975627.0,1064.3658203125,1066.071484375,23.520762890984678,36.81257806171256
2024-05-08,1019.530517578125,1034.8338265916163,1018.2428080748329,1030.128910892827,526737.0,1059.7921508789063,1063.627900390625,22.8588618334776,35.72842392326377
2024-05-09,1005.7128295898438,1026.3154557439132,1002.3946501378316,1024.5820657856707,692890.0,1055.5057220458984,1060.8732946777343,24.584389468084385,34.74507388358491
2024-05-10,1000.0670166015624,1013.0921682152562,996.5011494235738,1009.6749015072926,652741.0,1050.662142944336,1057.959219970703,25.51677831263445,33.56961132812724
2024-05-13,1011.3092651367188,1017.1037161757806,995.4611277790424,1004.722358865096,436398.0,1046.655535888672,1055.1957006835937,25.063767314261444,31.50522384800412
2024-05-14,1048.106689453125,1053.0096586125137,1012.4483801871908,1020.0752479710604,895977.0,1045.0608215332031,1054.3923999023436,23.813951420731826,31.15476286572296
2024-05-15,1040.6778564453125,1051.028622668889,1038.052984544422,1047.9580702748078,434399.0,1044.3278503417969,1053.895166015625,23.706362910546183,31.171615445414936
2024-05-16,1039.04345703125,1052.068668496677,1036.0719314153362,1046.3732443995086,241264.0,1044.080224609375,1053.9555883789062,23.735859508603312,31.139175283910863
2024-05-17,1036.4681396484375,1043.5007259590377,1034.090895017784,1043.0054716989716,335954.0,1043.9390747070313,1053.2226123046876,23.77420043894818,31.11025628929276
2024-05-21,1041.7177734375,1050.731497796781,1038.7462478452146,1047.9580255459737,353873.0,1044.486328125,1052.495576171875,23.580356106156422,30.94205074328245
2024-05-22,1043.0550537109375,1051.7220033304047,1040.1329810065058,1049.8400129449833,241610.0,1044.553192138672,1052.10234375,23.573987585822785,30.934438811977337
2024-05-23,1039.8853759765625,1049.7410085860424,1038.3005864805134,1044.7884658410842,309616.0,1042.9386657714845,1051.5952026367188,22.671063576525253,30.9224733388991
2024-05-24,1074.156982421875,1099.31592456445,1039.043501586143,1040.7768916030884,2240387.0,1042.8123718261718,1051.8982983398437,22.4794162075734,31.070474697913337
2024-05-27,1080.4962158203125,1105.3085030923223,1074.850365511462,1083.2696880947892,1316522.0,1043.879638671875,1051.1742358398435,23.765856780599208,29.930462931090183
2024-05-28,1055.83251953125,1077.5246805276222,1052.9105677314767,1067.7681956862953,597485.0,1043.552764892578,1050.8037841796877,23.54206109544876,29.75179063607729
2024-05-29,1042.51025390625,1062.122371655575,1041.0244910740796,1046.9675424027612,465777.0,1042.839599609375,1050.5195092773438,23.335617112764645,29.761972842425703
2024-05-30,1039.984375,1057.169794597463,1035.1309799683245,1042.5102200974518,540209.0,1041.9877563476562,1050.7671362304689,23.100455831160104,29.61857328924353
2024-05-31,1020.421875,1045.977044334205,1014.0826564593602,1039.0930581741434,676794.0,1039.0162292480468,1050.3323022460938,21.75672355731828,29.905665926540262
2024-06-03,1025.671630859375,1059.8441767450809,1024.334468463577,1059.8441767450809,806191.0,1036.4755737304688,1050.0519873046876,20.05103447561486,30.072700803493223
2024-06-04,1003.8309326171876,1027.6526518779851,972.9270528261696,1025.6716347177385,1738234.0,1034.903143310547,1049.3784423828124,21.341369558422095,30.72935011682018
2024-06-05,1020.0257568359376,1023.7401639118428,990.6075802477546,1017.2522845212528,662401.0,1034.425225830078,1049.1357666015624,21.57252566860793,30.915454211953254
2024-06-06,1038.69677734375,1050.9295333087869,1026.4640213787131,1033.100380057554,915629.0,1035.3835388183593,1049.4448034667969,21.300024652178877,30.72802425175448
2024-06-07,1051.3258056640625,1060.8842374131034,1040.0339839417852,1046.9179700422485,1001179.0,1037.6641876220704,1050.0410888671877,20.377887474086496,30.46304390384905
2024-06-10,1047.5123291015625,1059.2992837085767,1043.8969488370644,1051.325762704519,689544.0,1040.0364532470703,1050.5472387695313,18.440221197108624,30.20021060352744
2024-06-11,1049.5924072265625,1063.5089797810183,1048.0076177318645,1052.9601604726006,854848.0,1041.9506103515623,1051.29408203125,17.24983351480996,29.691250160014462
2024-06-12,1048.7999267578125,1057.3182758843343,1044.986493121649,1052.910561315936,840937.0,1041.9852722167968,1051.8814538574218,17.263545659346914,29.33643078008863
2024-06-13,1049.050048828125,1063.0,1046.5,1058.0,959539.0,1042.4038818359377,1052.6441943359375,17.331545954397466,28.739221016222864
2024-06-14,1037.6500244140625,1049.5,1036.8499755859375,1049.050048828125,1146052.0,1042.334210205078,1052.6004760742187,17.34855801836516,28.760757182028406
2024-06-18,1029.5999755859375,1042.0,1027.949951171875,1040.4000244140625,1188441.0,1041.9908020019532,1051.559768066406,17.537731061156244,28.629840463387637
2024-06-19,1027.5,1043.9000244140625,1021.0,1040.0,1124383.0,1041.2799133300782,1049.6420629882812,17.835018405081453,26.87833998910977
2024-06-20,1010.3499755859376,1027.3499755859375,1004.25,1027.3499755859375,2391725.0,1039.6446594238282,1047.3179638671877,19.11695109941208,25.05423496720582
2024-06-21,992.25,1013.9000244140624,982.6500244140624,1010.3499755859376,7044016.0,1037.262890625,1044.9428857421874,21.85651524281608,24.516779502736505
2024-06-24,999.6500244140624,1006.9500122070312,989.75,992.25,1093347.0,1033.5375427246097,1043.1070581054687,21.585115812493772,24.40030490959977
2024-06-25,1000.9500122070312,1007.0,1000.0,1004.0,468341.0,1029.5602325439454,1041.1872863769531,19.725587855955823,23.84836223925695
2024-06-26,1003.5499877929688,1010.0,1000.3499755859376,1004.0,512833.0,1026.9461059570312,1039.4294580078124,19.523944976162213,23.30151363436118
2024-06-27,1017.25,1026.5,1003.0,1005.0,1343843.0,1025.6830932617188,1038.1744384765625,19.27962091403152,22.75521599028416
2024-06-28,1021.9500122070312,1027.9000244140625,1017.25,1019.2000122070312,744581.0,1024.7813751220704,1037.5066931152344,18.995178324376354,22.73115616052381
2024-07-01,1014.8499755859376,1029.5,1012.0,1023.2999877929688,627199.0,1024.5027801513672,1036.9237731933597,19.103036882019648,22.934153254908207
2024-07-02,1009.5999755859376,1019.0999755859376,1006.75,1014.8499755859376,433251.0,1023.6991973876952,1036.3299499511718,19.387199807274744,23.253767783061704
2024-07-03,1009.75,1014.2999877929688,1008.1500244140624,1014.25,409471.0,1023.995150756836,1035.9094958496094,19.11115299313388,23.54453867762688
2024-07-04,1009.0,1013.3499755859376,1006.2000122070312,1013.3499755859376,460871.0,1023.4438629150392,1035.2551403808593,19.388693528694528,23.832705876306044
2024-07-05,1010.3499755859376,1019.0,1009.0499877929688,1012.9500122070312,704826.0,1022.0265228271484,1034.018621826172,19.250603171091697,23.479287959236952
2024-07-08,1004.5499877929688,1015.75,1003.0,1014.8499755859376,459742.0,1019.6877319335938,1032.5759643554688,18.32270833194665,23.015820300517408
2024-07-09,1012.2999877929688,1024.5999755859375,1004.5,1004.5499877929688,1004845.0,1017.927114868164,1031.6389465332031,17.16343463149162,22.86502553513629
2024-07-10,1011.5,1026.75,1007.7000122070312,1012.0,902487.0,1016.022494506836,1030.6215466308597,15.497286298286934,22.5999299871278
2024-07-11,1014.9500122070312,1022.9000244140624,1011.9500122070312,1014.7999877929688,693392.0,1014.3299987792968,1029.7850756835935,13.441199600230991,22.385203733744767
2024-07-12,1033.4000244140625,1043.0,1015.0,1019.5,2878465.0,1013.5474975585936,1029.3126513671875,11.649686976326072,22.04534747621776
2024-07-15,1025.3499755859375,1043.9000244140625,1022.0,1040.0,1098815.0,1012.9324951171876,1028.2226025390626,10.586463683178552,20.80810992286735
2024-07-16,1015.25,1033.0,1012.25,1027.3499755859375,802135.0,1012.2149963378906,1026.9979077148437,9.858634705116971,19.681108214179627
2024-07-18,1009.1500244140624,1020.0,1008.0,1019.25,655960.0,1011.2974975585936,1026.4753173828126,9.192638709638064,19.803247240323305
2024-07-19,997.2000122070312,1005.7999877929688,990.0,998.0,1176579.0,1010.6399993896484,1025.827635498047,9.719169178750636,20.224588890811557
2024-07-22,992.7000122070312,998.0,990.5,997.2000122070312,594894.0,1010.6625,1025.291025390625,9.67477370329724,20.74433977619409
2024-07-23,996.6500244140624,1007.0,983.0,995.0,761466.0,1010.5125,1025.1097692871094,9.875670614153533,20.95739726310277
2024-07-24,997.25,1007.6500244140624,994.0,995.0,366520.0,1010.3274993896484,1025.053428955078,10.096421357794842,21.029755922163464
2024-07-25,999.5499877929688,1002.0,994.0,996.0,382077.0,1010.1274993896484,1024.8182434082032,10.275768259720302,21.25118913028836
2024-07-26,999.0,1004.0,997.0999755859376,1000.0,736307.0,1009.2149993896484,1023.8361096191406,10.419301309902655,21.2876507113579
2024-07-29,1000.5,1007.3499755859376,999.0499877929688,1002.0,400954.0,1008.1424987792968,1023.0325524902344,10.139657597413391,21.396969049452835
2024-07-30,999.0499877929688,1004.5,998.0,1004.5,434066.0,1007.3524993896484,1022.2326831054688,10.204854360535062,21.53331957036872
2024-07-31,999.3499755859376,1004.0,998.9500122070312,1000.0,323172.0,1006.8399993896484,1021.4903198242188,10.342498198798868,21.67191526557356
2024-08-01,995.4000244140624,1004.0,994.0,1001.0,578837.0,1006.1225006103516,1020.56396484375,10.623922718823064,21.779306134845942
2024-08-02,992.0,997.2000122070312,990.7999877929688,993.0,355341.0,1005.2725006103516,1019.5428637695312,11.052987130247615,21.89981327337516
2024-08-05,976.2999877929688,985.5,970.0999755859376,981.0,1058840.0,1003.5700012207031,1018.2711560058592,12.725559917197936,22.53149982645528
2024-08-06,983.0499877929688,993.9500122070312,976.0,976.25,656501.0,1002.4950012207032,1016.4490161132812,13.521631220323918,21.583748205688515
2024-08-07,999.1500244140624,1001.9500122070312,983.0999755859376,990.0,564967.0,1001.8375030517578,1014.8220922851564,13.338233011715824,19.63541074966385
2024-08-08,998.7999877929688,1004.2999877929688,992.2000122070312,1000.0,445571.0,1001.2025024414064,1013.6814416503906,13.155064811681694,18.845081048235965
2024-08-09,989.6500244140624,1009.9500122070312,987.5,1004.7000122070312,391532.0,999.937503051758,1012.6242370605468,12.978768347395045,18.6767570422126
2024-08-12,993.0999755859376,994.9000244140624,980.3499755859376,985.0,386111.0,997.9225006103516,1011.6865490722656,10.377929206373034,18.450650188738543
2024-08-13,994.4500122070312,996.9000244140624,988.0,993.0,438966.0,996.3775024414062,1011.1671118164064,8.138208399018714,18.564943734766228
2024-08-14,992.4000244140624,996.0,980.0,994.0499877929688,347203.0,995.2350036621094,1010.5016796875,6.85151301429629,18.630610185800307
2024-08-16,999.0499877929688,1012.0,993.1500244140624,994.9500122070312,1201484.0,994.7300018310548,1010.4060607910156,6.10326550006089,18.67775463440564
2024-08-19,998.7000122070312,1007.3499755859376,996.0,1007.3499755859376,344295.0,994.8050018310548,1009.9795458984376,6.144294215167871,18.69708296835084
2024-08-20,1004.4000244140624,1040.0,998.0,1001.0,3447339.0,995.3900024414064,1009.2936108398436,6.481080316937415,18.24571014586822
2024-08-21,1025.449951171875,1048.75,1000.4500122070312,1007.0,5021319.0,996.8299987792968,1008.77609375,9.34323485247414,17.37539999944455
2024-08-22,1007.2000122070312,1045.0,1002.4000244140624,1036.5,3583853.0,997.3274993896484,1007.9698474121094,9.627360552588565,16.452038009009335
2024-08-23,1036.949951171875,1054.800048828125,1012.9500122070312,1012.9500122070312,17489570.0,999.1974975585938,1007.7169982910156,13.090970613518158,15.886729459059216
2024-08-26,1048.6500244140625,1064.9000244140625,1040.0,1053.0,9134874.0,1001.6799987792969,1007.7140002441406,17.134689162731497,15.878830496652396
2024-08-27,,,,,,,,,
2024-08-28,1078.800048828125,1115.0,1075.050048828125,1107.0,11550850.0,,,,
2024-08-29,1061.300048828125,1089.9000244140625,1057.4000244140625,1080.0,4381449.0,,,,
2024-08-30,1065.5999755859375,1080.0,1054.199951171875,1069.0,5294901.0,,,,
2024-09-02,1050.949951171875,1076.0,1048.0,1075.0,3261188.0,,,,
2024-09-03,1068.800048828125,1074.300048828125,1045.550048828125,1057.0,4403973.0,,,,
2024-09-04,1056.199951171875,1068.0,1051.5999755859375,1058.0,2328712.0,,,,
2024-09-05,1074.9000244140625,1088.0,1058.25,1063.0,4763630.0,,,,
2024-09-06,1112.6500244140625,1122.9000244140625,1075.050048828125,1083.0,13365100.0,,,,
2024-09-09,1077.550048828125,1115.0,1074.25,1115.0,4375346.0,,,,
2024-09-10,1091.0,1109.699951171875,1085.050048828125,1088.9000244140625,3214864.0,,,,
2024-09-11,1077.8499755859375,1107.800048828125,1073.9000244140625,1098.0,2809030.0,,,,
2024-09-12,1083.75,1095.0,1079.199951171875,1089.9000244140625,1885495.0,,,,
2024-09-13,1089.699951171875,1105.9000244140625,1085.300048828125,1090.0,2198936.0,,,,
2024-09-16,1094.6500244140625,1120.8499755859375,1090.75,1106.0,3107177.0,,,,
2024-09-17,1080.300048828125,1100.449951171875,1077.9000244140625,1095.5,1432399.0,,,,
2024-09-18,1065.800048828125,1086.8499755859375,1062.0999755859375,1082.0,1546582.0,,,,
2024-09-19,1060.75,1096.949951171875,1051.8499755859375,1080.449951171875,3066974.0,,,,
2024-09-20,1114.699951171875,1136.0,1067.0,1069.3499755859375,9382071.0,,,,
2024-09-23,1106.699951171875,1130.0,1101.0,1130.0,3099891.0,,,,
2024-09-24,1098.5,1113.300048828125,1096.0,1109.699951171875,1205371.0,1080.522503662109,,18.44873943936516,
2024-09-25,1088.5999755859375,1111.0,1085.0,1100.800048828125,1216881.0,1081.0125,,18.53054452140023,
2024-09-26,1094.949951171875,1107.0,1084.0,1090.0,1315081.0,1082.6949951171875,,18.170676988966672,
2024-09-27,1121.0,1134.699951171875,1098.699951171875,1099.0,3504368.0,1085.4649963378906,,19.594403220192486,
2024-09-30,1103.1500244140625,1118.0,1100.199951171875,1115.0,1343474.0,1088.075,,18.18052979147079,
2024-10-01,1094.25,1112.0,1091.4000244140625,1105.0,993851.0,1089.3474975585937,,17.643134176846264,
2024-10-03,1063.300048828125,1087.699951171875,1061.050048828125,1078.9000244140625,1400311.0,1089.7025024414063,,17.00079359236242,
2024-10-04,1057.449951171875,1082.0,1047.25,1063.3499755859375,1924098.0,1088.8299987792968,,18.20555312544993,
2024-10-07,1025.8499755859375,1070.6500244140625,1016.5,1065.0,2132467.0,1084.4899963378907,,22.14756539291465,
2024-10-08,1044.0,1048.550048828125,1021.5499877929688,1030.0,977237.0,1082.8124938964845,,23.901965397079888,
2024-10-09,1048.699951171875,1064.050048828125,1044.199951171875,1064.0,1352959.0,1080.697491455078,,24.98624953999289,
2024-10-10,1064.699951171875,1089.1500244140625,1045.0999755859375,1045.0999755859375,2986720.0,1080.039990234375,,25.236885543526743,
2024-10-11,1054.5999755859375,1068.5,1051.699951171875,1064.699951171875,822064.0,1078.582489013672,,25.845748325390463,
2024-10-14,1050.949951171875,1062.449951171875,1048.0999755859375,1057.5,805321.0,1076.644989013672,,26.41464155512443,
2024-10-15,1056.6500244140625,1064.0,1052.3499755859375,1057.9000244140625,738519.0,1074.7449890136718,,26.41804585665164,
2024-10-16,1077.6500244140625,1080.0,1042.0,1042.0,1483760.0,1074.6124877929688,,26.39535365857573,
2024-10-17,1059.9000244140625,1087.8499755859375,1058.0,1076.9000244140625,1259528.0,1074.3174865722656,,26.531645637284885,
2024-10-18,1060.0999755859375,1067.449951171875,1044.550048828125,1055.0,809483.0,1074.2849853515625,,26.54953263975362,
2024-10-21,1052.75,1074.949951171875,1050.0,1063.449951171875,952178.0,1071.1874877929688,,25.163854919436773,
2024-10-22,1022.5499877929688,1063.800048828125,1020.0499877929688,1056.0,1145278.0,1066.9799896240231,,25.93674778531449,
2024-10-23,1040.050048828125,1056.9000244140625,1014.0499877929688,1023.6500244140624,1319982.0,1064.0574920654296,,25.487327754737336,
2024-10-24,1024.8499755859375,1051.300048828125,1018.1500244140624,1040.9000244140625,1022283.0,1060.8699920654296,,26.23192748461724,
2024-10-25,1011.4500122070312,1032.9000244140625,1000.0999755859376,1028.0,1207440.0,1056.6949951171875,,27.151083314393198,
2024-10-28,999.5,1030.5999755859375,994.5,1016.0,1338772.0,1050.6199951171875,,25.551255496225245,
2024-10-29,999.75,1016.4000244140624,986.75,1004.5,1707586.0,1045.4499938964843,,24.81323995485311,
2024-10-30,,,,,,,,,
2024-10-31,1006.2999877929688,1012.9000244140624,1000.2000122070312,1005.5999755859376,458842.0,,,,
2024-11-01,1027.199951171875,1032.0,1012.0,1015.0,457090.0,,,,
2024-11-04,1010.7000122070312,1029.0,1002.0,1029.0,617622.0,,,,
2024-11-05,,,,,,,,,
2024-11-06,1033.9000244140625,1038.0,1014.25,1020.0,841279.0,,,,
2024-11-07,1017.0,1036.0,1013.0,1035.0,488039.0,,,,
2024-11-08,1004.9500122070312,1019.7000122070312,1003.0,1018.25,506343.0,,,,
2024-11-11,996.1500244140624,1005.4500122070312,995.0,1004.9500122070312,593172.0,,,,
2024-11-12,993.2999877929688,1005.6500244140624,990.0499877929688,999.0,471171.0,,,,
2024-11-13,961.5,997.0999755859376,956.6500244140624,991.3499755859376,1248272.0,,,,
2024-11-14,962.2999877929688,971.6500244140624,957.0,961.5,639883.0,,,,
2024-11-18,941.2000122070312,968.0,940.0,968.0,985878.0,,,,
2024-11-19,948.5499877929688,959.0,943.0999755859376,944.0999755859376,633404.0,,,,
2024-11-21,933.1500244140624,954.9000244140624,931.0499877929688,954.0,803218.0,,,,
2024-11-22,941.2000122070312,944.0,931.0,935.5499877929688,527538.0,,,,
2024-11-25,943.1500244140624,963.0,941.0,955.0,629942.0,,,,
2024-11-26,942.9000244140624,952.9500122070312,940.0499877929688,946.7999877929688,463315.0,,,,
2024-11-27,940.0,948.4500122070312,937.7000122070312,944.9500122070312,667310.0,,,,
2024-11-28,933.0,950.8499755859376,931.0999755859376,942.9000244140624,1216017.0,,,,
2024-11-29,938.5,944.3499755859376,933.0499877929688,934.0,633079.0,,,,
2024-12-02,948.75,956.9500122070312,936.4000244140624,939.0999755859376,1097909.0,,,,
2024-12-03,956.3499755859376,973.8499755859376,951.0,951.0,1023745.0,,,,
2024-12-04,951.7999877929688,968.9000244140624,948.4500122070312,961.0,947324.0,,,,
2024-12-05,954.2999877929688,962.9000244140624,950.1500244140624,953.0,859736.0,962.0975036621094,,29.94036140481796,
2024-12-06,953.9000244140624,959.8499755859376,949.4000244140624,958.7000122070312,701971.0,958.0975036621094,,24.73403393542773,
2024-12-09,947.9500122070312,960.0,947.0,954.5,753971.0,954.6450042724608,,20.54359770539917,
2024-12-10,942.5999755859376,951.5999755859376,937.0,949.9500122070312,907420.0,951.5275024414062,,16.919097379143672,
2024-12-11,943.1500244140624,946.5999755859376,941.1500244140624,944.0,424721.0,948.8775024414062,,13.332634945624754,
2024-12-12,941.9500122070312,955.0,940.0,945.7999877929688,861974.0,946.3100036621094,,8.335769006852743,
2024-12-13,937.5499877929688,946.9500122070312,935.0,942.0,901494.0,945.1125030517578,,7.737596488041306,
2024-12-16,932.0999755859376,942.0,931.0499877929688,937.0,783880.0,943.6025024414064,,7.129818006378384,
2024-12-17,933.2000122070312,936.5999755859376,927.0,933.5,1030266.0,943.2025024414064,,7.487152628010976,
2024-12-18,914.5999755859376,936.7000122070312,912.9500122070312,935.0,946006.0,941.5050018310546,,9.725090749183908,
2024-12-19,911.7000122070312,918.9000244140624,903.8499755859376,910.0,757644.0,940.4325012207032,,11.681062089380024,
2024-12-20,893.2999877929688,920.0,890.0,913.0,1131778.0,938.0375,,15.725710010146638,
2024-12-23,889.4000244140625,902.0,883.2999877929688,898.0,754295.0,935.35,,19.04796459858471,
2024-12-24,908.5,922.9000244140624,888.0,891.0,1053095.0,933.6299987792968,,19.865900033915008,
2024-12-26,900.5,914.5,897.6500244140625,910.3499755859376,431341.0,931.6549987792968,,21.12298959920856,
2024-12-27,898.8499755859375,907.8499755859376,897.2999877929688,902.0,347544.0,929.9474975585938,,22.353008054511918,
2024-12-30,894.7999877929688,899.9000244140625,886.0,899.0,685564.0,927.7624969482422,,23.575410923455923,
2024-12-31,891.3499755859375,897.9000244140625,887.2000122070312,894.0,437699.0,924.8924957275392,,24.366562822055645,
2025-01-01,890.7999877929688,896.9500122070312,887.6500244140625,894.0,438587.0,921.6149963378906,,24.32103735744993,
2025-01-02,904.7999877929688,909.9000244140624,890.0999755859375,890.7999877929688,633036.0,919.2649963378906,,23.508011073416814,
2025-01-03,896.5999755859375,912.5,895.0,906.6500244140624,626222.0,916.379995727539,,22.50110298691176,
2025-01-06,876.4000244140625,900.9000244140624,874.2000122070312,897.9500122070312,787086.0,912.504995727539,,22.37247619463859,
2025-01-07,881.4500122070312,888.0,878.0499877929688,881.0,424409.0,909.1799957275392,,21.760631326393963,
2025-01-08,886.2999877929688,912.0,882.0,898.0,2186334.0,906.3649963378906,,20.831519282615385,
2025-01-09,874.2999877929688,889.5999755859375,869.7999877929688,885.75,576021.0,902.922494506836,,20.10904722035995,
