Date_Ticker,Close_TVSSCS.NS,High_TVSSCS.NS,Low_TVSSCS.NS,Open_TVSSCS.NS,Volume_TVSSCS.NS,MA_20_Unnamed: 6_level_1,MA_50_Unnamed: 7_level_1,Volatility_20_Unnamed: 8_level_1,Volatility_50_Unnamed: 9_level_1
Date,,,,,,,,,
2020-01-10,,,,,,,,,
2020-01-13,,,,,,,,,
2020-01-14,,,,,,,,,
2020-01-15,,,,,,,,,
2020-01-16,,,,,,,,,
2020-01-17,,,,,,,,,
2020-01-20,,,,,,,,,
2020-01-21,,,,,,,,,
2020-01-22,,,,,,,,,
2020-01-23,,,,,,,,,
2020-01-24,,,,,,,,,
2020-01-27,,,,,,,,,
2020-01-28,,,,,,,,,
2020-01-29,,,,,,,,,
2020-01-30,,,,,,,,,
2020-01-31,,,,,,,,,
2020-02-03,,,,,,,,,
2020-02-04,,,,,,,,,
2020-02-05,,,,,,,,,
2020-02-06,,,,,,,,,
2020-02-07,,,,,,,,,
2020-02-10,,,,,,,,,
2020-02-11,,,,,,,,,
2020-02-12,,,,,,,,,
2020-02-13,,,,,,,,,
2020-02-14,,,,,,,,,
2020-02-17,,,,,,,,,
2020-02-18,,,,,,,,,
2020-02-19,,,,,,,,,
2020-02-20,,,,,,,,,
2020-02-24,,,,,,,,,
2020-02-25,,,,,,,,,
2020-02-26,,,,,,,,,
2020-02-27,,,,,,,,,
2020-02-28,,,,,,,,,
2020-03-02,,,,,,,,,
2020-03-03,,,,,,,,,
2020-03-04,,,,,,,,,
2020-03-05,,,,,,,,,
2020-03-06,,,,,,,,,
2020-03-09,,,,,,,,,
2020-03-11,,,,,,,,,
2020-03-12,,,,,,,,,
2020-03-13,,,,,,,,,
2020-03-16,,,,,,,,,
2020-03-17,,,,,,,,,
2020-03-18,,,,,,,,,
2020-03-19,,,,,,,,,
2020-03-20,,,,,,,,,
2020-03-23,,,,,,,,,
2020-03-24,,,,,,,,,
2020-03-25,,,,,,,,,
2020-03-26,,,,,,,,,
2020-03-27,,,,,,,,,
2020-03-30,,,,,,,,,
2020-03-31,,,,,,,,,
2020-04-01,,,,,,,,,
2020-04-03,,,,,,,,,
2020-04-07,,,,,,,,,
2020-04-08,,,,,,,,,
2020-04-09,,,,,,,,,
2020-04-13,,,,,,,,,
2020-04-15,,,,,,,,,
2020-04-16,,,,,,,,,
2020-04-17,,,,,,,,,
2020-04-20,,,,,,,,,
2020-04-21,,,,,,,,,
2020-04-22,,,,,,,,,
2020-04-23,,,,,,,,,
2020-04-24,,,,,,,,,
2020-04-27,,,,,,,,,
2020-04-28,,,,,,,,,
2020-04-29,,,,,,,,,
2020-04-30,,,,,,,,,
2020-05-04,,,,,,,,,
2020-05-05,,,,,,,,,
2020-05-06,,,,,,,,,
2020-05-07,,,,,,,,,
2020-05-08,,,,,,,,,
2020-05-11,,,,,,,,,
2020-05-12,,,,,,,,,
2020-05-13,,,,,,,,,
2020-05-14,,,,,,,,,
2020-05-15,,,,,,,,,
2020-05-18,,,,,,,,,
2020-05-19,,,,,,,,,
2020-05-20,,,,,,,,,
2020-05-21,,,,,,,,,
2020-05-22,,,,,,,,,
2020-05-26,,,,,,,,,
2020-05-27,,,,,,,,,
2020-05-28,,,,,,,,,
2020-05-29,,,,,,,,,
2020-06-01,,,,,,,,,
2020-06-02,,,,,,,,,
2020-06-03,,,,,,,,,
2020-06-04,,,,,,,,,
2020-06-05,,,,,,,,,
2020-06-08,,,,,,,,,
2020-06-09,,,,,,,,,
2020-06-10,,,,,,,,,
2020-06-11,,,,,,,,,
2020-06-12,,,,,,,,,
2020-06-15,,,,,,,,,
2020-06-16,,,,,,,,,
2020-06-17,,,,,,,,,
2020-06-18,,,,,,,,,
2020-06-19,,,,,,,,,
2020-06-22,,,,,,,,,
2020-06-23,,,,,,,,,
2020-06-24,,,,,,,,,
2020-06-25,,,,,,,,,
2020-06-26,,,,,,,,,
2020-06-29,,,,,,,,,
2020-06-30,,,,,,,,,
2020-07-01,,,,,,,,,
2020-07-02,,,,,,,,,
2020-07-03,,,,,,,,,
2020-07-06,,,,,,,,,
2020-07-07,,,,,,,,,
2020-07-08,,,,,,,,,
2020-07-09,,,,,,,,,
2020-07-10,,,,,,,,,
2020-07-13,,,,,,,,,
2020-07-14,,,,,,,,,
2020-07-15,,,,,,,,,
2020-07-16,,,,,,,,,
2020-07-17,,,,,,,,,
2020-07-20,,,,,,,,,
2020-07-21,,,,,,,,,
2020-07-22,,,,,,,,,
2020-07-23,,,,,,,,,
2020-07-24,,,,,,,,,
2020-07-27,,,,,,,,,
2020-07-28,,,,,,,,,
2020-07-29,,,,,,,,,
2020-07-30,,,,,,,,,
2020-07-31,,,,,,,,,
2020-08-03,,,,,,,,,
2020-08-04,,,,,,,,,
2020-08-05,,,,,,,,,
2020-08-06,,,,,,,,,
2020-08-07,,,,,,,,,
2020-08-10,,,,,,,,,
2020-08-11,,,,,,,,,
2020-08-12,,,,,,,,,
2020-08-13,,,,,,,,,
2020-08-14,,,,,,,,,
2020-08-17,,,,,,,,,
2020-08-18,,,,,,,,,
2020-08-19,,,,,,,,,
2020-08-20,,,,,,,,,
2020-08-21,,,,,,,,,
2020-08-24,,,,,,,,,
2020-08-25,,,,,,,,,
2020-08-26,,,,,,,,,
2020-08-27,,,,,,,,,
2020-08-28,,,,,,,,,
2020-08-31,,,,,,,,,
2020-09-01,,,,,,,,,
2020-09-02,,,,,,,,,
2020-09-03,,,,,,,,,
2020-09-04,,,,,,,,,
2020-09-07,,,,,,,,,
2020-09-08,,,,,,,,,
2020-09-09,,,,,,,,,
2020-09-10,,,,,,,,,
2020-09-11,,,,,,,,,
2020-09-14,,,,,,,,,
2020-09-15,,,,,,,,,
2020-09-16,,,,,,,,,
2020-09-17,,,,,,,,,
2020-09-18,,,,,,,,,
2020-09-21,,,,,,,,,
2020-09-22,,,,,,,,,
2020-09-23,,,,,,,,,
2020-09-24,,,,,,,,,
2020-09-25,,,,,,,,,
2020-09-28,,,,,,,,,
2020-09-29,,,,,,,,,
2020-09-30,,,,,,,,,
2020-10-01,,,,,,,,,
2020-10-05,,,,,,,,,
2020-10-06,,,,,,,,,
2020-10-07,,,,,,,,,
2020-10-08,,,,,,,,,
2020-10-09,,,,,,,,,
2020-10-12,,,,,,,,,
2020-10-13,,,,,,,,,
2020-10-14,,,,,,,,,
2020-10-15,,,,,,,,,
2020-10-16,,,,,,,,,
2020-10-19,,,,,,,,,
2020-10-20,,,,,,,,,
2020-10-21,,,,,,,,,
2020-10-22,,,,,,,,,
2020-10-23,,,,,,,,,
2020-10-26,,,,,,,,,
2020-10-27,,,,,,,,,
2020-10-28,,,,,,,,,
2020-10-29,,,,,,,,,
2020-10-30,,,,,,,,,
2020-11-02,,,,,,,,,
2020-11-03,,,,,,,,,
2020-11-04,,,,,,,,,
2020-11-05,,,,,,,,,
2020-11-06,,,,,,,,,
2020-11-09,,,,,,,,,
2020-11-10,,,,,,,,,
2020-11-11,,,,,,,,,
2020-11-12,,,,,,,,,
2020-11-13,,,,,,,,,
2020-11-14,,,,,,,,,
2020-11-17,,,,,,,,,
2020-11-18,,,,,,,,,
2020-11-19,,,,,,,,,
2020-11-20,,,,,,,,,
2020-11-23,,,,,,,,,
2020-11-24,,,,,,,,,
2020-11-25,,,,,,,,,
2020-11-26,,,,,,,,,
2020-11-27,,,,,,,,,
2020-12-01,,,,,,,,,
2020-12-02,,,,,,,,,
2020-12-03,,,,,,,,,
2020-12-04,,,,,,,,,
2020-12-07,,,,,,,,,
2020-12-08,,,,,,,,,
2020-12-09,,,,,,,,,
2020-12-10,,,,,,,,,
2020-12-11,,,,,,,,,
2020-12-14,,,,,,,,,
2020-12-15,,,,,,,,,
2020-12-16,,,,,,,,,
2020-12-17,,,,,,,,,
2020-12-18,,,,,,,,,
2020-12-21,,,,,,,,,
2020-12-22,,,,,,,,,
2020-12-23,,,,,,,,,
2020-12-24,,,,,,,,,
2020-12-28,,,,,,,,,
2020-12-29,,,,,,,,,
2020-12-30,,,,,,,,,
2020-12-31,,,,,,,,,
2021-01-01,,,,,,,,,
2021-01-04,,,,,,,,,
2021-01-05,,,,,,,,,
2021-01-06,,,,,,,,,
2021-01-07,,,,,,,,,
2021-01-08,,,,,,,,,
2021-01-11,,,,,,,,,
2021-01-12,,,,,,,,,
2021-01-13,,,,,,,,,
2021-01-14,,,,,,,,,
2021-01-15,,,,,,,,,
2021-01-18,,,,,,,,,
2021-01-19,,,,,,,,,
2021-01-20,,,,,,,,,
2021-01-21,,,,,,,,,
2021-01-22,,,,,,,,,
2021-01-25,,,,,,,,,
2021-01-27,,,,,,,,,
2021-01-28,,,,,,,,,
2021-01-29,,,,,,,,,
2021-02-01,,,,,,,,,
2021-02-02,,,,,,,,,
2021-02-03,,,,,,,,,
2021-02-04,,,,,,,,,
2021-02-05,,,,,,,,,
2021-02-08,,,,,,,,,
2021-02-09,,,,,,,,,
2021-02-10,,,,,,,,,
2021-02-11,,,,,,,,,
2021-02-12,,,,,,,,,
2021-02-15,,,,,,,,,
2021-02-16,,,,,,,,,
2021-02-17,,,,,,,,,
2021-02-18,,,,,,,,,
2021-02-19,,,,,,,,,
2021-02-22,,,,,,,,,
2021-02-23,,,,,,,,,
2021-02-24,,,,,,,,,
2021-02-25,,,,,,,,,
2021-02-26,,,,,,,,,
2021-03-01,,,,,,,,,
2021-03-02,,,,,,,,,
2021-03-03,,,,,,,,,
2021-03-04,,,,,,,,,
2021-03-05,,,,,,,,,
2021-03-08,,,,,,,,,
2021-03-09,,,,,,,,,
2021-03-10,,,,,,,,,
2021-03-12,,,,,,,,,
2021-03-15,,,,,,,,,
2021-03-16,,,,,,,,,
2021-03-17,,,,,,,,,
2021-03-18,,,,,,,,,
2021-03-19,,,,,,,,,
2021-03-22,,,,,,,,,
2021-03-23,,,,,,,,,
2021-03-24,,,,,,,,,
2021-03-25,,,,,,,,,
2021-03-26,,,,,,,,,
2021-03-30,,,,,,,,,
2021-03-31,,,,,,,,,
2021-04-01,,,,,,,,,
2021-04-05,,,,,,,,,
2021-04-06,,,,,,,,,
2021-04-07,,,,,,,,,
2021-04-08,,,,,,,,,
2021-04-09,,,,,,,,,
2021-04-12,,,,,,,,,
2021-04-13,,,,,,,,,
2021-04-15,,,,,,,,,
2021-04-16,,,,,,,,,
2021-04-19,,,,,,,,,
2021-04-20,,,,,,,,,
2021-04-22,,,,,,,,,
2021-04-23,,,,,,,,,
2021-04-26,,,,,,,,,
2021-04-27,,,,,,,,,
2021-04-28,,,,,,,,,
2021-04-29,,,,,,,,,
2021-04-30,,,,,,,,,
2021-05-03,,,,,,,,,
2021-05-04,,,,,,,,,
2021-05-05,,,,,,,,,
2021-05-06,,,,,,,,,
2021-05-07,,,,,,,,,
2021-05-10,,,,,,,,,
2021-05-11,,,,,,,,,
2021-05-12,,,,,,,,,
2021-05-14,,,,,,,,,
2021-05-17,,,,,,,,,
2021-05-18,,,,,,,,,
2021-05-19,,,,,,,,,
2021-05-20,,,,,,,,,
2021-05-21,,,,,,,,,
2021-05-24,,,,,,,,,
2021-05-25,,,,,,,,,
2021-05-26,,,,,,,,,
2021-05-27,,,,,,,,,
2021-05-28,,,,,,,,,
2021-05-31,,,,,,,,,
2021-06-01,,,,,,,,,
2021-06-02,,,,,,,,,
2021-06-03,,,,,,,,,
2021-06-04,,,,,,,,,
2021-06-07,,,,,,,,,
2021-06-08,,,,,,,,,
2021-06-09,,,,,,,,,
2021-06-10,,,,,,,,,
2021-06-11,,,,,,,,,
2021-06-14,,,,,,,,,
2021-06-15,,,,,,,,,
2021-06-16,,,,,,,,,
2021-06-17,,,,,,,,,
2021-06-18,,,,,,,,,
2021-06-21,,,,,,,,,
2021-06-22,,,,,,,,,
2021-06-23,,,,,,,,,
2021-06-24,,,,,,,,,
2021-06-25,,,,,,,,,
2021-06-28,,,,,,,,,
2021-06-29,,,,,,,,,
2021-06-30,,,,,,,,,
2021-07-01,,,,,,,,,
2021-07-02,,,,,,,,,
2021-07-05,,,,,,,,,
2021-07-06,,,,,,,,,
2021-07-07,,,,,,,,,
2021-07-08,,,,,,,,,
2021-07-09,,,,,,,,,
2021-07-12,,,,,,,,,
2021-07-13,,,,,,,,,
2021-07-14,,,,,,,,,
2021-07-15,,,,,,,,,
2021-07-16,,,,,,,,,
2021-07-19,,,,,,,,,
2021-07-20,,,,,,,,,
2021-07-22,,,,,,,,,
2021-07-23,,,,,,,,,
2021-07-26,,,,,,,,,
2021-07-27,,,,,,,,,
2021-07-28,,,,,,,,,
2021-07-29,,,,,,,,,
2021-07-30,,,,,,,,,
2021-08-02,,,,,,,,,
2021-08-03,,,,,,,,,
2021-08-04,,,,,,,,,
2021-08-05,,,,,,,,,
2021-08-06,,,,,,,,,
2021-08-09,,,,,,,,,
2021-08-10,,,,,,,,,
2021-08-11,,,,,,,,,
2021-08-12,,,,,,,,,
2021-08-13,,,,,,,,,
2021-08-16,,,,,,,,,
2021-08-17,,,,,,,,,
2021-08-18,,,,,,,,,
2021-08-20,,,,,,,,,
2021-08-23,,,,,,,,,
2021-08-24,,,,,,,,,
2021-08-25,,,,,,,,,
2021-08-26,,,,,,,,,
2021-08-27,,,,,,,,,
2021-08-30,,,,,,,,,
2021-08-31,,,,,,,,,
2021-09-01,,,,,,,,,
2021-09-02,,,,,,,,,
2021-09-03,,,,,,,,,
2021-09-06,,,,,,,,,
2021-09-07,,,,,,,,,
2021-09-08,,,,,,,,,
2021-09-09,,,,,,,,,
2021-09-13,,,,,,,,,
2021-09-14,,,,,,,,,
2021-09-15,,,,,,,,,
2021-09-16,,,,,,,,,
2021-09-17,,,,,,,,,
2021-09-20,,,,,,,,,
2021-09-21,,,,,,,,,
2021-09-22,,,,,,,,,
2021-09-23,,,,,,,,,
2021-09-24,,,,,,,,,
2021-09-27,,,,,,,,,
2021-09-28,,,,,,,,,
2021-09-29,,,,,,,,,
2021-09-30,,,,,,,,,
2021-10-01,,,,,,,,,
2021-10-04,,,,,,,,,
2021-10-05,,,,,,,,,
2021-10-06,,,,,,,,,
2021-10-07,,,,,,,,,
2021-10-08,,,,,,,,,
2021-10-11,,,,,,,,,
2021-10-12,,,,,,,,,
2021-10-13,,,,,,,,,
2021-10-14,,,,,,,,,
2021-10-18,,,,,,,,,
2021-10-19,,,,,,,,,
2021-10-20,,,,,,,,,
2021-10-21,,,,,,,,,
2021-10-22,,,,,,,,,
2021-10-25,,,,,,,,,
2021-10-26,,,,,,,,,
2021-10-27,,,,,,,,,
2021-10-28,,,,,,,,,
2021-10-29,,,,,,,,,
2021-11-01,,,,,,,,,
2021-11-02,,,,,,,,,
2021-11-03,,,,,,,,,
2021-11-04,,,,,,,,,
2021-11-08,,,,,,,,,
2021-11-09,,,,,,,,,
2021-11-10,,,,,,,,,
2021-11-11,,,,,,,,,
2021-11-12,,,,,,,,,
2021-11-15,,,,,,,,,
2021-11-16,,,,,,,,,
2021-11-17,,,,,,,,,
2021-11-18,,,,,,,,,
2021-11-22,,,,,,,,,
2021-11-23,,,,,,,,,
2021-11-24,,,,,,,,,
2021-11-25,,,,,,,,,
2021-11-26,,,,,,,,,
2021-11-29,,,,,,,,,
2021-11-30,,,,,,,,,
2021-12-01,,,,,,,,,
2021-12-02,,,,,,,,,
2021-12-03,,,,,,,,,
2021-12-06,,,,,,,,,
2021-12-07,,,,,,,,,
2021-12-08,,,,,,,,,
2021-12-09,,,,,,,,,
2021-12-10,,,,,,,,,
2021-12-13,,,,,,,,,
2021-12-14,,,,,,,,,
2021-12-15,,,,,,,,,
2021-12-16,,,,,,,,,
2021-12-17,,,,,,,,,
2021-12-20,,,,,,,,,
2021-12-21,,,,,,,,,
2021-12-22,,,,,,,,,
2021-12-23,,,,,,,,,
2021-12-24,,,,,,,,,
2021-12-27,,,,,,,,,
2021-12-28,,,,,,,,,
2021-12-29,,,,,,,,,
2021-12-30,,,,,,,,,
2021-12-31,,,,,,,,,
2022-01-03,,,,,,,,,
2022-01-04,,,,,,,,,
2022-01-05,,,,,,,,,
2022-01-06,,,,,,,,,
2022-01-07,,,,,,,,,
2022-01-10,,,,,,,,,
2022-01-11,,,,,,,,,
2022-01-12,,,,,,,,,
2022-01-13,,,,,,,,,
2022-01-14,,,,,,,,,
2022-01-17,,,,,,,,,
2022-01-18,,,,,,,,,
2022-01-19,,,,,,,,,
2022-01-20,,,,,,,,,
2022-01-21,,,,,,,,,
2022-01-24,,,,,,,,,
2022-01-25,,,,,,,,,
2022-01-27,,,,,,,,,
2022-01-28,,,,,,,,,
2022-01-31,,,,,,,,,
2022-02-01,,,,,,,,,
2022-02-02,,,,,,,,,
2022-02-03,,,,,,,,,
2022-02-04,,,,,,,,,
2022-02-07,,,,,,,,,
2022-02-08,,,,,,,,,
2022-02-09,,,,,,,,,
2022-02-10,,,,,,,,,
2022-02-11,,,,,,,,,
2022-02-14,,,,,,,,,
2022-02-15,,,,,,,,,
2022-02-16,,,,,,,,,
2022-02-17,,,,,,,,,
2022-02-18,,,,,,,,,
2022-02-21,,,,,,,,,
2022-02-22,,,,,,,,,
2022-02-23,,,,,,,,,
2022-02-24,,,,,,,,,
2022-02-25,,,,,,,,,
2022-02-28,,,,,,,,,
2022-03-02,,,,,,,,,
2022-03-03,,,,,,,,,
2022-03-04,,,,,,,,,
2022-03-07,,,,,,,,,
2022-03-08,,,,,,,,,
2022-03-09,,,,,,,,,
2022-03-10,,,,,,,,,
2022-03-11,,,,,,,,,
2022-03-14,,,,,,,,,
2022-03-15,,,,,,,,,
2022-03-16,,,,,,,,,
2022-03-17,,,,,,,,,
2022-03-21,,,,,,,,,
2022-03-22,,,,,,,,,
2022-03-23,,,,,,,,,
2022-03-24,,,,,,,,,
2022-03-25,,,,,,,,,
2022-03-28,,,,,,,,,
2022-03-29,,,,,,,,,
2022-03-30,,,,,,,,,
2022-03-31,,,,,,,,,
2022-04-01,,,,,,,,,
2022-04-04,,,,,,,,,
2022-04-05,,,,,,,,,
2022-04-06,,,,,,,,,
2022-04-07,,,,,,,,,
2022-04-08,,,,,,,,,
2022-04-11,,,,,,,,,
2022-04-12,,,,,,,,,
2022-04-13,,,,,,,,,
2022-04-18,,,,,,,,,
2022-04-19,,,,,,,,,
2022-04-20,,,,,,,,,
2022-04-21,,,,,,,,,
2022-04-22,,,,,,,,,
2022-04-25,,,,,,,,,
2022-04-26,,,,,,,,,
2022-04-27,,,,,,,,,
2022-04-28,,,,,,,,,
2022-04-29,,,,,,,,,
2022-05-02,,,,,,,,,
2022-05-04,,,,,,,,,
2022-05-05,,,,,,,,,
2022-05-06,,,,,,,,,
2022-05-09,,,,,,,,,
2022-05-10,,,,,,,,,
2022-05-11,,,,,,,,,
2022-05-12,,,,,,,,,
2022-05-13,,,,,,,,,
2022-05-16,,,,,,,,,
2022-05-17,,,,,,,,,
2022-05-18,,,,,,,,,
2022-05-19,,,,,,,,,
2022-05-20,,,,,,,,,
2022-05-23,,,,,,,,,
2022-05-24,,,,,,,,,
2022-05-25,,,,,,,,,
2022-05-26,,,,,,,,,
2022-05-27,,,,,,,,,
2022-05-30,,,,,,,,,
2022-05-31,,,,,,,,,
2022-06-01,,,,,,,,,
2022-06-02,,,,,,,,,
2022-06-03,,,,,,,,,
2022-06-06,,,,,,,,,
2022-06-07,,,,,,,,,
2022-06-08,,,,,,,,,
2022-06-09,,,,,,,,,
2022-06-10,,,,,,,,,
2022-06-13,,,,,,,,,
2022-06-14,,,,,,,,,
2022-06-15,,,,,,,,,
2022-06-16,,,,,,,,,
2022-06-17,,,,,,,,,
2022-06-20,,,,,,,,,
2022-06-21,,,,,,,,,
2022-06-22,,,,,,,,,
2022-06-23,,,,,,,,,
2022-06-24,,,,,,,,,
2022-06-27,,,,,,,,,
2022-06-28,,,,,,,,,
2022-06-29,,,,,,,,,
2022-06-30,,,,,,,,,
2022-07-01,,,,,,,,,
2022-07-04,,,,,,,,,
2022-07-05,,,,,,,,,
2022-07-06,,,,,,,,,
2022-07-07,,,,,,,,,
2022-07-08,,,,,,,,,
2022-07-11,,,,,,,,,
2022-07-12,,,,,,,,,
2022-07-13,,,,,,,,,
2022-07-14,,,,,,,,,
2022-07-15,,,,,,,,,
2022-07-18,,,,,,,,,
2022-07-19,,,,,,,,,
2022-07-20,,,,,,,,,
2022-07-21,,,,,,,,,
2022-07-22,,,,,,,,,
2022-07-25,,,,,,,,,
2022-07-26,,,,,,,,,
2022-07-27,,,,,,,,,
2022-07-28,,,,,,,,,
2022-07-29,,,,,,,,,
2022-08-01,,,,,,,,,
2022-08-02,,,,,,,,,
2022-08-03,,,,,,,,,
2022-08-04,,,,,,,,,
2022-08-05,,,,,,,,,
2022-08-08,,,,,,,,,
2022-08-10,,,,,,,,,
2022-08-11,,,,,,,,,
2022-08-12,,,,,,,,,
2022-08-16,,,,,,,,,
2022-08-17,,,,,,,,,
2022-08-18,,,,,,,,,
2022-08-19,,,,,,,,,
2022-08-22,,,,,,,,,
2022-08-23,,,,,,,,,
2022-08-24,,,,,,,,,
2022-08-25,,,,,,,,,
2022-08-26,,,,,,,,,
2022-08-29,,,,,,,,,
2022-08-30,,,,,,,,,
2022-09-01,,,,,,,,,
2022-09-02,,,,,,,,,
2022-09-05,,,,,,,,,
2022-09-06,,,,,,,,,
2022-09-07,,,,,,,,,
2022-09-08,,,,,,,,,
2022-09-09,,,,,,,,,
2022-09-12,,,,,,,,,
2022-09-13,,,,,,,,,
2022-09-14,,,,,,,,,
2022-09-15,,,,,,,,,
2022-09-16,,,,,,,,,
2022-09-19,,,,,,,,,
2022-09-20,,,,,,,,,
2022-09-21,,,,,,,,,
2022-09-22,,,,,,,,,
2022-09-23,,,,,,,,,
2022-09-26,,,,,,,,,
2022-09-27,,,,,,,,,
2022-09-28,,,,,,,,,
2022-09-29,,,,,,,,,
2022-09-30,,,,,,,,,
2022-10-03,,,,,,,,,
2022-10-04,,,,,,,,,
2022-10-06,,,,,,,,,
2022-10-07,,,,,,,,,
2022-10-10,,,,,,,,,
2022-10-11,,,,,,,,,
2022-10-12,,,,,,,,,
2022-10-13,,,,,,,,,
2022-10-14,,,,,,,,,
2022-10-17,,,,,,,,,
2022-10-18,,,,,,,,,
2022-10-19,,,,,,,,,
2022-10-20,,,,,,,,,
2022-10-21,,,,,,,,,
2022-10-24,,,,,,,,,
2022-10-25,,,,,,,,,
2022-10-27,,,,,,,,,
2022-10-28,,,,,,,,,
2022-10-31,,,,,,,,,
2022-11-01,,,,,,,,,
2022-11-02,,,,,,,,,
2022-11-03,,,,,,,,,
2022-11-04,,,,,,,,,
2022-11-07,,,,,,,,,
2022-11-09,,,,,,,,,
2022-11-10,,,,,,,,,
2022-11-11,,,,,,,,,
2022-11-14,,,,,,,,,
2022-11-15,,,,,,,,,
2022-11-16,,,,,,,,,
2022-11-17,,,,,,,,,
2022-11-18,,,,,,,,,
2022-11-21,,,,,,,,,
2022-11-22,,,,,,,,,
2022-11-23,,,,,,,,,
2022-11-24,,,,,,,,,
2022-11-25,,,,,,,,,
2022-11-28,,,,,,,,,
2022-11-29,,,,,,,,,
2022-11-30,,,,,,,,,
2022-12-01,,,,,,,,,
2022-12-02,,,,,,,,,
2022-12-05,,,,,,,,,
2022-12-06,,,,,,,,,
2022-12-07,,,,,,,,,
2022-12-08,,,,,,,,,
2022-12-09,,,,,,,,,
2022-12-12,,,,,,,,,
2022-12-13,,,,,,,,,
2022-12-14,,,,,,,,,
2022-12-15,,,,,,,,,
2022-12-16,,,,,,,,,
2022-12-19,,,,,,,,,
2022-12-20,,,,,,,,,
2022-12-21,,,,,,,,,
2022-12-22,,,,,,,,,
2022-12-23,,,,,,,,,
2022-12-26,,,,,,,,,
2022-12-27,,,,,,,,,
2022-12-28,,,,,,,,,
2022-12-29,,,,,,,,,
2022-12-30,,,,,,,,,
2023-01-02,,,,,,,,,
2023-01-03,,,,,,,,,
2023-01-04,,,,,,,,,
2023-01-05,,,,,,,,,
2023-01-06,,,,,,,,,
2023-01-09,,,,,,,,,
2023-01-10,,,,,,,,,
2023-01-11,,,,,,,,,
2023-01-12,,,,,,,,,
2023-01-13,,,,,,,,,
2023-01-16,,,,,,,,,
2023-01-17,,,,,,,,,
2023-01-18,,,,,,,,,
2023-01-19,,,,,,,,,
2023-01-20,,,,,,,,,
2023-01-23,,,,,,,,,
2023-01-24,,,,,,,,,
2023-01-25,,,,,,,,,
2023-01-27,,,,,,,,,
2023-01-30,,,,,,,,,
2023-01-31,,,,,,,,,
2023-02-01,,,,,,,,,
2023-02-02,,,,,,,,,
2023-02-03,,,,,,,,,
2023-02-06,,,,,,,,,
2023-02-07,,,,,,,,,
2023-02-08,,,,,,,,,
2023-02-09,,,,,,,,,
2023-02-10,,,,,,,,,
2023-02-13,,,,,,,,,
2023-02-14,,,,,,,,,
2023-02-15,,,,,,,,,
2023-02-16,,,,,,,,,
2023-02-17,,,,,,,,,
2023-02-20,,,,,,,,,
2023-02-21,,,,,,,,,
2023-02-22,,,,,,,,,
2023-02-23,,,,,,,,,
2023-02-24,,,,,,,,,
2023-02-27,,,,,,,,,
2023-02-28,,,,,,,,,
2023-03-01,,,,,,,,,
2023-03-02,,,,,,,,,
2023-03-03,,,,,,,,,
2023-03-06,,,,,,,,,
2023-03-08,,,,,,,,,
2023-03-09,,,,,,,,,
2023-03-10,,,,,,,,,
2023-03-13,,,,,,,,,
2023-03-14,,,,,,,,,
2023-03-15,,,,,,,,,
2023-03-16,,,,,,,,,
2023-03-17,,,,,,,,,
2023-03-20,,,,,,,,,
2023-03-21,,,,,,,,,
2023-03-22,,,,,,,,,
2023-03-23,,,,,,,,,
2023-03-24,,,,,,,,,
2023-03-27,,,,,,,,,
2023-03-28,,,,,,,,,
2023-03-29,,,,,,,,,
2023-03-31,,,,,,,,,
2023-04-03,,,,,,,,,
2023-04-05,,,,,,,,,
2023-04-06,,,,,,,,,
2023-04-10,,,,,,,,,
2023-04-11,,,,,,,,,
2023-04-12,,,,,,,,,
2023-04-13,,,,,,,,,
2023-04-17,,,,,,,,,
2023-04-18,,,,,,,,,
2023-04-19,,,,,,,,,
2023-04-20,,,,,,,,,
2023-04-21,,,,,,,,,
2023-04-24,,,,,,,,,
2023-04-25,,,,,,,,,
2023-04-26,,,,,,,,,
2023-04-27,,,,,,,,,
2023-04-28,,,,,,,,,
2023-05-02,,,,,,,,,
2023-05-03,,,,,,,,,
2023-05-04,,,,,,,,,
2023-05-05,,,,,,,,,
2023-05-08,,,,,,,,,
2023-05-09,,,,,,,,,
2023-05-10,,,,,,,,,
2023-05-11,,,,,,,,,
2023-05-12,,,,,,,,,
2023-05-15,,,,,,,,,
2023-05-16,,,,,,,,,
2023-05-17,,,,,,,,,
2023-05-18,,,,,,,,,
2023-05-19,,,,,,,,,
2023-05-22,,,,,,,,,
2023-05-23,,,,,,,,,
2023-05-24,,,,,,,,,
2023-05-25,,,,,,,,,
2023-05-26,,,,,,,,,
2023-05-29,,,,,,,,,
2023-05-30,,,,,,,,,
2023-05-31,,,,,,,,,
2023-06-01,,,,,,,,,
2023-06-02,,,,,,,,,
2023-06-05,,,,,,,,,
2023-06-06,,,,,,,,,
2023-06-07,,,,,,,,,
2023-06-08,,,,,,,,,
2023-06-09,,,,,,,,,
2023-06-12,,,,,,,,,
2023-06-13,,,,,,,,,
2023-06-14,,,,,,,,,
2023-06-15,,,,,,,,,
2023-06-16,,,,,,,,,
2023-06-19,,,,,,,,,
2023-06-20,,,,,,,,,
2023-06-21,,,,,,,,,
2023-06-22,,,,,,,,,
2023-06-23,,,,,,,,,
2023-06-26,,,,,,,,,
2023-06-27,,,,,,,,,
2023-06-28,,,,,,,,,
2023-06-30,,,,,,,,,
2023-07-03,,,,,,,,,
2023-07-04,,,,,,,,,
2023-07-05,,,,,,,,,
2023-07-06,,,,,,,,,
2023-07-07,,,,,,,,,
2023-07-10,,,,,,,,,
2023-07-11,,,,,,,,,
2023-07-12,,,,,,,,,
2023-07-13,,,,,,,,,
2023-07-14,,,,,,,,,
2023-07-17,,,,,,,,,
2023-07-18,,,,,,,,,
2023-07-19,,,,,,,,,
2023-07-20,,,,,,,,,
2023-07-21,,,,,,,,,
2023-07-24,,,,,,,,,
2023-07-25,,,,,,,,,
2023-07-26,,,,,,,,,
2023-07-27,,,,,,,,,
2023-07-28,,,,,,,,,
2023-07-31,,,,,,,,,
2023-08-01,,,,,,,,,
2023-08-02,,,,,,,,,
2023-08-03,,,,,,,,,
2023-08-04,,,,,,,,,
2023-08-07,,,,,,,,,
2023-08-08,,,,,,,,,
2023-08-09,,,,,,,,,
2023-08-10,,,,,,,,,
2023-08-11,,,,,,,,,
2023-08-14,,,,,,,,,
2023-08-16,,,,,,,,,
2023-08-17,,,,,,,,,
2023-08-18,,,,,,,,,
2023-08-21,,,,,,,,,
2023-08-22,,,,,,,,,
2023-08-23,201.0,208.6000061035156,199.0,207.0500030517578,24133600.0,,,,
2023-08-24,199.1000061035156,202.8999938964844,193.8000030517578,201.0500030517578,2675099.0,,,,
2023-08-25,197.0500030517578,198.3000030517578,195.5,198.0500030517578,946520.0,,,,
2023-08-28,197.3999938964844,198.9499969482422,195.1000061035156,198.9499969482422,601097.0,,,,
2023-08-29,200.0,201.8500061035156,197.3999938964844,197.4499969482422,1645512.0,,,,
2023-08-30,200.3000030517578,204.1000061035156,200.0,201.1000061035156,1396819.0,,,,
2023-08-31,200.1499938964844,203.0500030517578,199.5500030517578,201.8999938964844,531338.0,,,,
2023-09-01,200.1999969482422,202.0,196.6999969482422,201.8000030517578,540220.0,,,,
2023-09-04,200.0500030517578,202.9499969482422,199.3000030517578,202.3999938964844,786608.0,,,,
2023-09-05,200.0500030517578,202.6999969482422,199.8500061035156,202.0,633999.0,,,,
2023-09-06,201.0500030517578,203.6999969482422,199.75,200.0,557607.0,,,,
2023-09-07,221.3000030517578,232.9499969482422,200.8500061035156,202.0,7039853.0,,,,
2023-09-08,230.8999938964844,241.4499969482422,221.0,221.4499969482422,5421706.0,,,,
2023-09-11,245.3500061035156,258.0,242.0,253.0,6766049.0,,,,
2023-09-12,229.0500030517578,244.0,225.0,244.0,3008560.0,,,,
2023-09-13,221.3500061035156,232.8500061035156,217.9499969482422,230.8500061035156,2810594.0,,,,
2023-09-14,226.1499938964844,227.6999969482422,216.8000030517578,223.6000061035156,4628575.0,,,,
2023-09-15,222.3999938964844,229.5,221.0,227.5,1424989.0,,,,
2023-09-18,222.6499938964844,224.5,220.5500030517578,222.3999938964844,1172985.0,,,,
2023-09-20,214.6499938964844,222.75,213.0,221.0,1582128.0,211.50749969482425,,14.596604183972786,
2023-09-21,214.1499938964844,218.6499938964844,212.1000061035156,215.8999938964844,1253075.0,212.16499938964844,,14.393136758379818,
2023-09-22,213.4499969482422,217.8000030517578,211.3000030517578,214.9499969482422,463679.0,212.88249893188475,,14.061418634839034,
2023-09-25,210.4499969482422,215.3999938964844,209.5500030517578,214.8999938964844,714959.0,213.552498626709,,13.578267339168494,
2023-09-26,210.1000061035156,212.5,209.0,211.5,697093.0,214.1874992370605,,13.070596400044982,
2023-09-27,211.5,214.8999938964844,208.0500030517578,210.9499969482422,2146030.0,214.76249923706052,,12.660120420879256,
2023-09-28,217.0500030517578,221.3500061035156,213.6999969482422,213.6999969482422,4189468.0,215.59999923706056,,12.198651964231374,
2023-09-29,215.5500030517578,222.5,214.75,221.8000030517578,2490124.0,216.36999969482423,,11.645593035090592,
2023-10-03,214.1499938964844,215.3500061035156,213.5,215.0,462948.0,217.06749954223636,,11.02749249022511,
2023-10-04,214.25,215.1999969482422,210.8000030517578,213.0,940862.0,217.77749938964843,,10.30780834078812,
2023-10-05,211.5500030517578,216.75,210.5,216.6999969482422,1588150.0,218.35249938964844,,9.560534083425624,
2023-10-06,216.1999969482422,218.0,210.6999969482422,212.3999938964844,1255675.0,219.10999908447263,,8.676808771634892,
2023-10-09,210.9499969482422,215.0,210.0500030517578,215.0,1103443.0,218.59249877929688,,8.846309325304162,
2023-10-10,211.1000061035156,214.0,210.5,211.75,1036483.0,217.60249938964844,,8.497515486761442,
2023-10-11,228.25,230.8000030517578,211.3500061035156,212.0,5820082.0,216.74749908447265,,6.07311698987552,
2023-10-12,223.8500061035156,231.1499938964844,222.6999969482422,228.3999938964844,1868474.0,216.48749923706052,,5.612552909885316,
2023-10-13,226.6499938964844,228.6999969482422,222.0,223.4499969482422,1361962.0,216.75249862670896,,5.968082140613976,
2023-10-16,221.75,227.8000030517578,221.0,227.0,1183108.0,216.5324989318848,,5.677453977293057,
2023-10-17,223.1499938964844,229.5,221.8000030517578,223.6999969482422,1451931.0,216.56999893188475,,5.720562205846525,
2023-10-18,214.4499969482422,226.25,213.1000061035156,223.8000030517578,1803319.0,216.15999908447264,,5.553272525996515,
2023-10-19,215.75,216.9499969482422,212.1999969482422,213.8999938964844,1297434.0,216.21499938964843,,5.542967864173274,
2023-10-20,212.1499938964844,215.6999969482422,211.0,215.6999969482422,745206.0,216.11499938964843,,5.599931315812587,
2023-10-23,210.3000030517578,226.0,208.9499969482422,226.0,2713317.0,215.9574996948242,,5.721801360696679,
2023-10-25,208.8500061035156,214.1999969482422,207.1000061035156,213.5,1119342.0,215.87750015258788,,5.813310885264052,
2023-10-26,209.6999969482422,210.8999938964844,202.6499938964844,208.6000061035156,1323291.0,215.8574996948242,,5.834882371575291,
2023-10-27,210.4499969482422,214.0,209.3000030517578,211.0,2106636.0,215.80499954223632,,5.880697016312848,
2023-10-30,213.1999969482422,214.8999938964844,210.0500030517578,211.1999969482422,736861.0,215.61249923706052,,5.900777058471491,
2023-10-31,212.8999938964844,216.4499969482422,212.0,213.75,508171.0,215.4799987792969,,5.931924689895352,
2023-11-01,211.8000030517578,214.8500061035156,210.9499969482422,213.4499969482422,400151.0,215.36249923706052,,5.982712871366605,
2023-11-02,212.8500061035156,214.3999938964844,212.1999969482422,213.3000030517578,324175.0,215.29249954223636,,6.004564845845191,
2023-11-03,213.8500061035156,216.1999969482422,213.3500061035156,214.3000030517578,306545.0,215.40749969482425,213.40999969482425,5.950900804915085,10.020035683562654
2023-11-06,218.5,219.6000061035156,214.6000061035156,215.3000030517578,1182397.0,215.5224998474121,213.75999969482424,5.9891225653274445,9.882399992085215
2023-11-07,219.1499938964844,223.8999938964844,210.1499938964844,211.0,2730848.0,215.93249969482423,214.1609994506836,5.940100680359548,9.680114516696426
2023-11-08,214.8500061035156,220.1999969482422,214.1999969482422,220.0,784662.0,216.11999969482423,214.51699951171875,5.837838455548497,9.360008248287215
2023-11-09,212.3500061035156,215.8000030517578,212.0,214.6999969482422,489216.0,215.325,214.81599975585937,5.139948048109709,9.0352053926618
2023-11-10,211.8500061035156,213.6499938964844,211.0,212.8000030517578,426776.0,214.725,215.0529998779297,4.780234008386131,8.79074966571565
2023-11-13,213.3500061035156,215.0,212.0,213.9499969482422,594740.0,214.06000061035155,215.31399993896488,3.873002040735057,8.533762389412184
2023-11-15,211.8999938964844,215.0,211.6000061035156,215.0,816528.0,213.56750030517577,215.54899993896484,3.446441022595968,8.265217299549768
2023-11-16,212.3000030517578,215.75,211.0,212.8500061035156,1164984.0,213.02500076293944,215.7910000610352,2.611486867424025,7.978814957838354
2023-11-17,211.8999938964844,214.6000061035156,211.4499969482422,213.3000030517578,844728.0,212.8975006103516,216.0279998779297,2.6004788026649006,7.671794903338875
2023-11-20,209.9499969482422,214.3000030517578,209.1999969482422,212.6000061035156,836895.0,212.60750045776368,216.22599975585936,2.589008480798293,7.372938597218063
2023-11-21,212.5500030517578,215.5,210.6000061035156,210.6000061035156,1822758.0,212.62750091552732,216.45599975585935,2.586832310915508,7.062704618910073
2023-11-22,209.5,213.75,208.3000030517578,213.6999969482422,727097.0,212.58750076293944,216.21999969482425,2.6305326868762613,7.094615367459052
2023-11-23,211.3500061035156,212.4499969482422,209.1499938964844,210.6499938964844,793071.0,212.71250076293944,215.82899993896484,2.49973018355187,6.8017335136752894
2023-11-24,210.0,211.6499938964844,209.5,211.6499938964844,387446.0,212.72750091552732,215.12199981689452,2.4815354954084943,5.353637591227988
2023-11-28,207.3500061035156,211.5,206.5,210.75,712514.0,212.572501373291,214.68799987792968,2.7169282079391883,5.073756311411126
2023-11-29,208.9499969482422,211.0,207.5500030517578,209.1000061035156,558957.0,212.36000137329103,214.43999969482425,2.8291522020761337,5.044443899291712
2023-11-30,207.8500061035156,210.5,207.3000030517578,209.5,880677.0,212.10750198364255,214.07399993896485,2.998695225388323,4.83710268877948
2023-12-01,206.3000030517578,210.0,205.8999938964844,209.6000061035156,950073.0,211.83250198364257,213.7520001220703,3.2684398039697324,4.80732692660908
2023-12-04,208.6999969482422,210.25,207.4499969482422,209.1999969482422,737637.0,211.6250015258789,213.47300018310543,3.331566887996572,4.683591878531084
2023-12-05,208.8999938964844,209.75,207.3500061035156,208.6999969482422,472230.0,211.37750091552732,213.35800018310547,3.341425088522737,4.724515812884561
2023-12-06,207.6999969482422,209.8000030517578,206.6000061035156,209.0500030517578,651507.0,210.83750076293944,213.22900024414065,2.983281042102192,4.790051618729713
2023-12-07,207.8999938964844,210.25,207.0,207.0,698808.0,210.27500076293944,213.1180001831055,2.3204199851524177,4.848771250675127
2023-12-08,206.6000061035156,209.8999938964844,206.0,208.3999938964844,691754.0,209.86250076293945,213.0410003662109,2.194183892438484,4.922020711624871
2023-12-11,207.3500061035156,208.6000061035156,206.3500061035156,207.0,366309.0,209.61250076293945,212.98600036621093,2.1806488980785383,4.970678976415494
2023-12-12,203.8999938964844,208.8999938964844,202.8999938964844,208.0,733128.0,209.2150001525879,212.8340002441406,2.4582357019739054,5.130673941223679
2023-12-13,204.25,206.6999969482422,201.8500061035156,204.0,1274765.0,208.7599998474121,212.57800018310547,2.494498993148008,5.234306999374813
2023-12-14,209.6000061035156,211.0,203.5,205.5,3822787.0,208.64500045776367,212.4590002441406,2.3930769666643057,5.2329960139808165
2023-12-15,206.3000030517578,211.0,206.0,211.0,1186798.0,208.3450004577637,212.3020004272461,2.2843805894455387,5.298574041121112
2023-12-18,205.6499938964844,208.25,205.25,208.0,514089.0,208.0325004577637,212.13000030517577,2.198342149118956,5.373109051418092
2023-12-19,203.8000030517578,207.3000030517578,203.4499969482422,206.3000030517578,756087.0,207.72500076293943,211.97500030517577,2.341474750549712,5.500456289924443
2023-12-20,199.9499969482422,204.9499969482422,198.6499938964844,204.8999938964844,928412.0,207.0950004577637,211.65000030517575,2.649722981377856,5.721361350722363
2023-12-21,198.6499938964844,200.5,197.5,198.0,823092.0,206.5525001525879,211.40400024414063,3.1875381284190043,6.009260150047128
2023-12-22,199.0,202.6000061035156,198.5,199.4499969482422,1107867.0,205.9349998474121,211.1620001220703,3.398495408189232,6.260155466318319
2023-12-26,201.5,203.75,199.0,199.0,1377882.0,205.5099998474121,210.6270001220703,3.3948734350192464,5.902837493384605
2023-12-27,199.3999938964844,204.0,199.0,204.0,758860.0,205.11249923706052,210.1379998779297,3.6256728025325686,5.7968547996755895
2023-12-28,198.8999938964844,201.4499969482422,198.3500061035156,201.4499969482422,321738.0,204.60999908447263,209.5829998779297,3.7597821045893007,5.5047629373557525
2023-12-29,198.1999969482422,200.1499938964844,198.0,199.1000061035156,457182.0,204.12749862670896,209.11199981689447,3.9371216849101,5.449701631375556
2024-01-01,198.8999938964844,200.1999969482422,198.1999969482422,198.1999969482422,453389.0,203.7574981689453,208.6269998168945,4.067759240448021,5.25030938411961
2024-01-02,198.8999938964844,200.0,196.3000030517578,198.8999938964844,802992.0,203.26749801635745,208.31599975585937,4.0311399074132686,5.357796111609978
2024-01-03,199.1499938964844,200.1000061035156,198.3500061035156,199.0,596881.0,202.7799980163574,207.98399963378907,3.9016015297849327,5.401876241011547
2024-01-04,199.5500030517578,200.8999938964844,199.25,200.0,439330.0,202.3724983215332,207.73199981689453,3.784544423692501,5.4966310164151
2024-01-05,198.75,200.5,198.0,200.0,606840.0,201.91499862670895,207.50099975585937,3.631122203992789,5.6276436920099
2024-01-08,196.8999938964844,199.0,196.5,198.75,404930.0,201.42999801635744,207.2619995117188,3.6202092574868288,5.819660123949741
2024-01-09,195.4499969482422,198.6499938964844,195.1000061035156,198.0,537936.0,200.83499755859376,206.9769995117188,3.5736299724490315,6.042489142822611
2024-01-10,197.25,199.0,194.5500030517578,195.5,667095.0,200.50249786376952,206.71299957275392,3.582800113571947,6.174569450302
2024-01-11,199.8999938964844,203.9499969482422,197.3999938964844,197.5500030517578,1136200.0,200.28499755859372,206.4469995117188,3.473704132000909,6.175888264138878
2024-01-12,198.3500061035156,202.5,197.9499969482422,202.5,618636.0,199.72249755859372,206.15599975585937,2.713634873202768,6.20832936141808
2024-01-15,197.8000030517578,200.0,197.5,200.0,346015.0,199.29749755859376,205.87599975585937,2.256363829522756,6.264040925738948
2024-01-16,197.0,199.1499938964844,196.0,199.1499938964844,307968.0,198.86499786376956,205.55899963378903,1.7459056235535697,6.3048319346849375
2024-01-17,194.8000030517578,197.0,194.1000061035156,196.0,384794.0,198.41499786376957,205.17799957275392,1.5565726367648285,6.368852053280524
2024-01-18,,,,,,,,,
2024-01-19,194.9499969482422,196.3500061035156,194.5,195.1000061035156,227874.0,,,,
2024-01-23,187.25,195.1000061035156,185.8500061035156,195.0,772350.0,,,,
2024-01-24,195.3999938964844,200.9499969482422,187.25,190.0,1807692.0,,,,
2024-01-25,195.1999969482422,197.9499969482422,193.75,197.9499969482422,386360.0,,,,
2024-01-29,194.1999969482422,196.4499969482422,193.5,195.9499969482422,269237.0,,,,
2024-01-30,194.0500030517578,195.0,193.5500030517578,194.1999969482422,186261.0,,,,
2024-01-31,193.25,194.1499938964844,193.0,193.8999938964844,277538.0,,,,
2024-02-01,193.5500030517578,195.8000030517578,193.0,195.0,415588.0,,,,
2024-02-02,192.9499969482422,194.5500030517578,192.3500061035156,194.0,349523.0,,,,
2024-02-05,191.4499969482422,195.3500061035156,190.8000030517578,194.3500061035156,457794.0,,,,
2024-02-06,188.75,192.8999938964844,186.75,189.4499969482422,669824.0,,,,
2024-02-07,191.0,193.3000030517578,188.8000030517578,189.0,513968.0,,,,
2024-02-08,187.6999969482422,192.4499969482422,187.3000030517578,192.0,383710.0,,,,
2024-02-09,185.3000030517578,189.8999938964844,184.1000061035156,189.0,459658.0,,,,
2024-02-12,183.1999969482422,186.3500061035156,181.3000030517578,186.3000030517578,327648.0,,,,
2024-02-13,181.1000061035156,184.8000030517578,179.35000610351562,183.9499969482422,273599.0,,,,
2024-02-14,179.3000030517578,181.0,178.6999969482422,180.0,404086.0,,,,
2024-02-15,183.6000061035156,187.0,179.39999389648438,179.39999389648438,654013.0,,,,
2024-02-16,182.3000030517578,186.8999938964844,181.9499969482422,184.6000061035156,251268.0,,,,
2024-02-19,190.0500030517578,193.3000030517578,182.1000061035156,183.9499969482422,696722.0,189.22750015258788,,5.203627145060537,
2024-02-20,200.4499969482422,205.0,186.6499938964844,189.3999938964844,7316250.0,189.50250015258788,,5.648297081904674,
2024-02-21,190.0500030517578,198.0,189.3500061035156,198.0,1861173.0,189.6425003051758,,5.62417685306412,
2024-02-22,187.6999969482422,194.3999938964844,186.6499938964844,192.0,1175314.0,189.25750045776368,,5.4707645448756175,
2024-02-23,187.3999938964844,191.0,187.0,189.9499969482422,827193.0,188.86750030517575,,5.300204033358523,
2024-02-26,188.1999969482422,190.1999969482422,187.0,188.3999938964844,404851.0,188.56750030517577,,5.15017185912824,
2024-02-27,185.6499938964844,189.1000061035156,185.0,188.1999969482422,498524.0,188.1474998474121,,5.02041690961499,
2024-02-28,180.3999938964844,187.6999969482422,180.0,186.0,607814.0,187.50499954223636,,5.153533998448346,
2024-02-29,180.4499969482422,182.0,178.89999389648438,181.3000030517578,357172.0,186.84999923706056,,5.177226584133061,
2024-03-01,179.75,183.0,178.6999969482422,181.25,442401.0,186.18999938964845,,5.1999891097243625,
2024-03-04,179.89999389648438,184.3999938964844,179.4499969482422,184.1000061035156,582946.0,185.61249923706052,,5.226371964659663,
2024-03-05,178.3000030517578,180.5,178.0,180.0,429685.0,185.08999938964843,,5.4151487414977,
2024-03-06,172.64999389648438,178.5,172.10000610351562,178.3000030517578,647684.0,184.17249908447263,,5.8944325882631015,
2024-03-07,172.9499969482422,176.10000610351562,172.0,172.8000030517578,657461.0,183.43499908447265,,6.336052079932752,
2024-03-11,167.85000610351562,174.35000610351562,167.39999389648438,172.9499969482422,697510.0,182.5624992370605,,7.207285093557812,
2024-03-12,164.4499969482422,168.25,162.25,168.0500030517578,803082.0,181.6249992370605,,8.26225539746956,
2024-03-13,149.89999389648438,166.39999389648438,145.0,165.3000030517578,1870771.0,180.06499862670898,,10.893167169789605,
2024-03-14,154.6999969482422,158.9499969482422,149.10000610351562,149.8000030517578,2643581.0,178.8349983215332,,12.284137837267895,
2024-03-15,150.6999969482422,159.6999969482422,148.9499969482422,156.8000030517578,2090927.0,177.18999786376952,,13.730207340571951,
2024-03-18,148.39999389648438,156.8000030517578,146.8000030517578,153.0,2221005.0,175.4949974060059,,15.091205042508196,
2024-03-19,155.1999969482422,156.89999389648438,148.25,148.60000610351562,2356255.0,173.75249710083008,,15.332211758989594,
2024-03-20,158.25,160.39999389648438,151.35000610351562,152.3000030517578,2995327.0,171.64249725341796,,14.33616435923422,
2024-03-21,163.60000610351562,164.60000610351562,158.39999389648438,158.39999389648438,1947667.0,170.31999740600585,,13.757011302216265,
2024-03-22,161.0,166.6999969482422,159.3000030517578,163.5,1046705.0,168.98499755859376,,13.2684931820595,
2024-03-26,155.64999389648438,162.5,155.10000610351562,161.10000610351562,1013851.0,167.39749755859376,,12.841774804927155,
2024-03-27,153.85000610351562,157.89999389648438,152.5,155.5,1844912.0,165.67999801635742,,12.193844160900522,
2024-03-28,154.39999389648438,159.5,153.25,155.0,2369012.0,164.11749801635742,,11.48160200054233,
2024-04-01,162.89999389648438,164.5,157.0500030517578,157.35000610351562,963179.0,163.24249801635742,,10.82338270323696,
2024-04-02,172.4499969482422,173.85000610351562,162.9499969482422,163.39999389648438,2299376.0,162.8424980163574,,10.288590171855668,
2024-04-03,170.4499969482422,172.4499969482422,169.3000030517578,172.4499969482422,724003.0,162.37749786376952,,9.676157840680007,
2024-04-04,170.64999389648438,172.0,169.10000610351562,172.0,641792.0,161.91499786376954,177.65599853515624,8.991372411466937,14.813771867311605
2024-04-05,175.9499969482422,177.39999389648438,169.10000610351562,170.0,1079978.0,161.79749755859376,177.27599853515625,8.778824573185373,14.603292940225264
2024-04-08,171.25,182.8999938964844,169.0,178.0,1959891.0,161.72749786376954,176.95599853515623,8.692896626265595,14.555498311234116
2024-04-09,171.8000030517578,174.4499969482422,169.89999389648438,171.60000610351562,460573.0,161.6699981689453,176.48399871826172,8.618240552232711,14.326034639779063
2024-04-10,172.0,173.3000030517578,170.5,172.1999969482422,348741.0,161.87749786376952,176.01999877929688,8.822407629970934,14.081092413341496
2024-04-12,174.64999389648438,177.9499969482422,171.60000610351562,171.85000610351562,1101544.0,162.38749771118165,175.62899871826173,9.262770865069744,13.83525631048926
2024-04-15,167.75,172.0,166.8000030517578,171.9499969482422,2521159.0,163.2799980163574,175.10299865722655,8.846846304750391,13.61887417700602
2024-04-16,163.5500030517578,169.25,162.89999389648438,167.0,660940.0,163.7224983215332,174.50899871826172,8.613353938251642,13.457968743202532
2024-04-18,161.8000030517578,166.89999389648438,160.9499969482422,164.9499969482422,1189499.0,164.277498626709,173.87399871826173,8.070600951068421,13.289190548882432
2024-04-19,180.6000061035156,189.6499938964844,158.89999389648438,159.60000610351562,16085730.0,165.88749923706055,173.6269989013672,7.947341326645021,13.03983043286816
2024-04-22,178.4499969482422,194.3000030517578,177.5500030517578,182.0,16047270.0,167.04999923706055,173.3669989013672,8.002006220980958,12.804689637530869
2024-04-23,176.64999389648438,183.3999938964844,175.35000610351562,180.6999969482422,3349721.0,167.96999893188476,173.12499877929687,7.994741330106362,12.621052132266747
2024-04-24,179.60000610351562,180.3999938964844,176.75,177.6999969482422,2262758.0,168.76999893188477,172.8969989013672,8.328019032990195,12.392449761386649
2024-04-25,183.6999969482422,187.1999969482422,178.35000610351562,178.64999389648438,2761354.0,169.90499877929688,172.8169989013672,8.749525050440786,12.307558453277355
2024-04-26,182.5500030517578,186.0,179.39999389648438,183.6999969482422,2050918.0,171.24999923706054,172.76199890136718,8.507086914886967,12.25667538746761
2024-04-29,181.25,184.1999969482422,180.8500061035156,183.8999938964844,736691.0,172.61999893188477,172.72299896240236,7.728083777967447,12.225848157878724
2024-04-30,178.35000610351562,182.1499938964844,177.8000030517578,182.0,576841.0,173.81749954223633,172.66799896240235,6.51688714505979,12.193536684151525
2024-05-02,177.4499969482422,181.6000061035156,177.25,178.9499969482422,831292.0,174.5449996948242,172.63099884033204,6.027762618901808,12.175795731079225
2024-05-03,175.0500030517578,179.89999389648438,173.9499969482422,178.1999969482422,594494.0,174.675,172.45999877929688,6.008207158380074,12.078248701065563
2024-05-06,171.39999389648438,175.75,169.64999389648438,175.75,671832.0,174.7224998474121,172.2419985961914,5.976719754191873,11.995102924954752
2024-05-07,165.25,171.9499969482422,163.9499969482422,171.85000610351562,995577.0,174.4525001525879,171.74599853515625,6.284430859452663,11.754030514526836
2024-05-08,167.64999389648438,168.89999389648438,164.14999389648438,166.0,419925.0,174.0375,171.0899984741211,6.452149562236694,11.011168132607178
2024-05-09,166.1999969482422,174.0,165.0500030517578,172.0,1359072.0,173.7849998474121,170.6129983520508,6.662367276415255,10.684815894337987
2024-05-10,167.8000030517578,172.1999969482422,164.5,169.1999969482422,462681.0,173.58499984741212,170.2149984741211,6.784019888704253,10.402243155352297
2024-05-13,168.75,170.89999389648438,165.0,168.4499969482422,688662.0,173.4224998474121,169.84199859619142,6.862454928102554,10.103537648690049
2024-05-14,172.0500030517578,173.25,168.75,168.75,401977.0,173.2925003051758,169.5189987182617,6.86260451308962,9.756876080886665
2024-05-15,170.3000030517578,173.1999969482422,169.0500030517578,172.5,451171.0,173.42000045776368,169.2119989013672,6.777369765232728,9.476419101074825
2024-05-16,168.75,171.4499969482422,167.75,170.6999969482422,324668.0,173.68000030517578,168.9789990234375,6.471647210909523,9.33793141647408
2024-05-17,175.3000030517578,178.35000610351562,169.85000610351562,170.0,1871673.0,174.3550003051758,168.87599914550782,5.840600676501746,9.236674951244463
2024-05-21,174.1999969482422,176.8000030517578,173.5,176.3000030517578,362785.0,174.0349998474121,168.76499908447266,5.652738655054893,9.136132628570763
2024-05-22,172.5,174.8000030517578,171.5,174.39999389648438,408679.0,173.7375,168.61699920654297,5.5640270047951175,9.011154057686957
2024-05-23,175.14999389648438,177.8000030517578,170.64999389648438,172.9499969482422,778614.0,173.6625,168.5539990234375,5.532723475174745,8.952898265327413
2024-05-24,178.1999969482422,183.8999938964844,174.60000610351562,176.0,2251469.0,173.59249954223634,168.66499908447267,5.462053067572205,9.038711565446688
2024-05-27,178.1999969482422,181.8999938964844,175.35000610351562,176.6999969482422,1126333.0,173.31749954223633,168.76999908447266,5.049239020728296,9.119636538332562
2024-05-28,177.0,183.0,176.0500030517578,180.0,2896909.0,173.03999938964844,168.95299896240235,4.652011681179824,9.192313602747616
2024-05-29,174.0,178.4499969482422,173.1999969482422,176.89999389648438,427371.0,172.67749938964843,169.1439990234375,4.243089782251781,9.196055033035092
2024-05-30,170.9499969482422,174.3000030517578,170.0,174.3000030517578,418587.0,172.30749893188477,169.56499908447265,4.040201484006706,8.768998992238968
2024-05-31,170.8000030517578,173.0,170.0,170.1999969482422,412896.0,171.97499923706056,169.88699920654298,3.86453149359814,8.503594156478805
2024-06-03,172.5500030517578,177.39999389648438,171.75,175.0,579557.0,171.84999923706056,170.32399932861327,3.799722639197284,8.046607402504586
2024-06-04,160.4499969482422,172.5,152.0,172.0,1154496.0,171.30249938964843,170.56499938964845,4.5773031377480775,7.541147670411446
2024-06-05,165.39999389648438,166.6999969482422,157.5,163.89999389648438,699618.0,171.30999908447265,170.7689993286133,4.566975698647028,7.249334500245112
2024-06-06,169.60000610351562,171.0,166.35000610351562,167.89999389648438,622272.0,171.40749969482422,170.9959994506836,4.505122138931129,7.023509257654065
2024-06-07,169.85000610351562,171.75,169.10000610351562,170.0,496437.0,171.5900001525879,171.1209994506836,4.354477171690435,6.94436457104794
2024-06-10,168.8800048828125,170.8000030517578,168.5500030517578,170.5,497334.0,171.6440002441406,171.27859954833986,4.311487919237212,6.797855758445787
2024-06-11,169.3000030517578,170.25,167.5,168.89999389648438,849696.0,171.6715003967285,171.55159973144532,4.293775137726495,6.421053345457585
2024-06-12,176.8000030517578,182.75999450683597,175.0,176.99000549316406,9372540.0,171.90900039672852,172.01059967041016,4.444533863170901,5.931465129327901
2024-06-13,174.9199981689453,179.5,174.22999572753906,179.0,1810090.0,172.1400001525879,172.42099975585938,4.476451610140231,5.371583209842867
2024-06-14,174.7100067138672,178.0,174.14999389648438,175.0500030517578,1638703.0,172.43800048828126,172.65720001220703,4.437107343811542,5.201337887265444
2024-06-18,174.67999267578125,176.60000610351562,174.10000610351562,176.0,1271406.0,172.40699996948243,172.7017999267578,4.41818466937776,5.2090799346025
2024-06-19,174.2899932861328,176.0,172.19000244140625,175.35000610351562,1086843.0,172.41149978637696,172.77859985351563,4.420152297801486,5.203507460228545
2024-06-20,188.1000061035156,188.5,175.14999389648438,176.0,10786910.0,173.19150009155274,173.12760009765626,5.643676335571189,5.625874031289194
2024-06-21,182.8999938964844,190.4499969482422,182.5,190.0,2626607.0,173.57900009155273,173.2666000366211,6.037543060800911,5.780756570084778
2024-06-24,181.4900054931641,184.0,179.6999969482422,181.8000030517578,1033588.0,173.74350051879884,173.47140014648437,6.212363668791058,5.888246242756279
2024-06-25,182.16000366210935,190.0,181.6000061035156,182.8000030517578,3546560.0,173.94150085449218,173.6786001586914,6.421464281241748,6.009265664502524
2024-06-26,183.67999267578125,186.75,181.6000061035156,182.66000366210935,1344439.0,174.27550048828124,173.91220001220702,6.754030210539896,6.16761477183134
2024-06-27,182.88999938964844,185.33999633789065,177.91000366210938,183.67999267578125,1569567.0,174.72000045776366,174.0770001220703,7.022159077025732,6.296472473304945
2024-06-28,181.47000122070312,184.3500061035156,180.6000061035156,183.8000030517578,676035.0,175.24600067138672,174.35140014648437,7.118248244370878,6.314048930235578
2024-07-01,181.55999755859372,183.0,180.8999938964844,181.6000061035156,692879.0,175.78400039672852,174.7116000366211,7.170959309933989,6.197925887740419
2024-07-02,182.05999755859372,184.8999938964844,181.1199951171875,183.5800018310547,793893.0,176.2595001220703,175.1167999267578,7.259976413048212,5.995542973963109
2024-07-03,185.5200042724609,190.6999969482422,182.3000030517578,182.8800048828125,3845255.0,177.51300048828125,175.21519989013672,6.512454367944442,6.1263186420978295
2024-07-04,189.2400054931641,190.3500061035156,183.6999969482422,187.3999938964844,3074046.0,178.70500106811522,175.43100006103515,6.358622765653104,6.425332516812577
2024-07-05,192.22000122070312,197.1000061035156,188.6999969482422,190.0,8674456.0,179.83600082397462,175.74240020751952,6.6585152166061805,6.848947648996124
2024-07-08,190.72000122070312,193.3800048828125,188.42999267578125,191.8999938964844,2713429.0,180.879500579834,175.9648001098633,6.64650367991412,7.150667778248172
2024-07-09,188.00999450683597,191.1199951171875,186.2100067138672,190.8999938964844,1270607.0,181.83600006103515,176.05100006103515,6.189560113970096,7.270786318004863
2024-07-10,184.30999755859372,188.77999877929688,181.6000061035156,188.3999938964844,1175004.0,182.58649978637692,176.08619995117186,5.456077632623598,7.307061720817837
2024-07-11,188.69000244140625,190.30999755859372,183.8999938964844,184.8000030517578,1993608.0,183.18099975585935,176.235,5.440140649579777,7.487879092842308
2024-07-12,187.57000732421875,189.3000030517578,185.6000061035156,188.8000030517578,1251915.0,183.81350021362303,176.41940002441407,5.15713904312158,7.652740344070183
2024-07-15,190.1999969482422,191.8999938964844,185.8000030517578,187.6000061035156,1730809.0,184.5879997253418,176.67440002441407,4.873355786745136,7.896329262762268
2024-07-16,194.8800048828125,198.3000030517578,191.0,192.0,6038913.0,185.59800033569337,177.07100006103516,4.804587049832239,8.300712507842514
2024-07-18,190.97999572753903,196.8800048828125,190.4199981689453,195.3999938964844,1594371.0,186.43250045776367,177.46260009765626,4.140710081229578,8.487472038790376
2024-07-19,188.9199981689453,190.8000030517578,185.5800018310547,190.8000030517578,1605816.0,186.4735000610352,177.93600006103514,4.162094424649559,8.452437025709335
2024-07-22,187.72000122070312,189.0,184.07000732421875,186.1999969482422,617276.0,186.7145004272461,178.33740020751952,4.083082976695141,8.43051980386041
2024-07-23,184.0500030517578,190.0,180.6000061035156,188.3999938964844,1113519.0,186.84250030517575,178.69440032958985,3.948592586504119,8.282701869904948
2024-07-24,187.8699951171875,193.17999267578125,184.1499938964844,184.5,1505444.0,187.12799987792968,179.09580017089843,3.795676595433011,8.23011136266244
2024-07-25,192.2899932861328,195.25,186.0,186.8500061035156,2893593.0,187.5584999084473,179.56660003662108,3.8715349348260615,8.299213688051536
2024-07-26,193.1499938964844,195.5,192.6000061035156,193.75,1342164.0,188.07149963378907,179.98859985351564,3.9000229813102263,8.444386627721352
2024-07-29,194.82000732421875,197.3500061035156,190.5,192.3999938964844,2855165.0,188.73899993896484,180.47899993896485,3.8528516263714447,8.581128722897736
2024-07-30,196.9199981689453,201.3000030517578,194.00999450683597,196.0,4353224.0,189.5069999694824,181.04239990234376,3.87732289198766,8.718990234880696
2024-07-31,195.2400054931641,201.0,194.0,199.97999572753903,4085110.0,190.1660003662109,181.44119995117188,3.6588961546153143,8.905012981756009
2024-08-01,192.16000366210935,196.6999969482422,190.33999633789065,196.0,1507011.0,190.49800033569332,181.8004000854492,3.513501703437479,8.968960135045387
2024-08-02,188.7100067138672,191.97999572753903,188.0,189.0,861471.0,190.4715003967285,182.12460021972657,3.5254676092508506,8.918748865485583
2024-08-05,179.75,185.8999938964844,179.02000427246094,185.8999938964844,1237588.0,189.84800033569337,182.2166003417969,4.231882650080864,8.8689211739195
2024-08-06,177.44000244140625,184.6499938964844,176.35000610351562,181.0,1352292.0,189.1840003967285,182.20140045166016,5.05052312214613,8.876593400530314
2024-08-07,184.27999877929688,185.6000061035156,178.5,180.0,725146.0,188.99750061035155,182.32300048828125,5.163756236690382,8.862292998168293
2024-08-08,189.91000366210935,190.5200042724609,187.0,187.3999938964844,2482509.0,189.27750091552736,182.58120056152345,5.0467037940280015,8.892058531156424
2024-08-09,189.6699981689453,191.9499969482422,187.1499938964844,191.5,1024207.0,189.3265007019043,182.89460052490236,5.045456760732592,8.859526882774595
2024-08-12,190.02999877929688,194.0,186.3699951171875,189.3999938964844,2301450.0,189.4495002746582,183.27620056152344,5.030345322587659,8.744711564526574
2024-08-13,186.0,192.9900054931641,185.0,190.4499969482422,1043930.0,189.2395004272461,183.58020050048827,5.084739373306712,8.564487448982675
2024-08-14,187.8000030517578,189.0,184.1999969482422,186.8500061035156,850625.0,188.88550033569337,183.88520050048828,4.915000970600326,8.434213663236367
2024-08-16,189.38999938964844,193.3000030517578,186.1100006103516,188.7400054931641,957432.0,188.80600051879884,184.4640005493164,4.8921454781608,7.759136308167909
2024-08-19,191.50999450683597,193.6000061035156,189.69000244140625,190.3800048828125,1187224.0,188.93550033569332,184.98620056152345,4.929459478118757,7.315876856425142
2024-08-20,189.72999572753903,192.38999938964844,189.0500030517578,192.0500030517578,724876.0,189.0360000610352,185.3888003540039,4.923860408444667,6.998899239651161
2024-08-21,191.63999938964844,193.5,189.30999755859372,190.25,740835.0,189.41549987792968,185.82460021972656,4.81053596544286,6.682862982115464
2024-08-22,195.33999633789065,198.0800018310547,191.69000244140625,193.1000061035156,2547456.0,189.78899993896485,186.35380004882813,4.971523628830156,6.353197898674648
2024-08-23,195.41000366210935,198.0,193.5,195.3500061035156,1757023.0,189.94500045776368,186.87600006103517,5.101387265110661,5.985256107041404
2024-08-26,197.6000061035156,200.25,194.83999633789065,195.3000030517578,3035110.0,190.16750106811523,187.2920001220703,5.339997469968585,5.99347779862184
2024-08-27,,,,,,,,,
2024-08-28,195.1199951171875,202.6199951171875,193.9499969482422,195.9499969482422,3140182.0,,,,
2024-08-29,192.30999755859372,196.3000030517578,189.8000030517578,196.2899932861328,1089797.0,,,,
2024-08-30,192.42999267578125,195.42999267578125,190.9199981689453,193.0,2738478.0,,,,
2024-09-02,196.1699981689453,199.5,192.7100067138672,193.1999969482422,1843386.0,,,,
2024-09-03,197.25,198.7700042724609,195.97999572753903,196.05999755859372,1319197.0,,,,
2024-09-04,196.0800018310547,199.7400054931641,194.0,195.25,1845557.0,,,,
2024-09-05,206.91000366210935,209.6000061035156,197.22999572753903,197.8999938964844,15771520.0,,,,
2024-09-06,201.3699951171875,210.6699981689453,200.1000061035156,208.8999938964844,5704230.0,,,,
2024-09-09,203.94000244140625,206.75,200.6199951171875,201.3000030517578,4359054.0,,,,
2024-09-10,215.63999938964844,217.1999969482422,205.55999755859372,205.8999938964844,8772945.0,,,,
2024-09-11,209.8600006103516,217.5800018310547,208.0,215.0,4301846.0,,,,
2024-09-12,206.97000122070312,212.6000061035156,206.25,211.91000366210935,1789638.0,,,,
2024-09-13,206.8000030517578,211.00999450683597,206.0399932861328,207.5,1578142.0,,,,
2024-09-16,205.02999877929688,210.25,204.1499938964844,208.0500030517578,1535227.0,,,,
2024-09-17,205.0800018310547,207.5,202.67999267578125,206.3999938964844,1451770.0,,,,
2024-09-18,203.16000366210935,207.0,201.8800048828125,205.6999969482422,1178090.0,,,,
2024-09-19,196.3600006103516,204.82000732421875,193.1699981689453,204.5,1793833.0,,,,
2024-09-20,202.88999938964844,205.0,191.75,197.19000244140625,7093920.0,,,,
2024-09-23,208.67999267578125,209.8000030517578,203.00999450683597,205.0,2478741.0,,,,
2024-09-24,204.1300048828125,213.0,203.1100006103516,208.67999267578125,1671721.0,202.30899963378903,,6.274914351281544,
2024-09-25,203.1300048828125,206.63999938964844,201.3500061035156,203.25999450683597,1176053.0,202.70950012207032,,6.043268125336261,
2024-09-26,200.13999938964844,203.3999938964844,198.8500061035156,203.1499938964844,699351.0,203.10100021362305,,5.569125118250507,
2024-09-27,197.91000366210935,202.55999755859372,196.9900054931641,200.5,830158.0,203.37500076293944,,5.134314151791705,
2024-09-30,203.6999969482422,204.5500030517578,197.0,197.0,1113939.0,203.7515007019043,,4.846164899537475,
2024-10-01,205.5200042724609,207.0,201.33999633789065,203.0,1056182.0,204.16500091552732,,4.609255079702807,
2024-10-03,199.17999267578125,205.0,198.3699951171875,201.0,924240.0,204.32000045776368,,4.3689214325861405,
2024-10-04,196.67999267578125,201.77999877929688,195.0,198.9499969482422,846781.0,203.8084999084473,,4.640161982592909,
2024-10-07,186.75,198.97000122070312,183.00999450683597,197.07000732421875,1477637.0,203.0775001525879,,5.997586628309576,
2024-10-08,192.80999755859372,193.3500061035156,185.5,185.5500030517578,572307.0,202.5209999084473,,6.415169976836424,
2024-10-09,193.00999450683597,195.42999267578125,192.4499969482422,192.9900054931641,502801.0,201.38949966430664,,5.958977884425094,
2024-10-10,192.7700042724609,197.0,192.1100006103516,193.8800048828125,419328.0,200.5349998474121,,5.90549185484835,
2024-10-11,191.25999450683597,193.5500030517578,190.0,192.0,270801.0,199.74949951171877,,6.04760984866572,
2024-10-14,191.55999755859372,194.6999969482422,190.3699951171875,191.2700042724609,382623.0,198.98749923706052,,6.072559360081014,
2024-10-15,191.7400054931641,194.3999938964844,191.0,194.3999938964844,350055.0,198.3229995727539,,6.10360866177181,
2024-10-16,190.02999877929688,193.0,189.5500030517578,191.0,391721.0,197.570499420166,,6.154238540583921,
2024-10-17,186.97999572753903,192.8000030517578,186.5,190.5,527197.0,196.7614990234375,,6.437738104859606,
2024-10-18,188.1199951171875,189.9600067138672,183.72999572753903,186.0,527031.0,196.3494987487793,,6.722172543895394,
2024-10-21,182.7400054931641,188.1100006103516,181.8000030517578,188.0,501947.0,195.34199905395508,,7.184425830730664,
2024-10-22,176.6199951171875,185.1100006103516,175.7100067138672,182.8500061035156,1093111.0,193.7389991760254,,7.615506000425237,
2024-10-23,177.27999877929688,179.88999938964844,172.0,176.55999755859375,667696.0,192.3964988708496,,8.042002415871668,
2024-10-24,178.4199981689453,180.47000122070312,175.97999572753906,176.7899932861328,503684.0,191.16099853515624,,8.202719232227516,
2024-10-25,175.30999755859375,178.7899932861328,171.64999389648438,178.7899932861328,771895.0,189.91949844360352,,8.63960519114963,
2024-10-28,176.4600067138672,179.25,173.75,175.0,504992.0,188.8469985961914,,8.922229497283572,
2024-10-29,178.94000244140625,180.27999877929688,176.4600067138672,176.5,298960.0,187.6089988708496,,8.458572578370669,
2024-10-30,,,,,,,,,
2024-10-31,188.25999450683597,189.3500061035156,182.55999755859372,183.25,401358.0,,,,
2024-11-01,189.22999572753903,190.0,187.0200042724609,189.5,149084.0,,,,
2024-11-04,185.6100006103516,189.47999572753903,183.02999877929688,188.5,351829.0,,,,
2024-11-05,,,,,,,,,
2024-11-06,190.2400054931641,192.1100006103516,189.1000061035156,191.4199981689453,535134.0,,,,
2024-11-07,188.3600006103516,193.0,187.5,190.0,402300.0,,,,
2024-11-08,185.6499938964844,189.2899932861328,181.25,188.8000030517578,318519.0,,,,
2024-11-11,183.57000732421875,188.3999938964844,182.6999969482422,185.6499938964844,298502.0,,,,
2024-11-12,184.1000061035156,194.3500061035156,182.2100067138672,187.5,2493546.0,,,,
2024-11-13,176.44000244140625,183.3000030517578,175.2899932861328,182.6999969482422,721676.0,,,,
2024-11-14,179.9199981689453,182.0,177.14999389648438,177.35000610351562,527348.0,,,,
2024-11-18,181.7700042724609,182.92999267578125,178.32000732421875,179.0,360416.0,,,,
2024-11-19,182.4199981689453,184.7899932861328,181.5800018310547,181.9600067138672,317116.0,,,,
2024-11-21,180.58999633789065,181.6999969482422,178.27999877929688,180.9199981689453,485525.0,,,,
2024-11-22,178.49000549316406,182.0,176.30999755859375,180.6499938964844,508396.0,,,,
2024-11-25,177.55999755859375,183.27999877929688,176.5,180.0,661988.0,,,,
2024-11-26,176.82000732421875,179.99000549316406,176.0,177.99000549316406,585539.0,,,,
2024-11-27,177.82000732421875,179.39999389648438,177.02000427246094,177.35000610351562,484182.0,,,,
2024-11-28,177.30999755859375,181.6199951171875,176.22999572753906,178.35000610351562,644642.0,,,,
2024-11-29,176.92999267578125,178.89999389648438,175.00999450683594,177.85000610351562,549201.0,,,,
2024-12-02,178.00999450683594,179.8000030517578,176.1199951171875,177.07000732421875,456781.0,,,,
2024-12-03,179.8699951171875,184.3999938964844,178.19000244140625,178.19000244140625,855552.0,,,,
2024-12-04,181.50999450683597,182.6999969482422,180.0,180.6000061035156,465850.0,,,,
2024-12-05,180.08999633789062,182.5,180.0,181.6499938964844,213476.0,180.87350006103517,,3.900113187267769,
2024-12-06,181.1300048828125,183.3600006103516,179.61000061035156,180.88999938964844,352940.0,180.4180000305176,,3.2215682659713702,
2024-12-09,184.80999755859372,187.47999572753903,180.9499969482422,181.0,1046126.0,180.2404998779297,,2.835634921449464,
2024-12-10,186.6100006103516,187.8500061035156,184.0,185.5,567014.0,180.28850021362305,,2.9382909116314275,
2024-12-11,192.6000061035156,196.8999938964844,185.0,186.8000030517578,3314102.0,180.7400001525879,,3.9786625669306415,
2024-12-12,189.30999755859372,195.0,187.9499969482422,193.4499969482422,750759.0,181.0004997253418,,4.362298860445187,
2024-12-13,187.1999969482422,190.38999938964844,185.1499938964844,188.1000061035156,817115.0,181.5384994506836,,4.433189014097599,
2024-12-16,184.75,190.0,184.1000061035156,187.0,362778.0,181.77999954223637,,4.471770374450615,
2024-12-17,183.1100006103516,186.6999969482422,182.50999450683597,184.2100067138672,375832.0,181.84699935913085,,4.481640317544469,
2024-12-18,180.75999450683597,184.8999938964844,180.2100067138672,182.6999969482422,317956.0,181.76399917602535,,4.485839533499976,
2024-12-19,178.52000427246094,180.5399932861328,177.0,177.5,247846.0,181.6604995727539,,4.53792989553358,
2024-12-20,173.19000244140625,181.0,172.50999450683594,180.0,498045.0,181.395499420166,,4.875049982603646,
2024-12-23,171.5,176.0500030517578,170.5500030517578,174.89999389648438,366808.0,181.09249954223637,,5.29612465094533,
2024-12-24,170.77000427246094,173.88999938964844,170.35000610351562,171.1999969482422,279735.0,180.78999938964844,,5.709638121281671,
2024-12-26,169.83999633789062,171.9499969482422,169.60000610351562,170.88999938964844,210366.0,180.39099884033203,,6.186985777639509,
2024-12-27,177.3800048828125,183.8999938964844,170.6999969482422,171.22999572753906,7465730.0,180.39449920654295,,6.18517045633485,
2024-12-30,171.52999877929688,176.39999389648438,171.0,176.39999389648438,598638.0,180.12449951171874,,6.456285813161109,
2024-12-31,178.85000610351562,180.0,169.92999267578125,171.0,946498.0,180.16650009155276,,6.444527766705943,
2025-01-01,176.8000030517578,179.75,175.55999755859375,177.72000122070312,292144.0,180.01300048828125,,6.488374093375207,
2025-01-02,178.02999877929688,180.72000122070312,175.60000610351562,176.8000030517578,402838.0,179.8390007019043,,6.492776371959069,
2025-01-03,176.1300048828125,179.0,175.30999755859375,178.02999877929688,475181.0,179.6410011291504,,6.544890855387126,
2025-01-06,169.33999633789062,176.99000549316406,168.0,176.89999389648438,443164.0,179.0515007019043,,6.923718510827525,
2025-01-07,170.77000427246094,172.97999572753906,169.5,169.5,338423.0,178.34950103759766,,7.020220827292157,
2025-01-08,169.1199951171875,172.0,168.0500030517578,172.0,303926.0,177.47500076293946,,7.026414150793139,
2025-01-09,168.27000427246094,171.94000244140625,166.35000610351562,168.49000549316406,287793.0,176.2585006713867,,6.342870614166823,
